dt,0050_close,ma_gap,drawdown,exit_momentum,inst_0050_5d,foreign_0050_5d,margin_0050_balance_chg_5d,market_margin_balance_chg_5d,tdcc_0050_minority_chg_1w,tdcc_0050_major_chg_1w,foreign_shareholding_0050_ratio_chg_5d,short_0050_margin_balance_chg_5d,short_0050_sbl_balance_chg_5d,securities_lending_0050_volume_5d,day_trade_0050_volume_5d,dealer_tx_volume_5d,dealer_txo_volume_5d,tx_foreign_net_oi,tx_foreign_net_oi_chg_5d,txo_foreign_call_net_oi,txo_foreign_put_net_oi,txo_foreign_put_call_net_oi,txo_foreign_put_call_net_oi_chg_5d,smart_money_cost_20d,smart_money_cost_60d,smart_money_cost_gap_20d,smart_money_cost_gap_60d,smart_money_pressure_20d,smart_money_cost_risk,return_0050_1d,hist_var_0050_20d_5pct,realized_vol_0050_20d,realized_vol_0050_60d,realized_vol_ratio_20_60,tail_var_breach_risk,tail_vol_regime_risk,tail_risk_score,chip_inst_risk,chip_foreign_risk,chip_margin_risk,chip_market_margin_risk,chip_tdcc_risk,chip_foreign_shareholding_risk,chip_short_balance_risk,chip_securities_lending_risk,chip_day_trading_risk,chip_dealer_tx_risk,chip_dealer_txo_risk,chip_score,derivative_futures_foreign_risk,derivative_options_foreign_risk,derivative_score,total_risk_score,base_regime,execution_regime,portfolio_value
2025-01-02,48.51250076293945,0.02930920011918481,-0.025364153174019632,-0.021925357754779884,-12555645.0,-10142661.0,-23.0,73052.0,0.0,0.0,0.0,0.0,0.0,0.0,0.0,160912.0,1418812.0,-43256.0,0.0,-6023.0,-1223.0,4800.0,4800.0,49.303657025306784,48.93831277544157,-0.016046604047266544,-0.008700994953708241,49481689.0,0,-0.008684531025502928,-0.010530752929734783,0.13856942421573956,0.17658640779214393,0.7847117224268283,0,0,0,1,1,0,1,0,0,0,0,0,1,1,5,0,1,1,6,golden1,golden1,998462.367947736
2025-01-03,49.0,0.038251072795422836,-0.01557009547204069,-0.011349306431273631,-9632701.0,-10640087.0,-30.0,49515.0,0.0,0.0,0.0,0.0,0.0,0.0,0.0,288100.0,1960340.0,-39974.0,0.0,-4937.0,-1845.0,3092.0,3092.0,49.33298470311157,48.94451406263048,-0.0067497376271776766,0.0011336497753051678,41814393.0,0,0.010048940569828746,-0.010530752929734783,0.14206912779947664,0.1772787779934813,0.8013882395144931,0,0,0,1,1,0,1,0,0,0,0,0,1,1,5,0,1,1,6,golden1,golden1,1007591.3560133062
2025-01-06,50.537498474121094,0.06933905310166644,0.0,0.01633986978245683,-3371322.0,-11770388.0,100.0,65158.0,0.0,0.0,0.0,0.0,0.0,0.0,0.0,434602.0,3005882.0,-32862.0,0.0,636.0,-1544.0,-2180.0,-2180.0,49.60731983220506,49.13366239100178,0.018750834454720255,0.028571777775239005,49044653.0,0,0.03137751988002235,-0.010530752929734783,0.17975204458017893,0.18727121805309332,0.9598487501118157,0,0,0,1,1,0,0,0,0,0,0,0,0,0,2,0,0,0,2,golden1,golden1,1037693.0934742589
2025-01-07,51.099998474121094,0.0797361585863563,0.0,0.033366990611216396,4658927.0,-6678717.0,130.0,73871.0,0.0,0.0,0.0,0.0,0.0,0.0,0.0,557546.0,3837174.0,-30346.0,0.0,3403.0,-787.0,-4190.0,-4190.0,49.88678791966986,49.293172027653874,0.024319275805145146,0.03665470027884532,57507127.0,0,0.011130349086986291,-0.010530752929734783,0.18284239828733181,0.1856537061704142,0.9848572487936122,0,0,0,0,1,0,0,0,0,0,0,0,0,0,1,0,0,0,1,golden1,golden1,1047109.4833730618
2025-01-08,50.337501525878906,0.062342405689499,-0.01492166283778551,0.028607949443247183,3888198.0,-7155170.0,123.0,2980.0,0.0,0.0,0.0,0.0,0.0,0.0,0.0,708726.0,5240686.0,-37452.0,0.0,319.0,627.0,308.0,308.0,49.89593487012594,49.32176885325735,0.008849752127148669,0.020594003342490952,57084966.0,0,-0.01492166283778551,-0.013759840205562607,0.19003669355345507,0.18853481576544123,1.0079660501001702,1,0,1,0,1,0,0,0,0,0,0,0,0,0,1,0,1,1,2,golden1,golden1,1032881.037035086
2025-01-09,49.76250076293945,0.049194339165173906,-0.026174124288066203,0.025766554606373226,10102704.0,-3032042.0,174.0,-97174.0,0.0,0.0,-0.6400000000000006,-85000.0,-952000.0,0.0,0.0,666558.0,4424858.0,-41000.0,2256.0,-623.0,4536.0,5159.0,359.0,49.895946585738294,49.33904258095322,-0.002674482236137865,0.008582618547805065,57084586.0,0,-0.011422910265894703,-0.013759840205562607,0.19223426320037837,0.18525279521147478,1.037686168140858,0,0,0,0,1,0,0,0,1,0,0,0,0,0,2,0,1,1,3,golden1,golden1,1019903.2675148034
2025-01-10,49.75,0.04784546362622466,-0.026418757620996436,0.015306122448979664,6436263.0,-3573016.0,271.0,-133941.0,0.0,0.0,-0.27000000000000046,-135000.0,-850000.0,0.0,0.0,669662.0,4442960.0,-41948.0,-1974.0,82.0,5962.0,5880.0,2788.0,49.92767733408045,49.339042782737906,-0.0035586941665953775,0.008329249901983804,55496011.0,0,-0.0002512084953086857,-0.013759840205562607,0.1886119151471696,0.18159246872432214,1.03865494242222,0,0,0,0,1,0,0,0,1,0,0,0,0,0,2,1,1,2,4,golden1,golden1,1018726.9064892759
2025-01-13,48.599998474121094,0.02303132699764454,-0.04892368052155793,-0.03833786907739689,-18105819.0,-14025657.0,273.0,-316523.0,0.0,0.0,-0.7699999999999996,-211000.0,1368000.0,0.0,0.0,670706.0,4588004.0,-43359.0,-10497.0,872.0,5509.0,4637.0,6817.0,49.934637984372735,49.344658829050296,-0.026727729770852138,-0.015091002199630221,55147866.0,0,-0.023115608560379974,-0.015331360123915233,0.20721137268830683,0.18795074277767634,1.1024770087416655,1,0,1,1,1,1,0,0,1,1,0,0,1,1,7,1,1,2,9,golden1,golden1,994900.7857915729
2025-01-14,48.900001525878906,0.028699481149734085,-0.04305277913768135,-0.04305277913768135,-29665832.0,-23768184.0,287.0,-368391.0,0.0,0.0,-0.9900000000000002,-179000.0,1326000.0,0.0,0.0,869664.0,4608722.0,-42434.0,-12088.0,1831.0,5619.0,3788.0,7978.0,49.953858241456196,49.29252891163202,-0.021096602998779024,-0.007963222711839468,54006717.0,0,0.006172902493352117,-0.015331360123915233,0.2079057916298148,0.18126162486692415,1.1469928716707236,0,0,0,1,1,1,0,0,1,1,0,0,1,1,7,1,1,2,9,golden1,golden1,1001629.1371508711
2025-01-15,48.525001525878906,0.020255328678288498,-0.05039133121591499,-0.036006951975321555,-26664711.0,-22238537.0,339.0,-353374.0,0.0,0.0,-0.7199999999999998,-166000.0,3040000.0,0.0,0.0,940738.0,4552358.0,-39417.0,-1965.0,1335.0,7614.0,6279.0,5971.0,49.9925279410652,49.276403941977264,-0.029354915136844406,-0.015248726692457693,51096052.0,0,-0.007668711417146756,-0.015331360123915233,0.20865288993881492,0.18191597148882777,1.1469740025087858,0,0,0,1,1,1,0,0,1,1,0,0,1,1,7,1,1,2,9,golden1,golden1,993633.9904818768
2025-01-16,49.51250076293945,0.04012941784099766,-0.031066492340222074,-0.005023863273892926,-21962227.0,-24435708.0,370.0,-321690.0,0.0,0.0,-0.8199999999999994,-126000.0,4261000.0,0.0,0.0,969350.0,4449358.0,-36211.0,4789.0,613.0,7083.0,6470.0,1311.0,49.982388921596176,49.278605928100156,-0.009401074434313261,0.004746376859372958,52198587.0,0,0.020350318516402455,-0.015331360123915233,0.22163912313467896,0.18658904568471812,1.1878463835930937,0,0,0,1,1,1,0,0,1,1,0,0,1,1,7,0,1,1,8,golden1,golden1,1013707.1406321276
2025-01-17,49.07500076293945,0.030102839002014825,-0.039628136431494654,-0.013567823860513473,-22980265.0,-25418587.0,168.0,-274374.0,0.0,0.0,-0.9799999999999995,-60000.0,2071000.0,0.0,0.0,971466.0,4593584.0,-31863.0,10085.0,1969.0,7215.0,5246.0,-634.0,49.98239162289729,49.278605928100156,-0.018154210522854486,-0.004131715200258901,52198485.0,0,-0.00883615235058921,-0.015331360123915233,0.218201735996149,0.18699112460126807,1.1669095870803126,0,0,0,1,1,1,0,0,1,1,0,0,1,1,7,0,0,0,7,golden1,golden1,1017917.780186828
2025-01-20,49.57500076293945,0.03965146924977492,-0.029843400327183134,0.02006177611996307,-6371508.0,-16270102.0,4.0,-130708.0,0.0,0.0,-0.6200000000000001,23000.0,-945000.0,0.0,0.0,915388.0,3867764.0,-34721.0,8638.0,942.0,6403.0,5461.0,824.0,49.971643550013006,49.282111540710595,-0.007937357246947108,0.005943114308057051,53613313.0,0,0.010188486851284706,-0.015331360123915233,0.21749462531982972,0.18766185277276293,1.158970894224256,0,0,0,1,1,0,0,0,1,0,0,0,0,0,3,0,1,1,4,golden1,golden1,1028265.5241459664
2025-01-21,49.67499923706055,0.0407963701385341,-0.02788648296696561,0.015848623456003352,-5982500.0,-12193696.0,-73.0,-139275.0,0.0,0.0,-0.33999999999999986,46000.0,-1306000.0,0.0,0.0,704158.0,3666746.0,-33695.0,8739.0,-1275.0,6346.0,7621.0,3833.0,50.14637293273664,49.305462591635894,-0.00939995593117704,0.007494841869455149,42379202.0,0,0.002017114928535735,-0.015331360123915233,0.200526165318204,0.1869834705043916,1.0724272299432709,0,0,0,1,1,0,0,0,1,0,0,0,0,0,3,0,1,1,4,golden1,golden1,1029943.1274907794
2025-01-22,50.32500076293945,0.053264976183447166,-0.015166296170715743,0.037094264409256894,983516.0,-6479976.0,-79.0,-183392.0,0.0,0.0,0.08000000000000007,59000.0,-4147000.0,0.0,0.0,2721268.0,3497936.0,-32126.0,7291.0,490.0,4190.0,3700.0,-2579.0,50.33412812107874,49.403905928073236,-0.00018133537780440356,0.018644170284981776,44315189.0,0,0.013085083761691596,-0.015331360123915233,0.20539612798862394,0.18876317124456582,1.0881154763103025,0,0,0,0,1,0,0,0,0,0,0,0,0,0,1,0,0,0,1,golden1,golden1,1043403.9452145761
2025-02-03,48.17499923706055,0.0077555667651934,-0.05724069127990039,-0.027013410861283726,-56222855.0,-23199326.0,214.0,-170208.0,0.0,0.0,1.1499999999999995,121000.0,-1049000.0,1416.0,0.0,2747200.0,4085276.0,-36490.0,-279.0,-2294.0,3015.0,5309.0,-1161.0,50.41173255064441,49.403902265183824,-0.04436930056583166,-0.02487461459070439,40077903.0,0,-0.0427223346902007,-0.02409594486687101,0.25699430160853676,0.2029399173669321,1.2663565893932531,1,1,2,1,1,1,0,0,0,1,1,0,1,1,7,1,0,1,8,golden1,golden1,998261.0826197818
2025-02-04,48.462501525878906,0.013062444570012044,-0.05161442322895393,-0.012480880846426734,-63238419.0,-27676590.0,255.0,-163316.0,0.0,0.0,0.71,86000.0,2219000.0,1456.0,0.0,2733940.0,4047682.0,-34065.0,-2202.0,-2632.0,2402.0,5034.0,-212.0,50.41173255064441,49.58933485385092,-0.038666217686672,-0.022723299904969574,40077903.0,0,0.005967873240715793,-0.02409594486687101,0.2582988906649438,0.20326810907242357,1.2707300316003483,0,1,1,1,1,1,0,0,0,1,1,0,1,1,7,1,0,1,8,golden1,golden1,1002839.7194587386
2025-02-05,49.20000076293945,0.027649420473217612,-0.037181952405416774,-0.0075642964040121274,-65666305.0,-28682137.0,252.0,-127386.0,0.0,0.0,1.0099999999999998,137000.0,3407000.0,1456.0,0.0,2761472.0,4767418.0,-31808.0,2913.0,-3670.0,2961.0,6631.0,1170.0,50.51107930143815,49.58933620462301,-0.02595625665954382,-0.00785119284672453,35012763.0,0,0.015217935802730453,-0.02409594486687101,0.2643253568329601,0.20500711746871192,1.2893472192413091,0,1,1,1,1,1,0,0,0,1,1,0,1,1,7,0,1,1,8,golden1,golden1,1019738.0315749068
2025-02-06,49.412498474121094,0.03118328212962096,-0.0330234843520516,-0.005284363703494721,-63896944.0,-29445284.0,184.0,-110302.0,0.0,0.0,0.8500000000000005,128000.0,5128000.0,1456.0,0.0,2730584.0,4446160.0,-30996.0,2699.0,-4403.0,3006.0,7409.0,-212.0,50.51107969540952,49.612305700273694,-0.021749311792839565,-0.00402737230879191,35012750.0,0,0.00431905910338326,-0.02409594486687101,0.2641009640226308,0.2035718974275102,1.2973350809223279,0,1,1,1,1,1,0,0,0,1,1,0,1,1,7,0,0,0,7,golden1,golden1,1023462.9621341766
2025-02-07,49.63750076293945,0.03487997575569013,-0.028620308314144083,-0.013661201978685145,-69783779.0,-35664157.0,32.0,-27392.0,0.0,0.0,0.5599999999999996,110000.0,7394000.0,1456.0,0.0,569456.0,3650606.0,-29862.0,2264.0,-3596.0,3108.0,6704.0,3004.0,50.49371372488138,49.61248071822023,-0.01695682291477041,0.0005043094873913301,35722908.0,0,0.0045535501293503255,-0.02409594486687101,0.2615621444533214,0.20364181779839963,1.2844225576117252,0,1,1,1,1,1,0,0,0,1,1,0,0,0,5,0,1,1,6,golden1,golden1,1029686.7431238184
2025-02-10,49.07500076293945,0.021818411812712712,-0.039628136431494654,0.018681920916078454,-16504976.0,-16705597.0,-303.0,41287.0,0.0,0.0,-0.5099999999999998,44000.0,2554000.0,40.0,0.0,505678.0,3133906.0,-30961.0,5529.0,-1446.0,3674.0,5120.0,-189.0,50.493713288023386,49.61248066039026,-0.028096815082531035,-0.010833562246765904,35722919.0,0,-0.011332157972384738,-0.02409594486687101,0.26300575369966583,0.20445157341488454,1.2863963299805958,0,0,0,1,1,0,0,0,1,0,0,0,0,0,3,0,0,0,3,golden1,golden1,1019152.6423198611
2025-02-11,49.375,0.02671805979922115,-0.03375730969923019,0.018828959409654455,-5630688.0,-9653774.0,-259.0,47067.0,0.0,0.0,0.3200000000000003,69000.0,1926000.0,0.0,0.0,485856.0,3149190.0,-31339.0,2726.0,-297.0,5829.0,6126.0,1092.0,50.532520878266304,49.611734527497454,-0.022906454262489495,-0.004771744623567664,34897164.0,0,0.006113076564373765,-0.02409594486687101,0.26151859148203843,0.2034664652409705,1.2853154507417983,0,0,0,1,1,0,0,0,0,0,0,0,0,0,2,0,1,1,3,golden1,golden1,1024569.2489619914
2025-02-12,49.29999923706055,0.023963425621229772,-0.03522503504519936,0.00203248927988664,-3455438.0,-7819052.0,-214.0,44156.0,0.0,0.0,0.41000000000000014,21000.0,431000.0,0.0,0.0,470986.0,3183976.0,-31214.0,594.0,-213.0,7783.0,7996.0,1365.0,50.45846207551201,49.605223792340084,-0.022958742514145647,-0.006153072840821783,26236100.0,0,-0.0015190027937104222,-0.02409594486687101,0.23471837350123564,0.20284433134430302,1.1571354838742345,0,0,0,1,1,0,0,0,0,0,0,0,0,0,2,0,1,1,3,golden1,golden1,1023161.8762628788
2025-02-13,49.087501525878906,0.018265010532396708,-0.03938350309856442,-0.006577221518405896,-9635228.0,-12607617.0,-140.0,90926.0,0.0,0.0,0.0,-9000.0,235000.0,120.0,0.0,489914.0,3266964.0,-31464.0,-468.0,580.0,7498.0,6918.0,-491.0,50.05688176253552,49.605223792340084,-0.019365573773757028,-0.010436849728336917,16135695.0,0,-0.004310298467954055,-0.02409594486687101,0.23037702606558252,0.20302594084848646,1.1347171947722066,0,0,0,1,1,0,1,0,0,1,1,0,0,0,5,1,0,1,6,golden1,golden1,1021992.3049003058
2025-02-14,48.5,0.004949632946269045,-0.05088059788177546,-0.022916157047712216,-26260801.0,-24803029.0,176.0,77023.0,0.0,0.0,-0.25,-3000.0,839000.0,120.0,0.0,510390.0,3420982.0,-35307.0,-5445.0,743.0,8874.0,8131.0,1427.0,50.05685983672731,49.60522138214535,-0.031101827837491047,-0.02228034370880083,16135901.0,0,-0.011968454445968835,-0.02409594486687101,0.22839401419642086,0.1975682240243323,1.1560260528954904,0,0,0,1,1,1,1,0,1,1,1,0,0,0,7,1,1,2,9,golden1,golden1,1010421.33938075
2025-02-17,49.23749923706055,0.018906267609589245,-0.0364481270582383,0.003311227133873107,-22359066.0,-23593973.0,48.0,86340.0,0.0,0.0,-0.07000000000000028,47000.0,1659000.0,120.0,0.0,640230.0,3534582.0,-29484.0,1477.0,3601.0,8490.0,4889.0,-231.0,50.00560819302784,49.60140698255403,-0.015360456231275021,-0.007336641592071813,17212545.0,0,0.015206169836299965,-0.02409594486687101,0.23296270100899796,0.19948939024113735,1.1677949425149827,0,0,0,1,1,0,0,0,1,0,0,0,0,0,3,0,0,0,3,golden1,golden1,1025914.2700591946
2025-02-18,49.412498474121094,0.021505064842053834,-0.0330234843520516,0.0007594627670095555,-25506358.0,-25884537.0,95.0,111195.0,0.0,0.0,-0.47000000000000064,-23000.0,1360000.0,439.0,0.0,716446.0,3445990.0,-28912.0,2427.0,4597.0,8681.0,4084.0,-2042.0,50.005609070918375,49.601406966173826,-0.011860881365450937,-0.003808530918922526,17212474.0,0,0.0035541861339867253,-0.02409594486687101,0.23339191799768091,0.19859345057631436,1.1752246477433272,0,0,0,1,1,0,0,0,1,0,0,0,0,0,3,0,0,0,3,golden1,golden1,1029978.9011317436
2025-02-19,49.32500076293945,0.01870115632309899,-0.034735768379338894,0.0005071303502193203,-30739621.0,-28641445.0,42.0,100804.0,0.0,0.0,-0.8899999999999997,-36000.0,2726000.0,439.0,0.0,737072.0,3516134.0,-24751.0,6463.0,2537.0,7033.0,4496.0,-3500.0,50.00561862547501,49.601406966173826,-0.013610827767838507,-0.005572547638071468,17212357.0,0,-0.0017707607160861727,-0.013506148458180427,0.21738936964211558,0.1981986743102051,1.0968255483983445,0,0,0,1,1,0,0,0,1,0,0,0,0,0,3,0,0,0,3,golden1,golden1,1027989.1410121529
2025-02-20,49.13750076293945,0.013896926201661497,-0.038405044418455714,0.0010185736797825307,-30654616.0,-30416012.0,160.0,79215.0,0.0,0.0,-0.6400000000000006,-70000.0,3799000.0,319.0,0.0,756990.0,3586968.0,-24533.0,6931.0,4880.0,7065.0,2185.0,-4733.0,50.00561736266455,49.60140757688068,-0.01736038160331277,-0.009352694542431816,17212399.0,0,-0.0038013177313699353,-0.013506148458180427,0.2170213469070856,0.19609090413354255,1.1067384683957036,0,0,0,1,1,0,0,0,1,0,0,0,0,0,3,0,0,0,3,golden1,golden1,1024279.0195494387
2025-02-21,49.48749923706055,0.02006109809192691,-0.03155575900608243,0.02036080901155768,-17564293.0,-19359928.0,-165.0,90427.0,0.0,0.0,0.3799999999999999,-62000.0,2251000.0,319.0,0.0,768694.0,3575834.0,-25255.0,10052.0,6619.0,6758.0,139.0,-7992.0,50.00562372819459,49.6014079178895,-0.010361324437233477,-0.002296480797833844,17212325.0,0,0.007122838335015036,-0.013506148458180427,0.21613825373686663,0.19467982562426517,1.1102242003956615,0,0,0,1,1,0,0,0,0,0,0,0,0,0,2,0,0,0,2,golden1,golden1,1032536.0728858847
2025-02-24,49.04999923706055,0.0102076099517594,-0.04011740309735512,-0.003808073174010218,-28461977.0,-25197399.0,93.0,66129.0,0.0,0.0,0.33000000000000007,-123000.0,3231000.0,319.0,0.0,628124.0,3377996.0,-31679.0,-2195.0,7524.0,8442.0,918.0,-3971.0,50.039364287993244,49.60140715820323,-0.019771735013230263,-0.011116779799895005,16109915.0,0,-0.008840616453545946,-0.013506148458180427,0.20621448305862716,0.19539951172540226,1.0553479956921454,0,0,0,1,1,1,1,0,0,1,1,0,0,0,6,1,0,1,7,golden1,golden1,1024078.0024270418
2025-02-25,48.412498474121094,-0.0034966720403633023,-0.052592956560674864,-0.020237794705396883,-52149776.0,-43850791.0,372.0,10740.0,0.0,0.0,0.5800000000000001,-62000.0,1217000.0,0.0,0.0,574016.0,3596274.0,-35332.0,-6420.0,8829.0,9425.0,596.0,-3488.0,50.03933399294478,49.60140756067772,-0.03251113452175569,-0.023969261055792113,16110215.0,0,-0.012996957652504526,-0.014483226504389334,0.20898564845282602,0.19595062562642024,1.0665219760576679,0,0,0,1,1,1,1,0,0,1,0,0,0,0,5,1,0,1,6,group_a_plus_defensive,group_a_plus_defensive,1010723.9477484807
2025-02-26,48.67499923706055,0.0013165567000852363,-0.04745595517558876,-0.013177932403952153,-58051814.0,-53835744.0,518.0,11749.0,0.0,0.0,0.15999999999999925,-57000.0,357000.0,0.0,0.0,569718.0,3591218.0,-35013.0,-10262.0,6191.0,11383.0,5192.0,696.0,50.08403377523265,49.626283887812754,-0.028133407634368557,-0.01916896805940016,14695371.0,0,0.005422169299520219,-0.014483226504389334,0.20639223322493874,0.1921753285737245,1.0739788231753182,0,0,0,1,1,1,1,0,0,1,0,0,0,0,5,1,1,2,7,group_a_plus_defensive,group_a_plus_defensive,1014913.7546441813
2025-02-27,48.125,-0.010379450812572077,-0.0582191499600091,-0.02060545911409284,-65477511.0,-58902221.0,524.0,-41134.0,0.0,0.0,0.6600000000000001,10000.0,1119000.0,0.0,0.0,590828.0,3719650.0,-36719.0,-12186.0,4348.0,9878.0,5530.0,3345.0,50.08401751159858,49.62628209042777,-0.03911462396451937,-0.030251754255782748,14695493.0,0,-0.01129941953120328,-0.014483226504389334,0.209344068466391,0.19346931263780406,1.0820530946853895,0,0,0,1,1,1,0,0,0,1,0,0,0,0,4,1,1,2,6,group_a_plus_defensive,group_a_plus_defensive,1006053.184320288
2025-03-03,47.01250076293945,-0.03327128736735818,-0.07999017286178,-0.05001259938929381,-113255426.0,-91467619.0,1001.0,-83006.0,0.0,0.0,-1.2799999999999998,-46000.0,6247000.0,0.0,0.0,638390.0,3985774.0,-46555.0,-21300.0,3293.0,5899.0,2606.0,2467.0,49.353374363845575,49.626273753721485,-0.0474308723786262,-0.05266913658989003,3646072.0,0,-0.02311686726359574,-0.02409714063492599,0.21524909480323523,0.1974626603745881,1.090074925532281,0,0,0,1,1,1,0,0,1,1,0,0,0,0,5,1,1,2,7,group_a_plus_defensive,group_a_plus_defensive,988343.0945007289
2025-03-04,46.70000076293945,-0.039573861594680126,-0.0861056329269747,-0.04791026525328701,-126741737.0,-99827292.0,1067.0,-110504.0,0.0,0.0,-0.22999999999999954,-21000.0,5879000.0,516.0,0.0,713184.0,4598274.0,-44023.0,-12344.0,3893.0,7158.0,3265.0,2347.0,49.3533307740374,49.62626760839702,-0.05376192385567924,-0.0589660876483572,3645939.0,0,-0.006647168198428366,-0.013502953133059086,0.15816070778542338,0.19566603238340843,0.8083196958555728,0,0,0,1,1,1,0,0,1,1,1,0,0,1,7,1,1,2,9,group_a_plus_defensive,group_a_plus_defensive,983380.0937851358
2025-03-05,47.3125,-0.02699479165914853,-0.07411934612951543,-0.02272137379377559,-105840592.0,-82913362.0,674.0,-56727.0,0.0,0.0,-0.3799999999999999,27000.0,7011000.0,516.0,0.0,729968.0,5209970.0,-40914.0,-5582.0,2431.0,6658.0,4227.0,3631.0,49.3533307740374,49.62626821144174,-0.041351429417829544,-0.046623860605103484,3645939.0,0,0.013115615140345316,-0.013502953133059086,0.16454687883233243,0.19745242597408474,0.8333494917602526,0,0,0,1,1,1,0,0,1,1,1,0,0,1,7,1,1,2,9,group_a_plus_defensive,group_a_plus_defensive,993422.0576789584
2025-03-06,47.025001525878906,-0.03311364361997904,-0.07974553952884977,-0.03389825859360984,-107766430.0,-80780262.0,640.0,-56517.0,0.0,0.0,0.17000000000000082,17000.0,10077000.0,516.0,0.0,724866.0,4314928.0,-40485.0,-5472.0,1708.0,6825.0,5117.0,-75.0,49.35329628966527,49.626268959136524,-0.047176074119165134,-0.05241714696302402,3645993.0,0,-0.006076585978781357,-0.013502953133059086,0.1534410675264761,0.1978295644160553,0.7756225313410399,0,0,0,1,1,1,0,0,0,1,1,0,0,0,5,1,0,1,6,group_a_plus_defensive,group_a_plus_defensive,988583.5482641549
2025-03-07,46.587501525878906,-0.04224451649319927,-0.08830718362012246,-0.03194802024147725,-107184781.0,-78803053.0,647.0,4240.0,0.0,0.0,-0.5099999999999998,28000.0,-2046000.0,516.0,0.0,696378.0,4114254.0,-40458.0,-3739.0,2694.0,9074.0,6380.0,850.0,49.353206779559265,49.6625293893657,-0.056039018214837366,-0.06191847055106414,3646111.0,0,-0.00930356163325663,-0.013502953133059086,0.15336808978616281,0.1925073718717957,0.7966868400670988,0,0,0,1,1,1,1,0,1,1,1,0,0,0,7,1,1,2,9,group_a_plus_defensive,group_a_plus_defensive,981320.7795419442
2025-03-10,46.3125,-0.04797878826795099,-0.09368881833813869,-0.014889672992917546,-70506186.0,-55470012.0,314.0,78941.0,0.0,0.0,1.0400000000000005,72000.0,-5210000.0,516.0,0.0,671658.0,3952962.0,-42626.0,3929.0,3673.0,9337.0,5664.0,3058.0,49.28439452011327,49.72322310906498,-0.060300923833008,-0.06859416779125038,2935973.0,0,-0.005902903501406875,-0.013502953133059086,0.1511074809427384,0.19060138833951093,0.7927931808847921,0,0,0,1,1,1,1,0,0,1,1,0,0,0,6,0,1,1,7,group_a_plus_defensive,group_a_plus_defensive,977184.0127657065
2025-03-11,45.5,-0.06438520876548326,-0.10958901450764502,-0.025695947394753782,-72561497.0,-54220838.0,220.0,51216.0,0.0,0.0,-0.28000000000000025,-2000.0,-3234000.0,0.0,0.0,678244.0,3934860.0,-45697.0,-1674.0,4263.0,9664.0,5401.0,2136.0,49.28424707778172,49.785333499434124,-0.07678411058627554,-0.08607622362282319,2936077.0,0,-0.01754385964912286,-0.017822510029846507,0.15691957987097274,0.19315716156875223,0.8123932791128684,0,0,0,1,1,1,1,0,1,0,0,0,0,0,5,1,1,2,7,group_a_plus_defensive,group_a_plus_defensive,963546.366209228
2025-03-12,45.70000076293945,-0.06005757672736278,-0.10567510513559797,-0.034081886120170046,-72138149.0,-53708763.0,344.0,55140.0,0.0,0.0,0.040000000000000036,-43000.0,-1877000.0,0.0,0.0,680392.0,4135478.0,-43409.0,-2495.0,3578.0,7612.0,4034.0,-193.0,49.27303490086961,49.858714094613774,-0.07251500024544044,-0.0834099596668817,2613872.0,0,0.0043956211635045594,-0.017822510029846507,0.1556039018077947,0.1930274033579234,0.8061233747172379,0,0,0,1,1,1,1,0,0,0,0,0,0,0,4,1,0,1,5,group_a_plus_defensive,group_a_plus_defensive,967037.2340275436
2025-03-13,45.275001525878906,-0.06842040175685593,-0.11399211589394032,-0.03721424653302641,-60608306.0,-44733982.0,289.0,29836.0,0.0,0.0,0.5499999999999998,-53000.0,-5662000.0,0.0,0.0,725108.0,4520818.0,-41732.0,-1247.0,4649.0,10576.0,5927.0,810.0,49.234650132282965,49.89449740232972,-0.08042402242659041,-0.09258527727418531,1078597.0,0,-0.00929976433184665,-0.017822510029846507,0.1565301679787458,0.1936792391311462,0.8081928072463894,0,0,0,1,1,1,1,0,0,0,0,0,0,1,5,1,1,2,7,group_a_plus_defensive,group_a_plus_defensive,960077.9382019998
2025-03-14,45.125,-0.07095007929328623,-0.11692756658587866,-0.031392572642396366,-51826595.0,-39001509.0,150.0,-41838.0,0.0,0.0,1.13,-85000.0,2848000.0,0.0,0.0,772062.0,4637898.0,-41877.0,-1419.0,5298.0,11580.0,6282.0,-98.0,49.234650132282965,49.914105234251316,-0.08347068824986503,-0.09594693146908317,1078597.0,0,-0.0033131202832354933,-0.017822510029846507,0.15656112811477754,0.19365469382811953,0.808455116785009,0,0,0,1,1,1,0,0,0,1,0,0,1,1,6,1,0,1,7,group_a_plus_defensive,group_a_plus_defensive,958136.0277979712
2025-03-17,45.51250076293945,-0.06247745741059518,-0.10934438117471479,-0.01727393764233298,-42978248.0,-33480499.0,326.0,-62050.0,0.0,0.0,1.7299999999999995,-95000.0,4081000.0,0.0,0.0,891546.0,4715154.0,-39562.0,3064.0,8251.0,14079.0,5828.0,164.0,49.2340469486118,49.92127505884073,-0.0755888742917421,-0.0883145370526851,1078592.0,0,0.008587274524973987,-0.017822510029846507,0.1599186666286775,0.19430924573757258,0.8230111028512673,0,0,0,1,1,1,0,0,0,1,0,0,1,1,6,0,1,1,7,group_a_plus_defensive,group_a_plus_defensive,964457.8655127757
2025-03-18,45.70000076293945,-0.057955318452650895,-0.10567510513559797,0.0043956211635045594,-21173947.0,-23012310.0,-26.0,-48838.0,0.0,0.0,2.01,-66000.0,-6450000.0,0.0,0.0,964128.0,4349784.0,-39200.0,6497.0,7885.0,15169.0,7284.0,1883.0,47.30416034686603,49.921284236658245,-0.03391159619288864,-0.08455879167104874,1926.0,0,0.004119747253103601,-0.017822510029846507,0.14741652391321214,0.19391925663674991,0.7601953847696167,0,0,0,1,1,0,0,0,0,0,0,0,0,0,2,0,1,1,3,group_a_plus_defensive,group_a_plus_defensive,967540.5335810545
2025-03-19,45.13750076293945,-0.06895314724676971,-0.11668293325294843,-0.012308533711363978,-25909366.0,-25135551.0,61.0,-88866.0,0.0,0.0,1.4000000000000004,-76000.0,-7677000.0,0.0,0.0,1043608.0,4206156.0,-36396.0,7013.0,5409.0,9283.0,3874.0,-160.0,47.182264056333096,49.946049462450425,-0.04333754079609886,-0.09627485559445603,2022.0,0,-0.012308533711363978,-0.017822510029846507,0.14784524337044908,0.1935493942978235,0.7638631157013733,0,0,0,1,1,1,0,0,0,0,0,0,1,0,4,0,0,0,4,group_a_plus_defensive,group_a_plus_defensive,958753.9452276593
2025-03-20,46.11249923706055,-0.04840766952379327,-0.09760272771018574,0.018498016188976507,-23650680.0,-24559352.0,-163.0,-49225.0,0.0,0.0,0.46999999999999975,-56000.0,-15594000.0,0.0,0.0,1044584.0,3968154.0,-33162.0,8570.0,7893.0,9857.0,1964.0,-3963.0,46.11364268227755,49.85374496024122,-2.4796245763569758e-05,-0.07504442697663638,1891708.0,0,0.021600630465602233,-0.017822510029846507,0.17440134016627853,0.1990935956269626,0.8759766461451155,0,0,0,1,1,0,0,0,0,0,0,0,0,0,2,0,0,0,2,group_a_plus_defensive,group_a_plus_defensive,974028.7161124859
2025-03-21,45.73749923706055,-0.05540799567728982,-0.10494127978841938,0.013573390294970622,-17037489.0,-18994944.0,-128.0,-20291.0,0.0,0.0,0.17999999999999972,-48000.0,-14980000.0,0.0,0.0,1012036.0,3932072.0,-35588.0,6289.0,6626.0,11029.0,4403.0,-1879.0,46.113468878412284,49.86667896245926,-0.00815314159824021,-0.0828043858406382,1891642.0,0,-0.008132285306683418,-0.017822510029846507,0.17524059002569767,0.19936663233195112,0.8789865584623865,0,0,0,1,1,0,0,0,0,0,0,0,0,0,2,0,0,0,2,group_a_plus_defensive,group_a_plus_defensive,967653.7502872476
2025-03-24,45.6875,-0.055694642566826436,-0.1059197384685282,0.0038450806729355413,-16105633.0,-17463646.0,-345.0,-42532.0,0.0,0.0,-0.9900000000000002,-28000.0,-19088000.0,0.0,0.0,879840.0,3952032.0,-36061.0,3501.0,6057.0,11327.0,5270.0,-558.0,46.1134679776753,49.89121174464024,-0.009237387608356018,-0.08425755955089298,1891646.0,0,-0.0010931781993894774,-0.017822510029846507,0.170997370720147,0.19895052392530127,0.8594969610854121,0,0,0,1,1,0,0,0,1,0,0,0,0,0,3,0,0,0,3,group_a_plus_defensive,group_a_plus_defensive,966461.2970899935
2025-03-25,46.162498474121094,-0.04525292735912978,-0.09662426903007704,0.010120299856902992,-12340042.0,-13978363.0,-209.0,-38465.0,0.0,0.0,-0.6799999999999997,28000.0,-12446000.0,0.0,0.0,735536.0,4090470.0,-31880.0,7320.0,8115.0,11106.0,2991.0,-4293.0,46.11810965546965,49.880235998333895,0.0009625029946598307,-0.07453327855820446,2098755.0,0,0.010396683428095077,-0.017822510029846507,0.17719489119319304,0.20035028612985045,0.8844254461326299,0,0,0,1,1,0,0,0,1,0,0,0,0,0,3,0,0,0,3,group_a_plus_defensive,group_a_plus_defensive,973837.1857283292
2025-03-26,46.125,-0.04546089780209839,-0.09735809437725551,0.02187757896137965,-5822329.0,-10310335.0,-298.0,-55936.0,0.0,0.0,-0.3100000000000005,42000.0,-12035000.0,527.0,0.0,645478.0,3915544.0,-33016.0,3380.0,7215.0,9016.0,1801.0,-2073.0,46.11778173031097,49.880236519634806,0.00015651814589090485,-0.07528505840497768,2098480.0,0,-0.0008123146571478168,-0.017822510029846507,0.17328527915904482,0.19859690028692364,0.8725477533067749,0,0,0,1,1,0,0,0,1,0,0,0,0,0,3,0,0,0,3,group_a_plus_defensive,group_a_plus_defensive,973556.2406337201
2025-03-27,45.25,-0.0628996293781724,-0.11448138255980078,-0.018704239660195188,-21947036.0,-21264739.0,80.0,-85168.0,0.0,0.0,-0.2400000000000002,33000.0,-2889000.0,569.0,0.0,593560.0,3867172.0,-36414.0,-3252.0,6613.0,9687.0,3074.0,1110.0,46.117610401620794,49.88022888203547,-0.01881299560114036,-0.09282693736201075,2098547.0,0,-0.01897018970189701,-0.019177523579981946,0.18024670229384818,0.201343157770864,0.8952213936118735,0,0,0,1,1,1,0,0,1,1,1,0,0,0,6,1,1,2,8,group_a_plus_defensive,group_a_plus_defensive,959492.1102416425
2025-03-28,44.79999923706055,-0.07139194613967637,-0.1232876599840037,-0.020497404004116482,-39936022.0,-29490576.0,132.0,-133933.0,0.0,0.0,-0.5499999999999998,63000.0,-410000.0,569.0,0.0,590630.0,4208532.0,-36697.0,-1109.0,6869.0,11217.0,4348.0,-55.0,46.11744974633569,49.9880069765174,-0.02856728887919091,-0.10378504871966576,2098495.0,0,-0.00994476824175583,-0.019177523579981946,0.17954000751091045,0.19522008866558466,0.919679981389956,0,0,0,1,1,1,0,0,1,1,1,0,0,0,6,1,0,1,7,group_a_plus_defensive,group_a_plus_defensive,950835.6604953494
2025-03-31,43.1875,-0.10373345210400287,-0.15484341899008613,-0.05471956224350205,-66398954.0,-46215020.0,393.0,-366435.0,0.0,0.0,-0.7999999999999998,104000.0,4334000.0,569.0,0.0,632256.0,4504626.0,-29313.0,6748.0,7960.0,13697.0,5737.0,467.0,46.11691291194676,50.08591933592745,-0.06352144423760608,-0.1377317103767146,2098386.0,0,-0.035993287154492126,-0.019821344574526764,0.20253364076959218,0.2073626384707874,0.9767123058579547,1,0,1,1,1,1,0,0,1,1,1,0,0,1,7,0,1,1,8,group_a_plus_defensive,group_a_plus_defensive,924304.129498427
2025-04-01,44.07500076293945,-0.08459332412055576,-0.13747549747461063,-0.045220639700684795,-69854388.0,-47581430.0,393.0,-353655.0,0.0,0.0,-1.1600000000000001,87000.0,5861000.0,569.0,0.0,689802.0,4597252.0,-29385.0,2495.0,5880.0,13573.0,7693.0,4702.0,46.11685344074988,50.130857436626805,-0.04427562865783463,-0.12080097934376832,2098172.0,0,0.02054994530684695,-0.019821344574526764,0.22032446382702361,0.2122888116923859,1.037852452376443,0,0,0,1,1,1,0,0,1,1,1,0,0,1,7,0,1,1,8,group_a_plus_defensive,group_a_plus_defensive,938797.4014915763
2025-04-02,44.0,-0.08540071142523875,-0.1389432228205798,-0.046070460704607075,-70538734.0,-46736549.0,313.0,-336345.0,0.0,0.0,-0.6899999999999995,137000.0,5840000.0,42.0,0.0,695316.0,4711578.0,-24285.0,8731.0,5772.0,14600.0,8828.0,7027.0,46.11685344074988,50.130857436626805,-0.045901948697986805,-0.12229707908701071,2098172.0,0,-0.0017016622039974783,-0.019821344574526764,0.21226168348309726,0.21227631068818997,0.9999310935589313,0,0,0,1,1,1,0,0,1,1,0,0,0,1,6,0,1,1,7,group_a_plus_defensive,group_a_plus_defensive,938382.1620643404
2025-04-07,39.599998474121094,-0.17548529514458,-0.22504893039916662,-0.12486191217411946,-64555575.0,-40038721.0,33.0,-672402.0,0.0,0.0,0.1800000000000006,406000.0,7029000.0,370.0,0.0,593534.0,4571764.0,-25151.0,11263.0,8616.0,8607.0,-9.0,-3083.0,46.11683006742359,50.18129635069431,-0.14131135170771236,-0.21086138952300726,2098118.0,0,-0.10000003467906604,-0.03919362453072082,0.40315485091960185,0.2920567660096738,1.3803989423968632,1,1,2,1,1,1,0,0,0,1,0,0,0,1,5,0,0,0,5,group_a_plus_defensive,group_a_plus_defensive,866469.461397747
2025-04-08,38.3125,-0.20064053294825035,-0.2502445960071241,-0.1448102532933483,-87306907.0,-53087735.0,1668.0,-1060447.0,0.0,0.0,0.9199999999999999,93000.0,5682000.0,756.0,0.0,779960.0,4304310.0,-30077.0,6620.0,1305.0,12237.0,10932.0,6584.0,46.1103586536307,50.18079164767328,-0.16911294731420834,-0.23651064995152538,2099734.0,0,-0.032512588983115376,-0.03919362453072082,0.41228598513539283,0.2979872271468601,1.3835693196749057,0,1,1,1,1,1,0,0,0,1,1,0,0,0,5,0,1,1,6,group_a_plus_defensive,group_a_plus_defensive,842813.7289341325
2025-04-09,36.54999923706055,-0.2355215968903107,-0.2847358057051449,-0.15369032157312768,-98758707.0,-55972864.0,2001.0,-1348286.0,0.0,0.0,0.6500000000000004,369000.0,4039000.0,756.0,0.0,979148.0,4965492.0,-27871.0,1442.0,3810.0,9468.0,5658.0,-79.0,46.107596058681345,50.18058968912316,-0.20728898573364796,-0.27163073484202394,2100297.0,0,-0.04600328255633157,-0.04870312016246829,0.431888393956916,0.30991743687158757,1.393559518033399,0,1,1,1,1,1,0,0,0,1,1,0,1,1,7,0,0,0,7,group_a_plus_defensive,group_a_plus_defensive,814088.68615146
2025-04-10,40.20000076293945,-0.1576631305405456,-0.21330720228302547,-0.08791831952180706,-91991263.0,-53621983.0,2303.0,-1420959.0,0.0,0.0,1.0499999999999998,371000.0,1599000.0,896.0,0.0,823082.0,4297340.0,-22650.0,6735.0,4190.0,9076.0,4886.0,-2807.0,42.29819970742995,49.32677771298758,-0.04960492311737641,-0.18502682261454662,5913212.0,0,0.09986324492663523,-0.04870312016246829,0.5840152430827611,0.376567247500369,1.5508922960226081,0,1,1,1,1,1,0,0,0,1,1,0,0,0,5,0,0,0,5,group_a_plus_defensive,group_a_plus_defensive,870399.5358195764
2025-04-11,41.13750076293945,-0.13653094571224433,-0.19496082208744125,-0.06505680084228516,-88269836.0,-53139783.0,1514.0,-1504275.0,0.0,0.0,1.2999999999999998,283000.0,1981000.0,896.0,0.0,972090.0,3395586.0,-23548.0,737.0,4552.0,9343.0,4791.0,-4037.0,42.298189352210926,49.33541652190601,-0.027440621148262068,-0.1661669513893027,5913194.0,0,0.023320895079790294,-0.04870312016246829,0.5920885303913132,0.3794799878032807,1.5602628581780364,0,1,1,1,1,1,0,0,0,1,1,0,1,0,6,0,0,0,6,group_a_plus_defensive,group_a_plus_defensive,885665.9048425504
2025-04-14,40.92499923706055,-0.13939717637780102,-0.19911936479241854,0.03345961651501961,-99989652.0,-60501949.0,1208.0,-1181653.0,0.0,0.0,0.47999999999999954,44000.0,868000.0,526.0,0.0,1307712.0,3715454.0,-23883.0,1268.0,6514.0,10415.0,3901.0,3910.0,42.298188848792186,48.966544580514345,-0.03246450141495483,-0.16422529734013203,5913193.0,0,-0.005165640156495566,-0.04870312016246829,0.591833461159676,0.3728247272228989,1.5874308165344395,0,0,0,1,1,0,0,0,0,0,0,0,0,0,2,0,1,1,3,group_a_plus_defensive,group_a_plus_defensive,882857.2345822011
2025-04-15,41.337501525878906,-0.1291776533066893,-0.1910469127153942,0.07895599415018362,-67796546.0,-44248372.0,-686.0,-693550.0,0.0,0.0,-0.13999999999999968,320000.0,-366000.0,640.0,0.0,1247826.0,3797366.0,-22398.0,7679.0,6044.0,10562.0,4518.0,-6414.0,42.298188848792186,48.034806937002514,-0.022712256696085786,-0.13942609199839406,5913193.0,0,0.01007946967644191,-0.04870312016246829,0.5940574558440344,0.37265793362333755,1.5941092413303495,0,0,0,1,1,0,0,0,1,0,0,0,0,0,3,0,0,0,3,group_a_plus_defensive,group_a_plus_defensive,890226.2193187361
2025-04-16,40.587501525878906,-0.14354968966604786,-0.2057240168718616,0.11046518120647342,-41285630.0,-31886437.0,-1095.0,-117295.0,0.0,0.0,0.41999999999999993,-18000.0,-3453000.0,640.0,0.0,1074962.0,3478678.0,-28725.0,-854.0,3179.0,4934.0,1755.0,-3903.0,42.2980157040328,48.03474492921675,-0.04043958445054929,-0.155038679070993,5913161.0,0,-0.018143331655650963,-0.04870312016246829,0.5942983758860224,0.37314689190502465,1.59266602182308,0,0,0,1,1,0,0,0,0,0,0,0,0,0,2,1,0,1,3,group_a_plus_defensive,group_a_plus_defensive,877937.6111291812
2025-04-17,40.13750076293945,-0.15160417127304737,-0.2145302942960644,-0.0015547263386527232,-51308638.0,-37707333.0,-1026.0,-52390.0,0.0,0.0,-0.0699999999999994,-32000.0,-2182000.0,543.0,0.0,1253540.0,3573194.0,-29870.0,-7220.0,3425.0,4237.0,812.0,-4074.0,42.29789915603293,48.034634360342,-0.05107578475999419,-0.1644049903276149,5913480.0,0,-0.011087175756618772,-0.04870312016246829,0.5936399629456938,0.37311634243995445,1.5910317920240338,0,1,1,1,1,0,0,0,1,0,0,0,1,0,4,1,0,1,5,group_a_plus_defensive,group_a_plus_defensive,871965.2467533073
2025-04-18,40.224998474121094,-0.14840017611692924,-0.2128180102687771,-0.022181762914494474,-57443384.0,-41973681.0,-187.0,37984.0,0.0,0.0,-0.8500000000000005,-10000.0,-2045000.0,543.0,0.0,1157726.0,3370740.0,-29062.0,-5514.0,2269.0,3561.0,1292.0,-3499.0,42.2978487350519,48.03462842684076,-0.049006044584320674,-0.16258333224361543,5913375.0,0,0.0021799491627150225,-0.04870312016246829,0.593761781203505,0.37323452436792715,1.5908543889637243,0,1,1,1,1,0,1,0,1,0,0,0,1,0,5,1,0,1,6,group_a_plus_defensive,group_a_plus_defensive,873312.883950247
2025-04-21,39.650001525878906,-0.15907123748587104,-0.2240703970674458,-0.031154495661591564,-48727805.0,-34804937.0,273.0,24953.0,0.0,0.0,-0.75,-39000.0,-1510000.0,543.0,0.0,974118.0,3178806.0,-26570.0,-2687.0,2905.0,3874.0,969.0,-2932.0,40.50632986532716,48.0346157782766,-0.021140605487964925,-0.17455358217291272,4023716.0,0,-0.014294517589904077,-0.04870312016246829,0.5859904088016316,0.37166494580213316,1.5766631085881337,0,1,1,1,1,1,1,0,1,0,0,0,0,0,5,1,0,1,6,group_a_plus_defensive,group_a_plus_defensive,863908.5183421103
2025-04-22,38.98749923706055,-0.17164196890104255,-0.2370352171966259,-0.0568491612234272,-48827284.0,-34006273.0,673.0,-13992.0,0.0,0.0,-0.6900000000000004,-58000.0,-1199000.0,43.0,0.0,811630.0,3183164.0,-27131.0,-4733.0,2407.0,3543.0,1136.0,-3382.0,40.50619817963919,48.03452818182032,-0.03749300133879341,-0.1883442866455345,4023896.0,0,-0.016708758217473307,-0.04870312016246829,0.5870247075862965,0.37218043021363756,1.5772583938637905,0,1,1,1,1,1,0,0,1,0,0,0,0,0,4,1,0,1,5,group_a_plus_defensive,group_a_plus_defensive,853953.1254136085
2025-04-23,40.712501525878906,-0.13363831759039146,-0.2032778328457836,0.0030797658220056423,-31730694.0,-23555814.0,99.0,-54722.0,0.0,0.0,0.08000000000000007,-54000.0,574000.0,43.0,0.0,744664.0,3307546.0,-27745.0,980.0,7206.0,4841.0,-2365.0,-4120.0,40.563526005156625,47.57502778972186,0.0036726472127532883,-0.14424639527642136,5572480.0,0,0.04424500987687385,-0.04870312016246829,0.6147886282634875,0.3846912579414932,1.5981351683250082,0,0,0,1,1,0,0,0,0,0,0,0,0,0,2,0,0,0,2,group_a_plus_defensive,group_a_plus_defensive,880761.6337389904
2025-04-24,40.474998474121094,-0.1373362216782219,-0.20792564221662135,0.008408538268861676,-30014307.0,-21177856.0,-560.0,-54272.0,0.0,0.0,0.25,-50000.0,206000.0,1000.0,0.0,697348.0,3302678.0,-27358.0,2512.0,6541.0,4791.0,-1750.0,-2562.0,40.34724475072758,47.48441203160498,0.0031663555760199635,-0.147615043707786,5365228.0,0,-0.00583366393260909,-0.04870312016246829,0.6120786945722857,0.38174130910790427,1.6033860626785703,0,0,0,1,1,0,0,0,0,0,0,0,0,0,2,0,0,0,2,group_a_plus_defensive,group_a_plus_defensive,876738.0748698488
2025-04-25,41.4375,-0.11570995603198164,-0.18908999535517668,0.030142985006176515,-23089443.0,-19011421.0,-717.0,-84942.0,0.0,0.0,-0.6199999999999992,-7000.0,-1523000.0,1500.0,0.0,664418.0,3524146.0,-23698.0,5364.0,10144.0,4150.0,-5994.0,-7286.0,40.42656659723106,47.37828734717362,0.025006659923432206,-0.12539050438107535,5786321.0,0,0.023780149775529003,-0.04870312016246829,0.6209225393239004,0.3854703372588681,1.6108179522693364,0,0,0,1,1,0,0,0,1,0,0,0,0,0,3,0,0,0,3,group_a_plus_defensive,group_a_plus_defensive,891730.4460848933
2025-04-28,41.787498474121094,-0.1070069458530627,-0.1822407099428034,0.0539091265065168,-15674513.0,-15457456.0,-959.0,-74528.0,0.0,0.0,0.15000000000000036,-68000.0,-2164000.0,1500.0,0.0,622496.0,3453400.0,-24770.0,1800.0,10955.0,3543.0,-7412.0,-8381.0,40.42643738694269,47.240635064445335,0.033667599104788115,-0.11543317702831712,5786166.0,0,0.008446418681655299,-0.04870312016246829,0.6201429930376638,0.38524140539883106,1.6097516631049689,0,0,0,1,1,0,0,0,0,0,0,0,0,0,2,0,0,0,2,group_a_plus_defensive,group_a_plus_defensive,897058.3572789207
2025-04-29,41.95000076293945,-0.10235696792093596,-0.17906062591793492,0.07598593353899519,-9311331.0,-14258975.0,-1173.0,-26352.0,0.0,0.0,1.2200000000000006,-34000.0,-3160000.0,2100.0,0.0,669900.0,3530844.0,-25366.0,1765.0,12732.0,4126.0,-8606.0,-9742.0,40.426384475734594,47.240635064445335,0.03768866068444465,-0.11199329336467301,5786096.0,0,0.0038887776189568957,-0.04870312016246829,0.6201052244060061,0.38535533047046494,1.6091777519956567,0,0,0,1,1,0,0,0,0,0,0,0,0,0,2,0,0,0,2,group_a_plus_defensive,group_a_plus_defensive,900393.9443074828
2025-04-30,42.150001525878906,-0.09705092553610117,-0.17514671654588787,0.03530856484183986,-10735068.0,-10097406.0,-920.0,-809.0,0.0,0.0,0.7199999999999998,33000.0,-3438000.0,2190.0,0.0,637790.0,3334332.0,-22730.0,5015.0,10557.0,4967.0,-5590.0,-3225.0,40.932192559553656,43.91653242766579,0.029751862535910334,-0.04022473551837247,8189538.0,0,0.0047675985530886145,-0.04870312016246829,0.6077084306239299,0.3842920331484488,1.5813714004036539,0,0,0,1,1,0,0,0,0,0,0,0,0,0,2,0,0,0,2,group_a_plus_defensive,group_a_plus_defensive,902626.6820298308
2025-05-02,43.375,-0.07013138992063905,-0.15117414295096931,0.07164920655236373,-3155901.0,-7172527.0,-587.0,48745.0,0.0,0.0,0.79,29000.0,-2882000.0,1190.0,0.0,621416.0,3511458.0,-22913.0,4445.0,14096.0,5058.0,-9038.0,-7288.0,41.553232034559514,43.82605165624055,0.043841787419215406,-0.01029186155710482,10981346.0,0,0.029062833446612757,-0.04870312016246829,0.6123559189253287,0.3804696517573303,1.6094737546002729,0,0,0,1,1,0,0,0,0,0,0,0,0,0,2,0,0,0,2,group_a_plus_defensive,group_a_plus_defensive,921976.6463337296
2025-05-05,42.98749923706055,-0.07770455138092192,-0.1587573283621332,0.03740571311156682,-6425139.0,413865.0,-347.0,132321.0,0.0,0.0,1.0899999999999999,7000.0,117000.0,690.0,0.0,663226.0,3805558.0,-26159.0,-2461.0,15120.0,5067.0,-10053.0,-4059.0,41.95177265100583,43.656926428225894,0.024688505886768075,-0.015333814034433235,15206894.0,0,-0.00893373516863294,-0.04870312016246829,0.6131458333623284,0.38045195727361597,1.611624862587741,0,0,0,1,0,0,0,0,0,0,0,0,0,0,1,1,0,1,2,group_a_plus_defensive,group_a_plus_defensive,915151.5002663168
2025-05-06,42.75,-0.08199995378976688,-0.16340506308135871,0.023033241065506305,-8472360.0,7245635.0,-161.0,149681.0,0.0,0.0,0.39999999999999947,321000.0,3880000.0,1468.0,0.0,687260.0,4070332.0,-31157.0,-6387.0,14736.0,5532.0,-9204.0,-1792.0,42.15665463130472,43.47517605212503,0.014074773576902233,-0.01668023267474683,20457830.0,0,-0.005524844228570358,-0.03318712366177619,0.4888105221994078,0.3788809590215313,1.2901427494846194,0,0,0,1,0,0,0,0,0,0,0,0,0,0,1,1,0,1,2,group_a_plus_defensive,group_a_plus_defensive,912008.7524013759
2025-05-07,42.587501525878906,-0.08444001898020448,-0.16658507245461518,0.015196680604179003,-8034319.0,13838028.0,-208.0,137959.0,0.0,0.0,-1.0900000000000007,347000.0,6136000.0,6211.0,0.0,702062.0,4749228.0,-30643.0,-5277.0,12025.0,4183.0,-7842.0,764.0,42.200617530169104,43.403336115580856,0.009167733041660409,-0.018796587145500143,22763360.0,0,-0.0038011338975694198,-0.01953632920068499,0.4704333436021572,0.37866255190156234,1.24235507641234,0,0,0,1,0,0,0,0,1,0,0,0,0,0,2,1,0,1,3,group_a_plus_defensive,group_a_plus_defensive,909763.5136751761
2025-05-08,43.150001525878906,-0.07126404084422566,-0.1555772443372646,0.023724791549201374,-8647139.0,9778827.0,214.0,122627.0,0.0,0.0,-1.5999999999999996,260000.0,6760000.0,8121.0,0.0,740954.0,3813704.0,-30020.0,-7290.0,11533.0,3489.0,-8044.0,-2454.0,42.20078001488876,43.24407108276792,0.02249298497931207,-0.0021753168592514305,22763043.0,0,0.013208100495357478,-0.01678048688938219,0.42925965343332495,0.3797351148079076,1.1304186436655188,0,0,0,1,0,0,0,0,1,0,0,0,0,0,2,1,0,1,3,group_a_plus_defensive,group_a_plus_defensive,918529.1601775361
2025-05-09,43.6875,-0.058646716688098954,-0.1450586828857745,0.007204610951008661,-10301255.0,11508842.0,469.0,88624.0,0.0,0.0,-1.54,479000.0,8376000.0,8121.0,0.0,753740.0,3727464.0,-33271.0,-10358.0,13276.0,3323.0,-9953.0,-915.0,42.73608317250535,43.28257271888906,0.022262611752561057,0.009355434662834394,21593408.0,0,0.012456511126627268,-0.01678048688938219,0.26283552281075473,0.38038038138860614,0.6909807541894106,0,0,0,1,0,0,0,0,1,0,0,0,0,0,2,1,0,1,3,group_a_plus_defensive,group_a_plus_defensive,926981.5395504902
2025-05-12,44.17499923706055,-0.047126028371524464,-0.1355185801143931,0.02762430988253972,-6707129.0,6658246.0,191.0,20657.0,0.0,0.0,-1.0700000000000003,648000.0,7968000.0,8121.0,0.0,677276.0,3463044.0,-36747.0,-10588.0,13812.0,2577.0,-11235.0,-1182.0,42.784134568018885,43.2405412122616,0.032508888705705674,0.02161069215604461,22339414.0,0,0.011158780819697789,-0.01678048688938219,0.25457591992879175,0.38096050669421205,0.6682475360448158,0,0,0,1,0,0,0,0,1,0,0,0,0,0,2,1,0,1,3,group_a_plus_defensive,group_a_plus_defensive,934744.7652797012
2025-05-13,44.712501525878906,-0.034652099561105265,-0.12499994401129089,0.04590646844161195,2340373.0,200006.0,-197.0,24933.0,0.0,0.0,-1.0299999999999994,379000.0,4212000.0,7361.0,0.0,660862.0,3479956.0,-36513.0,-5356.0,10690.0,1093.0,-9597.0,-393.0,43.023047483886224,43.097333833539615,0.0392685813952498,0.03747720679376032,25498526.0,0,0.012167567585771977,-0.01678048688938219,0.2540141432113482,0.38199937168957737,0.6649595838020558,0,0,0,0,0,0,0,0,1,0,0,0,0,0,1,1,0,1,2,group_a_plus_defensive,group_a_plus_defensive,943302.0072814233
2025-05-14,45.724998474121094,-0.012093652046239689,-0.10518591312134962,0.07367177777112954,16773182.0,-3150384.0,-322.0,41827.0,0.0,0.0,-0.5,305000.0,853000.0,2083.0,0.0,637064.0,3399208.0,-36283.0,-5640.0,11920.0,810.0,-11110.0,-3268.0,43.89834178030743,43.8154431386853,0.04161106364689804,0.04358178757639486,37716867.0,0,0.022644605282398977,-0.01678048688938219,0.2614452442955671,0.385086217590829,0.6789265165894982,0,0,0,0,1,0,0,0,1,0,0,0,0,0,2,1,0,1,3,group_a_plus_defensive,group_a_plus_defensive,959319.1391123002
2025-05-15,45.625,-0.013609489247727202,-0.10714283048156714,0.05735801591192824,21493914.0,-2833062.0,-663.0,69585.0,0.0,0.0,-0.10000000000000053,277000.0,-356000.0,263.0,0.0,605388.0,3360622.0,-37208.0,-7188.0,11809.0,-1082.0,-12891.0,-4847.0,44.072578996117144,43.97192431638746,0.03522419243992103,0.037593889949375514,41949443.0,0,-0.0021869541270228554,-0.014415229621282537,0.24837079484566194,0.38440564972535335,0.646116400794618,0,0,0,0,1,0,0,0,1,0,0,0,0,0,2,1,0,1,3,group_a_plus_defensive,group_a_plus_defensive,957584.2484159078
2025-05-16,45.75,-0.010377519582173034,-0.10469664645548915,0.047210300429184615,22241791.0,-3530766.0,-953.0,124193.0,0.0,0.0,-0.1200000000000001,-455000.0,-4941000.0,263.0,0.0,599788.0,3287972.0,-37207.0,-3936.0,11427.0,-1905.0,-13332.0,-3379.0,44.173809207919234,43.954513554092024,0.03568156833977976,0.04084873886042173,44642493.0,0,0.00273972602739736,-0.014415229621282537,0.24049213157480204,0.3830450091840608,0.62784301011279,0,0,0,0,1,0,0,0,1,0,0,0,0,0,2,1,0,1,3,group_a_plus_defensive,group_a_plus_defensive,960240.4326485875
2025-05-19,45.11249923706055,-0.023391009557881537,-0.1171721999188089,0.021222411232403315,18749603.0,-3690678.0,-925.0,150669.0,0.0,0.0,-0.1200000000000001,-679000.0,-6816000.0,19763.0,0.0,766930.0,3363260.0,-37713.0,-966.0,10146.0,-1636.0,-11782.0,-547.0,44.173809207919234,43.95451258249562,0.021249922657180065,0.026345114222153576,44642493.0,0,-0.013934442905780386,-0.014415229621282537,0.25105573870940495,0.3838452470394641,0.6540545718509139,0,0,0,0,1,0,0,0,1,0,0,0,0,0,2,1,0,1,3,group_a_plus_defensive,group_a_plus_defensive,949717.5524288157
2025-05-20,45.20000076293945,-0.02072826572525799,-0.11545984123990949,0.010902973898214707,16190485.0,-2167240.0,-578.0,145424.0,0.0,0.0,-0.03000000000000025,-653000.0,-8735000.0,19745.0,0.0,895258.0,3444652.0,-37844.0,-1331.0,10128.0,-3417.0,-13545.0,-3948.0,44.194447354911325,43.97667962210332,0.02275293545256618,0.027817496712991385,45558594.0,0,0.0019396293124682717,-0.014073158671365032,0.24014019462353908,0.3838981524621949,0.6255309984780074,0,0,0,0,1,0,0,0,1,0,0,0,0,0,2,1,0,1,3,group_a_plus_defensive,group_a_plus_defensive,951023.2613175933
2025-05-21,45.900001525878906,-0.0048888059396844374,-0.10176119576355092,0.003827294862718489,9197634.0,899.0,-466.0,113962.0,0.0,0.0,0.020000000000000462,-592000.0,-7285000.0,19680.0,0.0,933794.0,3436132.0,-38846.0,-2563.0,-504.0,-2955.0,-2451.0,8659.0,44.40312575835136,44.18789705287299,0.03371104493124588,0.03874600483832258,51908879.0,0,0.015486742281504595,-0.00918377055549031,0.22528637918375263,0.3853649282591148,0.5846052991938923,0,0,0,0,0,0,0,0,0,0,0,0,0,0,0,1,0,1,1,group_a_plus_defensive,group_a_plus_defensive,961846.771887521
2025-05-22,45.400001525878906,-0.01490121600936345,-0.11154593186786244,-0.004931473405393794,2204909.0,2377190.0,-382.0,109588.0,0.0,0.0,0.11000000000000032,-500000.0,-6602000.0,19500.0,0.0,935156.0,3442652.0,-40656.0,-3448.0,-1918.0,-4867.0,-2949.0,9942.0,44.532348336897854,44.20674386292128,0.019483661234683813,0.02699266127036526,51273594.0,0,-0.010893245825233655,-0.011045305679260991,0.1909734390050258,0.38554268179468343,0.4953366981732171,0,0,0,0,0,0,1,0,0,0,1,0,0,0,2,1,0,1,3,group_a_plus_defensive,group_a_plus_defensive,953864.113437793
2025-05-23,45.212501525878906,-0.01810409923647749,-0.11521520790697937,-0.01174860052723703,-1846186.0,425504.0,-323.0,62976.0,0.0,0.0,0.040000000000000036,28000.0,-7426000.0,19500.0,0.0,907314.0,3470096.0,-40117.0,-2910.0,-2816.0,-7085.0,-4269.0,9063.0,44.532348336897854,44.206732071738294,0.015273238766470021,0.022751499760454097,51273594.0,0,-0.004129955808330088,-0.011045305679260991,0.18972026554840046,0.3852618373686048,0.49244500011788833,0,0,0,1,0,0,1,0,0,1,1,0,0,0,4,1,0,1,5,group_a_plus_defensive,group_a_plus_defensive,951242.7732299843
2025-05-26,45.162498474121094,-0.0184572781552943,-0.11619374123870019,0.0011083233672735116,-638653.0,5494335.0,-239.0,81007.0,0.0,0.0,0.20000000000000018,47000.0,-6963000.0,0.0,0.0,735292.0,3380886.0,-41757.0,-4044.0,-1992.0,-8189.0,-6197.0,5585.0,44.604945452721935,44.271679425244244,0.012499802785099767,0.020121645721189685,55136278.0,0,-0.0011059563189440569,-0.011045305679260991,0.17834553766677788,0.3844589379588981,0.46388708925228456,0,0,0,1,0,0,0,0,0,0,0,0,0,0,1,1,0,1,2,group_a_plus_defensive,group_a_plus_defensive,950134.1452416079
2025-05-27,44.76250076293945,-0.026433896102407983,-0.12402148533118218,-0.0096792033764459,-7767262.0,-518368.0,-16.0,104463.0,0.0,0.0,-0.07000000000000028,-55000.0,-6543000.0,0.0,0.0,605994.0,3343164.0,-43507.0,-5663.0,-3017.0,-8774.0,-5757.0,7788.0,44.604945892785196,44.27167447602193,0.003532228702461948,0.011086689011127415,55136432.0,0,-0.00885685523822044,-0.011045305679260991,0.1836024969560337,0.38457473950562676,0.4774169442123418,0,0,0,1,1,0,1,0,1,0,0,0,0,0,4,1,0,1,5,group_a_plus_defensive,group_a_plus_defensive,943655.765742013
2025-05-28,44.837501525878906,-0.023852581836514952,-0.122553759985213,-0.023148147378621586,-15573823.0,-4906635.0,390.0,110675.0,0.0,0.0,0.47999999999999954,-93000.0,-6103000.0,0.0,0.0,581952.0,3511056.0,-43204.0,-4358.0,-3160.0,-5964.0,-2804.0,-353.0,44.60494731840015,44.271670051233784,0.005213641568024618,0.012780892927470422,55136770.0,0,0.001675526649787873,-0.011045305679260991,0.18370961913246872,0.38402476053734524,0.47837962030212244,0,0,0,1,1,1,1,0,0,0,0,0,0,0,4,1,0,1,5,group_a_plus_defensive,group_a_plus_defensive,944909.7878968839
2025-05-29,44.9375,-0.020713479383627553,-0.12059684262499559,-0.01018725793688069,-15410339.0,-10535417.0,366.0,60965.0,0.0,0.0,1.9100000000000001,-160000.0,-6659000.0,0.0,0.0,638082.0,3662908.0,-47014.0,-6358.0,-4164.0,-6396.0,-2232.0,717.0,44.716850217712995,44.27165370681414,0.004934376665904017,0.015040014036868277,52733068.0,0,0.002230241889445539,-0.011045305679260991,0.18367933033578804,0.38126205171831196,0.48176662090539224,0,0,0,1,1,1,1,0,0,0,0,0,0,0,4,1,0,1,5,group_a_plus_defensive,group_a_plus_defensive,946623.7367422413
2025-06-02,43.974998474121094,-0.04051234493478417,-0.13943248948644016,-0.027370815814061644,-29373634.0,-25094444.0,318.0,80801.0,0.0,0.0,2.1399999999999997,-239000.0,-7171000.0,0.0,0.0,668484.0,3939320.0,-45393.0,-5276.0,-1891.0,-8208.0,-6317.0,-2048.0,44.79186210513059,44.27164546086278,-0.01823687591045542,-0.006700609016304315,49941260.0,0,-0.02141867095140826,-0.01430865430806178,0.17694361061321479,0.38348005137284286,0.46141542429590254,1,0,1,1,1,1,1,0,0,0,0,0,0,0,4,1,0,1,5,group_a_plus_defensive,group_a_plus_defensive,931107.1109240048
2025-06-03,44.287498474121094,-0.03258047688575416,-0.13331702942124546,-0.019374481695280665,-28685310.0,-28181807.0,415.0,54177.0,0.0,0.0,1.7800000000000002,-276000.0,-7268000.0,0.0,0.0,683488.0,4142452.0,-39470.0,2287.0,-757.0,-9472.0,-8715.0,-2518.0,44.94152441620433,44.27194082057741,-0.014552820594741944,0.00035141114790371297,46912152.0,0,0.007106310650218717,-0.01430865430806178,0.17444829414083335,0.3827514959268877,0.455774297415564,0,0,0,1,1,1,1,0,0,0,0,0,0,0,4,0,0,0,4,group_a_plus_defensive,group_a_plus_defensive,936049.0729984951
2025-06-04,45.32500076293945,-0.008964674500503755,-0.11301365721383161,0.012566322042170563,-17441015.0,-20661214.0,51.0,40539.0,0.0,0.0,5.7299999999999995,-299000.0,-11737000.0,0.0,0.0,684614.0,4787364.0,-37165.0,6342.0,-2743.0,-7253.0,-4510.0,1247.0,45.23229430712291,44.36926779174898,0.0020495634200439206,0.02154042693867031,48200920.0,0,0.023426527226969363,-0.01430865430806178,0.18857751667874578,0.3857825648104192,0.4888181423424781,0,0,0,1,1,0,0,0,0,0,0,0,0,0,2,0,0,0,2,group_a_plus_defensive,group_a_plus_defensive,953050.3805022892
2025-06-05,45.412498474121094,-0.0061741759512814465,-0.11130137318654443,0.012824018481723654,-13920619.0,-15360348.0,-327.0,25575.0,0.0,0.0,7.61,-347000.0,-12306000.0,0.0,0.0,639592.0,3643870.0,-37098.0,6106.0,-3948.0,-7296.0,-3348.0,-544.0,45.36813656350632,44.411383823004925,0.0009778208666930688,0.022541847718728247,48870593.0,0,0.0019304514000844097,-0.01430865430806178,0.18692788586233888,0.3853522270781502,0.4850831855304927,0,0,0,1,1,0,0,0,0,0,0,0,0,0,2,0,0,0,2,group_a_plus_defensive,group_a_plus_defensive,954272.2654034018
2025-06-06,45.48749923706055,-0.003780670432861455,-0.10983364784057525,0.012239204162682649,-12350190.0,-9212495.0,-394.0,31832.0,0.0,0.0,9.190000000000001,-318000.0,-11769000.0,0.0,0.0,561868.0,3463268.0,-38541.0,8473.0,-4219.0,-7762.0,-3543.0,-1311.0,45.371548100297865,44.43188890374736,0.002555591369868271,0.023757944110815332,50302647.0,0,0.0016515445187890165,-0.01430865430806178,0.18325395335994168,0.3851802270903767,0.4757615798303788,0,0,0,1,1,0,0,0,0,0,0,0,0,0,2,0,0,0,2,group_a_plus_defensive,group_a_plus_defensive,955505.3457072377
2025-06-09,45.92499923706055,0.006371291947791402,-0.10127200374930256,0.04434339580675628,3246636.0,8715383.0,-401.0,-9285.0,0.0,0.0,9.439999999999998,-246000.0,-6885000.0,0.0,0.0,516422.0,3264188.0,-38587.0,6806.0,-4524.0,-8569.0,-4045.0,2272.0,45.48547218447451,44.474813822623524,0.009663020553100088,0.032606891177121566,49884217.0,0,0.009618027091793824,-0.01430865430806178,0.1815192807034727,0.3839191032608536,0.47280606555318905,0,0,0,0,0,0,0,0,0,0,0,0,0,0,0,0,0,0,0,group_a_plus_defensive,group_a_plus_recovery,961779.0448878423
2025-06-10,47.162498474121094,0.0339053756935328,-0.07705479682145377,0.064916739464975,18875598.0,14133655.0,-445.0,-33243.0,0.0,0.0,11.96,-192000.0,-6549000.0,0.0,0.0,529588.0,3521630.0,-37131.0,2339.0,-1997.0,-7433.0,-5436.0,3279.0,46.008001789997145,45.056876239674445,0.025093388958590923,0.04673253918549647,70531559.0,0,0.026946091619352908,-0.01430865430806178,0.1992225260413382,0.3876737781490248,0.5138921878919432,0,0,0,0,0,0,0,0,0,0,0,0,0,0,0,0,0,0,0,golden1,golden1,983203.3097476712
2025-06-11,47.162498474121094,0.034670901793063535,-0.07705479682145377,0.04054048936021415,14159918.0,12309631.0,-239.0,-20943.0,0.0,0.0,8.58,-69000.0,-569000.0,0.0,0.0,515666.0,3384416.0,-35730.0,1435.0,-3549.0,-3899.0,-350.0,4160.0,46.06874814273656,45.05687623746634,0.02374169855876529,0.04673253923679366,67372447.0,0,0.0,-0.01430865430806178,0.19674773730492146,0.3871050260864919,0.508254153385654,0,0,0,0,0,0,0,0,0,0,0,0,0,0,0,0,0,0,0,golden1,golden1,986816.6959808099
2025-06-12,47.162498474121094,0.035565449589940235,-0.06307430753442378,0.038535646766875375,13220593.0,10272019.0,-199.0,6660.0,0.0,0.0,6.109999999999999,-4000.0,0.0,0.0,0.0,517376.0,3370444.0,-38976.0,-1878.0,-3407.0,-4388.0,-981.0,2367.0,46.144899330279706,45.05687623746634,0.0220522562322214,0.04673253923679366,55154106.0,0,0.0,-0.01430865430806178,0.18225394900712585,0.38700782341325546,0.47093091658901964,0,0,0,0,0,0,0,0,0,0,0,0,0,0,0,1,0,1,1,golden1,golden1,985295.2397482479
2025-06-13,47.162498474121094,0.03628789547298683,-0.06284157458269335,0.036823286950359746,14246642.0,8839676.0,-139.0,16835.0,0.0,0.0,3.0599999999999987,0.0,0.0,0.0,0.0,645394.0,3733760.0,-42000.0,-3459.0,-4667.0,-3694.0,973.0,4516.0,46.18811521028768,45.05687522736527,0.021095973702265125,0.04673256270281656,50921343.0,0,0.0,-0.01430865430806178,0.18181425900423498,0.38669158259307396,0.4701789932561399,0,0,0,0,0,0,0,0,0,0,0,0,0,0,0,1,1,2,2,golden1,golden1,980683.5892589833
2025-06-16,47.162498474121094,0.03688025578910081,-0.06284157458269335,0.026946091619352908,-151250975.0,-123091206.0,-49.0,53374.0,0.0,0.0,2.620000000000001,0.0,0.0,0.0,0.0,849122.0,3793130.0,-41036.0,-2449.0,-6284.0,-5332.0,952.0,4997.0,46.21258246088828,45.05687522736527,0.020555354465134457,0.04673256270281656,48227974.0,0,0.0,-0.01430865430806178,0.18187065646126918,0.386636627782088,0.4703916892317123,0,0,0,1,1,0,0,0,0,0,0,0,0,0,2,1,1,2,4,golden1,golden1,981729.5542592716
2025-06-17,47.162498474121094,0.03747044076134953,-0.06284157458269335,0.0,-332059224.0,-259411834.0,-5.0,78675.0,0.0,0.0,1.0899999999999999,0.0,0.0,0.0,0.0,997754.0,3520704.0,-41401.0,-4270.0,-4838.0,-6582.0,-1744.0,3692.0,46.21258246088828,45.05687514166622,0.020555354465134457,0.046732564693722,48227974.0,0,0.0,-0.011419517081542385,0.17259066176257068,0.3856734497837609,0.4475046489701033,0,0,0,1,1,0,0,0,0,0,0,0,0,0,2,1,0,1,3,golden1,golden1,982917.9830881101
2025-06-18,47.56999969482422,0.04667171611347598,-0.05474418333529529,0.008640365415049533,-498088836.0,-389117751.0,7782.0,79228.0,0.0,0.0,-3.26,483000.0,21203000.0,2412.0,0.0,1162522.0,3870062.0,-45050.0,-9320.0,-2081.0,-3534.0,-1453.0,-1103.0,46.23223072294419,45.03632569064103,0.028935851698285386,0.05625845282288888,47313297.0,0,0.008640365415049533,-0.011419517081542385,0.17404803471865699,0.3836291294996323,0.45368826644021515,0,0,0,1,1,0,0,0,1,0,0,0,0,0,3,1,0,1,4,golden1,golden1,990867.8725046251
2025-06-19,47.099998474121094,0.036740989611684816,-0.06408350203530111,-0.0013252054497132626,-633249143.0,-505309954.0,8184.0,62804.0,0.0,0.0,-3.75,541000.0,23742000.0,2782.0,0.0,1228888.0,3876926.0,-45386.0,-6410.0,-2079.0,-5153.0,-3074.0,-2093.0,46.28374292483223,45.03633223096696,0.017635901889233807,0.04582225374328219,40963114.0,0,-0.009880202306460473,-0.011419517081542385,0.17245156824248065,0.38381977265606665,0.44930350265464597,0,0,0,1,1,1,1,0,1,1,1,0,1,0,8,1,0,1,9,golden1,golden1,980805.1230989387
2025-06-20,47.029998779296875,0.03554096013780472,-0.06547445471812285,-0.0028094290826624624,-680218989.0,-529806749.0,8271.0,37130.0,-18.360000000000007,3.530000000000001,-6.24,696000.0,37947000.0,2782.0,0.0,1131226.0,3715586.0,-44461.0,-2461.0,-2199.0,-5277.0,-3078.0,-4051.0,46.30389749788876,45.03633399413952,0.015681213043485576,0.044267918996621525,40049898.0,0,-0.001486193144203174,-0.010457125738707862,0.16673387522915997,0.38382880107838957,0.4343964672810153,0,0,0,1,1,1,1,0,1,1,1,0,1,0,8,1,0,1,9,golden1,golden1,978788.3999086863
2025-06-23,46.63999938964844,0.027603615280545446,-0.07322406989419739,-0.011078698147413912,-582893136.0,-457856118.0,9037.0,-1615.0,-18.360000000000007,3.530000000000001,-5.709999999999999,885000.0,49054000.0,2782.0,0.0,976160.0,3754472.0,-43797.0,-2761.0,-2750.0,-5676.0,-2926.0,-3878.0,46.303904513520024,45.033933950265755,0.007258456487838405,0.035663449725630736,40050734.0,0,-0.00829256644208376,-0.010457125738707862,0.1693375468923933,0.38373803243010957,0.441284242325485,0,0,0,1,1,1,0,0,1,1,0,0,1,0,6,1,0,1,7,golden1,golden1,970677.3186940084
2025-06-24,47.4900016784668,0.04669695836828969,-0.0563338110579904,0.00694414449915981,-412743138.0,-324341416.0,8557.0,-24515.0,-18.360000000000007,3.530000000000001,-6.460000000000001,948000.0,57380000.0,2782.0,0.0,828888.0,3973954.0,-43493.0,-2092.0,-313.0,-6077.0,-5764.0,-4020.0,46.63103493789373,45.220081869858916,0.018420494885371896,0.05019716273713515,43696103.0,0,0.01822474914112049,-0.010457125738707862,0.1788609820446868,0.3854479291407293,0.46403409779219135,0,0,0,1,1,0,0,0,1,0,0,0,0,0,3,1,0,1,4,golden1,golden1,989677.0898708957
2025-06-25,48.18000030517578,0.06223137681573876,-0.04262295926964599,0.012823220817004488,-231068118.0,-172644140.0,10.0,-12565.0,-18.360000000000007,3.530000000000001,-2.9800000000000004,110000.0,44735000.0,370.0,0.0,693916.0,3601192.0,-45816.0,-766.0,91.0,-3547.0,-3638.0,-2185.0,47.3478232027013,46.003193254026364,0.017575826008132234,0.047318607626415154,81332716.0,0,0.01452934517418325,-0.010457125738707862,0.17829791788379962,0.3842296221649943,0.4640400104478037,0,0,0,1,1,0,0,0,1,0,0,0,0,0,3,1,0,1,4,golden1,golden1,1002539.1108865164
2025-06-26,48.2400016784668,0.063890825189856,-0.04143068162669761,0.024203890472991763,-108455253.0,-35397840.0,-1126.0,-25835.0,-18.360000000000007,3.530000000000001,-2.3200000000000003,100000.0,62463000.0,35000.0,0.0,632592.0,3599400.0,-48788.0,-3402.0,-1148.0,-3479.0,-2331.0,743.0,47.53129334032256,46.29156662859143,0.01491035249282846,0.04209049707710544,102386475.0,0,0.0012453585079070795,-0.010457125738707862,0.17837066536843738,0.3835101510127853,0.46510024544954204,0,0,0,1,1,0,0,0,1,0,0,0,0,0,3,1,0,1,4,golden1,golden1,1002291.1614240061
2025-06-27,48.290000915527344,0.06547169951515341,-0.027146810913134978,0.026791455856578494,-71505817.0,30573706.0,-1039.0,-1664.0,0.9500000000000028,-1.4699999999999989,0.33000000000000007,573000.0,83055000.0,40182.0,0.0,647908.0,3481264.0,-52681.0,-8220.0,-1688.0,-6012.0,-4324.0,-1246.0,47.75002727792523,46.696313895531866,0.011308341971392855,0.034128754221603996,143861401.0,0,0.0010364683938819397,-0.010457125738707862,0.17855346195261215,0.3754626057429566,0.4755559121508113,0,0,0,1,0,0,0,1,0,0,0,0,0,0,2,1,0,1,3,golden1,golden1,1002441.054962987
2025-06-30,48.36000061035156,0.06697262191995956,-0.02573659295799402,0.036878242778983994,-2589704.0,97540648.0,-1704.0,71657.0,0.9500000000000028,-1.4699999999999989,1.0,458000.0,81947000.0,50494.0,0.0,634746.0,3351966.0,-52001.0,-8204.0,-2698.0,-6655.0,-3957.0,-1031.0,47.78752893673561,46.769508044941404,0.011979520313214476,0.034007040738633254,153285520.0,0,0.0014495691343363593,-0.008371948235302596,0.15249675106456512,0.3734976379568852,0.4082937495903753,0,0,0,1,0,0,0,1,0,0,0,0,0,0,2,1,0,1,3,golden1,golden1,1004552.960190211
2025-07-01,48.63999938964844,0.07310824470763011,-0.0200957211374303,0.02421557529030527,-7811331.0,85234406.0,-492.0,65598.0,0.9500000000000028,-1.4699999999999989,0.9299999999999997,-152000.0,82812000.0,50587.0,0.0,664722.0,3496070.0,-52517.0,-9024.0,1009.0,-6770.0,-7779.0,-2015.0,47.81506670816055,46.769514585277406,0.017252567826013143,0.039993675815481744,152089829.0,0,0.005789883700641152,-0.008371948235302596,0.15230499995384986,0.37351141596870513,0.4077653143715715,0,0,0,1,0,0,0,1,0,0,0,0,0,0,2,1,0,1,3,golden1,golden1,1011906.2969008425
2025-07-02,48.650001525878906,0.07345917037894378,-0.019894217514630386,0.009755110372065223,-75125618.0,14264929.0,288.0,43122.0,0.9500000000000028,-1.4699999999999989,1.0900000000000016,213000.0,79696000.0,50587.0,0.0,620228.0,3400498.0,-54946.0,-9130.0,1373.0,-7075.0,-8448.0,-4810.0,47.926947812235866,46.76951476085246,0.01508657961019666,0.0402075320781492,145550145.0,0,0.000205636027055478,-0.008371948235302596,0.13594675944424803,0.307276342449852,0.4424250769205727,0,0,0,1,0,0,0,1,0,0,0,0,0,0,2,1,0,1,3,golden1,golden1,1012364.214426681
2025-07-03,49.31999969482422,0.08826484836516402,-0.006396395129391497,0.022388017802236204,-65233122.0,-11102071.0,1132.0,32465.0,0.9500000000000028,-1.4699999999999989,0.9000000000000004,139000.0,64417000.0,15587.0,0.0,628898.0,3436000.0,-51157.0,-2369.0,871.0,-8096.0,-8967.0,-6636.0,47.97945072534485,46.76958456552395,0.027940064948914323,0.05453148992006018,142573321.0,0,0.013771801601874856,-0.008371948235302596,0.14046349522556814,0.2985494719286727,0.4704864969887693,0,0,0,1,1,0,0,1,0,0,0,0,0,0,3,1,0,1,4,golden1,golden1,1026497.5401933711
2025-07-04,48.86000061035156,0.07829978224161005,-0.012679942134539268,0.01180367951993433,-91743051.0,-90815706.0,1051.0,-854.0,-0.2699999999999996,0.7999999999999972,-0.5399999999999991,-437000.0,31559000.0,10405.0,0.0,622218.0,3561308.0,-55211.0,-2530.0,-2633.0,-8929.0,-6296.0,-1972.0,48.004740498731536,46.769614550637094,0.017816159461222947,0.04469538780250626,141141088.0,0,-0.009326826587976011,-0.009354495373900235,0.14826578836362786,0.2810585835847882,0.5275262775203585,0,0,0,1,1,0,0,0,1,0,0,0,0,0,3,1,0,1,4,golden1,golden1,1016227.0724586603
2025-07-07,48.56999969482422,0.07201917807155311,-0.01854002639820651,0.004342412775480975,-130347828.0,-151007821.0,921.0,-62102.0,-0.2699999999999996,0.7999999999999972,-2.0999999999999996,-642000.0,25378000.0,93.0,0.0,621674.0,3661220.0,-56788.0,-4787.0,-5675.0,-10885.0,-5210.0,-1253.0,48.03805089795909,46.888677663011066,0.011073488347707494,0.035857740410101036,138916123.0,0,-0.005935344083190741,-0.009354495373900235,0.15019195694322615,0.20067372721066307,0.7484385675737103,0,0,0,1,1,0,0,0,1,0,0,0,0,0,3,1,0,1,4,golden1,golden1,1009889.5737105898
2025-07-08,48.349998474121094,0.06740487588627064,-0.022985618196031066,-0.0059621899499665565,-127058140.0,-149768459.0,-360.0,-37433.0,-0.2699999999999996,0.7999999999999972,-2.1400000000000006,-61000.0,17542000.0,612.0,0.0,576676.0,3279772.0,-57530.0,-5013.0,-7175.0,-13001.0,-5826.0,1953.0,48.20022181316885,46.903721364790094,0.0031073853048393385,0.03083501835776925,119711222.0,0,-0.004529570147939865,-0.009354495373900235,0.12214177751983245,0.1968478954846501,0.6204881043767972,0,0,0,1,1,0,0,0,1,1,0,0,0,0,4,1,0,1,5,golden1,golden1,1005711.4614825523
2025-07-09,48.849998474121094,0.07855033789735888,-0.012882056534835762,0.004110934058980442,-67602472.0,-99979426.0,-350.0,-19936.0,-0.2699999999999996,0.7999999999999972,-1.3000000000000007,-308000.0,12120000.0,612.0,0.0,598572.0,3486688.0,-58711.0,-3765.0,-6863.0,-12140.0,-5277.0,3171.0,48.24376206190327,46.97937725092256,0.012566109820373095,0.03981792294110931,128308951.0,0,0.010341261960279402,-0.009354495373900235,0.12616305269703662,0.19674274953657006,0.641258968852551,0,0,0,1,1,0,0,0,1,0,0,0,0,0,3,1,0,1,4,golden1,golden1,1015816.6162755076
2025-07-10,49.40999984741211,0.0908368358301963,-0.0015660397240360169,0.0018248206233735242,-41265436.0,-76795022.0,-671.0,66301.0,-0.2699999999999996,0.7999999999999972,-1.1399999999999988,-263000.0,8662000.0,1988.0,0.0,610852.0,3632776.0,-56368.0,-5211.0,-6278.0,-13706.0,-7428.0,1539.0,48.53421545884084,47.37155994278246,0.018044680032254234,0.043030879858965365,170862542.0,0,0.01146369274888892,-0.009354495373900235,0.13049478015826976,0.19697492300980535,0.6624943833676421,0,0,0,1,1,0,0,0,1,0,0,0,0,0,3,1,0,1,4,golden1,golden1,1025436.1757404311
2025-07-11,49.619998931884766,0.09520223264367433,0.0,0.015554611380258265,-1329656.0,-37573536.0,-954.0,108085.0,0.4499999999999993,-0.7199999999999989,0.15000000000000036,-379000.0,9296000.0,2398.0,0.0,638576.0,3975598.0,-57492.0,-2281.0,-5807.0,-10965.0,-5158.0,1138.0,48.56140204180378,47.408362363824764,0.021799141819869527,0.04665076914252597,175250585.0,0,0.00425013327506929,-0.009354495373900235,0.1303462879148319,0.19196525075125315,0.6790098072683658,0,0,0,1,1,0,0,1,0,0,0,0,0,0,3,1,0,1,4,golden1,golden1,1031058.1159203709
2025-07-14,49.33000183105469,0.08877924773769519,-0.005844359271917066,0.01564756312550397,-4783332.0,-16841509.0,-823.0,130948.0,0.4499999999999993,-0.7199999999999989,0.23999999999999844,-409000.0,6337000.0,2398.0,0.0,792954.0,3916700.0,-59873.0,-3085.0,-4053.0,-10037.0,-5984.0,-774.0,48.561402506689696,47.40837177411768,0.015827370806662966,0.04053355947537751,175250691.0,0,-0.005844359271917066,-0.009354495373900235,0.13349048176100844,0.19056790480271113,0.7004877442463718,0,0,0,1,1,0,0,1,0,0,0,0,0,0,3,1,0,1,4,golden1,golden1,1023579.7373017158
2025-07-15,50.0,0.10342392480909468,0.0,0.03412619602794931,-3244648.0,-8906030.0,-1131.0,176606.0,0.4499999999999993,-0.7199999999999989,0.23000000000000043,-724000.0,5013000.0,2495.0,0.0,979988.0,4090212.0,-55352.0,2178.0,-5407.0,-10573.0,-5166.0,660.0,48.59667186725723,47.45025724226336,0.02887704196237939,0.0537350671192065,179655206.0,0,0.013581961161078349,-0.009354495373900235,0.1390022702691044,0.1916567223888286,0.7252668653442789,0,0,0,1,1,0,0,1,0,0,0,0,0,0,3,0,0,0,3,golden1,golden1,1037618.0805326648
2025-07-16,50.400001525878906,0.11198754605675099,0.0,0.03172984851942107,-28288513.0,-35331983.0,-1284.0,152219.0,0.4499999999999993,-0.7199999999999989,-0.41999999999999993,-498000.0,6478000.0,2495.0,0.0,1026568.0,4186828.0,-53396.0,5315.0,-761.0,-3208.0,-2447.0,2830.0,48.59668015932617,47.45025801506001,0.037107912734789306,0.06216496251469672,179653755.0,0,0.008000030517578027,-0.009354495373900235,0.13867350950452997,0.1881283291512389,0.7371218897768899,0,0,0,1,1,0,0,1,1,0,0,0,0,0,4,0,0,0,4,golden1,golden1,1046377.2438458937
2025-07-17,50.70000076293945,0.11822100902287014,0.0,0.02610809389822144,-74250356.0,-106556725.0,-1629.0,95532.0,0.4499999999999993,-0.7199999999999989,-0.9400000000000013,-517000.0,6256000.0,1119.0,0.0,1069278.0,4093886.0,-52217.0,4151.0,577.0,-2841.0,-3418.0,4010.0,48.59668282522643,47.45026478463534,0.04328110100184035,0.06848720429809707,179653435.0,0,0.005952365634483314,-0.008344279449378373,0.13041806067277922,0.18310056165294694,0.7122755905029753,0,0,0,1,1,0,0,1,1,0,0,0,0,0,4,0,0,0,4,golden1,golden1,1053552.9415499063
2025-07-18,51.45000076293945,0.1342717788839305,0.0,0.03688032790099016,-95214392.0,-126440165.0,-1672.0,90372.0,0.20999999999999375,-0.259999999999998,-2.7200000000000006,-453000.0,4468000.0,709.0,0.0,1048308.0,4016378.0,-48010.0,9482.0,517.0,-3635.0,-4152.0,1006.0,48.59668358391817,47.48876999168311,0.058714236622630755,0.08341405287924064,179653348.0,0,0.01479289918567872,-0.008344279449378373,0.1345333770596849,0.16479549351981018,0.8163656310390099,0,0,0,1,1,0,0,1,1,0,0,0,0,0,4,0,0,0,4,golden1,golden1,1067308.1601402764
2025-07-21,50.900001525878906,0.12168895701987048,-0.010689975294552845,0.03182646739404449,-81699899.0,-118072055.0,-2179.0,67656.0,0.20999999999999375,-0.259999999999998,-2.619999999999999,-234000.0,-1330000.0,709.0,0.0,873182.0,3920466.0,-46556.0,13317.0,855.0,-3936.0,-4791.0,1193.0,48.59669268920687,47.48876999168311,0.04739641134433814,0.07183238342019016,179652512.0,0,-0.010689975294552845,-0.009394984023304853,0.1377948883424623,0.16632184277049086,0.8284834153299204,1,0,1,1,1,0,0,1,1,0,0,0,0,0,4,0,0,0,4,golden1,golden1,1063552.8025756802
2025-07-22,50.54999923706055,0.11345143395885393,-0.017492740768377146,0.010999984741211,-93778388.0,-130927214.0,-1499.0,-19289.0,0.20999999999999375,-0.259999999999998,-2.5999999999999996,197000.0,-930000.0,0.0,0.0,637942.0,4168898.0,-44594.0,10758.0,838.0,-2351.0,-3189.0,1977.0,48.64779315241251,47.498188749111414,0.03910159046040307,0.06425109184834388,171723341.0,0,-0.006876272658664084,-0.009394984023304853,0.1331595105128713,0.16247744835632205,0.8195568791851354,0,0,0,1,1,0,0,1,1,0,0,0,0,0,4,0,0,0,4,golden1,golden1,1054912.5890147053
2025-07-23,50.70000076293945,0.11625758035925804,-0.014577259259056063,0.005952365634483314,-72565737.0,-103127291.0,-1059.0,17454.0,0.20999999999999375,-0.259999999999998,-2.2699999999999996,184000.0,-25173000.0,0.0,0.0,628722.0,4133264.0,-47841.0,5555.0,2951.0,-3227.0,-6178.0,-3731.0,48.8632172497111,47.56924710362666,0.03759031059788054,0.06581465652573071,140227346.0,0,0.002967389280768451,-0.009394984023304853,0.12621013532780073,0.1621338728005318,0.778431632747545,0,0,0,1,1,0,0,1,1,0,0,0,0,0,4,0,0,0,4,golden1,golden1,1060510.4699340626
2025-07-24,51.0,0.1221523308604675,-0.008746370384188573,0.005917144626156334,-67844579.0,-69674888.0,-141.0,-95516.0,0.20999999999999375,-0.259999999999998,-1.459999999999999,256000.0,-44760000.0,172.0,0.0,591404.0,4150410.0,-47930.0,4287.0,4330.0,-4325.0,-8655.0,-5237.0,48.97332582817533,47.56925172843808,0.04138322520580551,0.07212113175854173,119173622.0,0,0.005917144626156334,-0.009394984023304853,0.12664248559584754,0.1622197566871026,0.7806847216527502,0,0,0,1,1,0,0,1,1,0,0,0,0,0,4,0,0,0,4,golden1,golden1,1066951.8699009346
2025-07-25,50.900001525878906,0.11899491522527472,-0.010689975294552845,-0.010689975294552845,-49591278.0,-46537920.0,280.0,-88673.0,0.850000000000005,-1.6900000000000048,0.33999999999999986,216000.0,-45260000.0,172.0,0.0,563688.0,4097942.0,-47417.0,593.0,4153.0,-5584.0,-9737.0,-5585.0,49.431288761722165,47.67472371223494,0.02971220862228585,0.0676517358152251,82629714.0,0,-0.00196075439453125,-0.009394984023304853,0.12764396994091406,0.1625476353824158,0.7852711584552674,0,0,0,1,1,1,0,1,0,1,0,0,0,1,6,0,0,0,6,golden1,golden1,1064313.4209662843
2025-07-28,51.04999923706055,0.12122025632644218,-0.007774567929006437,0.0029469097580552273,-13566900.0,-20639486.0,807.0,-93239.0,0.850000000000005,-1.6900000000000048,0.5400000000000009,162000.0,-44417000.0,172.0,0.0,547280.0,4281036.0,-44979.0,1577.0,2942.0,-6878.0,-9820.0,-5029.0,49.773420687340234,47.85356484190931,0.025647796195068517,0.06679616044721204,84916605.0,0,0.0029469097580552273,-0.009394984023304853,0.12756534000588726,0.1533509799130822,0.8318521347446884,0,0,0,1,1,0,0,1,0,0,0,0,0,0,3,0,0,0,3,golden1,golden1,1068484.9995873768
2025-07-29,50.45000076293945,0.10727936205355548,-0.019436345678741418,-0.0019782092112828886,-20296360.0,-41237913.0,696.0,-70108.0,0.850000000000005,-1.6900000000000048,0.2400000000000002,60000.0,-39786000.0,58568.0,0.0,576262.0,3980558.0,-40876.0,3718.0,1000.0,-5154.0,-6154.0,-2965.0,49.77343068467868,47.92598647628672,0.013592996684253844,0.05266483743431327,84915856.0,0,-0.01175315343953065,-0.010743134201801735,0.136864231089584,0.15437506911442314,0.8865695210678088,1,0,1,1,1,1,0,1,0,1,1,0,0,0,6,0,0,0,6,golden1,golden1,1056172.6534715244
2025-07-30,51.0,0.1183750658791416,-0.008746370384188573,0.005917144626156334,-37542938.0,-96088823.0,137.0,-110981.0,0.850000000000005,-1.6900000000000048,0.25,128000.0,-16058000.0,58568.0,0.0,568702.0,3941284.0,-37831.0,10010.0,2902.0,-6248.0,-9150.0,-2972.0,49.77343094927695,48.023517878926626,0.024643048054553862,0.06197967688617623,84915836.0,0,0.010901867764976814,-0.010743134201801735,0.1403670791832324,0.15429953963382537,0.9097051068094133,0,0,0,1,1,0,0,1,0,0,0,0,0,0,3,0,0,0,3,golden1,golden1,1067379.8798403991
2025-07-31,51.54999923706055,0.12920712834912784,0.0,0.010784298765893041,13638612.0,-56070080.0,-253.0,48102.0,0.850000000000005,-1.6900000000000048,-0.07000000000000028,322000.0,2258000.0,58396.0,0.0,587034.0,4053914.0,-33644.0,14286.0,2489.0,-8460.0,-10949.0,-2294.0,50.46978857933391,48.64443191866912,0.0214031143805693,0.05973072772746901,139656583.0,0,0.010784298765893041,-0.010743134201801735,0.13752844718173854,0.15445227640371942,0.8904268061563297,0,0,0,0,1,0,0,1,1,0,0,0,0,0,3,0,0,0,3,golden1,golden1,1079157.3605259354
2025-08-01,51.099998474121094,0.11817718457027238,-0.00872940387195853,0.003929213010740451,-48789700.0,-111496846.0,-284.0,36740.0,0.21000000000000085,-0.36999999999999744,-0.4900000000000002,78000.0,2582000.0,58396.0,0.0,635294.0,4651274.0,-39537.0,7880.0,1442.0,-7752.0,-9194.0,543.0,50.46979057380035,48.64443790850418,0.012486834067583663,0.05047978085872029,139656634.0,0,-0.00872940387195853,-0.010743134201801735,0.1368762979511417,0.1549443847334176,0.8833898575068589,0,0,0,1,1,0,0,1,1,0,0,0,0,0,4,0,0,0,4,golden1,golden1,1069400.1542628722
2025-08-04,50.79999923706055,0.11032485735509145,-0.01454898178661479,-0.004897159720592237,-49987880.0,-94327282.0,-481.0,30567.0,0.21000000000000085,-0.36999999999999744,-0.3600000000000012,152000.0,6822000.0,58581.0,0.0,662430.0,4628340.0,-39080.0,5899.0,1722.0,-8011.0,-9733.0,87.0,50.52441579604718,48.848779252247994,0.005454460713129716,0.03994408897583157,167338902.0,0,-0.005870826732264578,-0.010743134201801735,0.13682512635149402,0.15465282739528194,0.8847243768895247,0,0,0,1,1,0,1,1,1,1,1,0,0,1,8,0,0,0,8,golden1,golden1,1063671.8913937951
2025-08-05,51.45000076293945,0.12312030477071123,-0.0019398346382361042,0.01982160525029375,-16553162.0,-55396915.0,-663.0,78239.0,0.21000000000000085,-0.36999999999999744,0.0600000000000005,121000.0,1655000.0,50185.0,0.0,657646.0,4613846.0,-35329.0,5547.0,5438.0,-10501.0,-15939.0,-9785.0,50.669112135534256,49.025766205492026,0.015411531690478597,0.0494481727687075,189658520.0,0,0.012795305819703673,-0.010743134201801735,0.13918524428537543,0.15507709405093628,0.8975229071526124,0,0,0,1,1,0,0,1,0,0,0,0,0,0,3,0,0,0,3,golden1,golden1,1077374.731968984
2025-08-06,51.0,0.11190749421180302,-0.010669238510194523,0.0,-24272986.0,-21958539.0,-451.0,102773.0,0.21000000000000085,-0.36999999999999744,-0.120000000000001,76000.0,1056000.0,50185.0,0.0,601292.0,4303486.0,-36380.0,1451.0,2951.0,-8917.0,-11868.0,-2718.0,50.75549332383376,49.06193440381542,0.004817344097243215,0.039502429321944144,181060791.0,0,-0.008746370384188573,-0.010743134201801735,0.1425528966024153,0.15548320294294482,0.9168379214230984,0,0,0,1,1,0,0,1,1,0,0,0,0,0,4,0,0,0,4,golden1,golden1,1068330.662803716
2025-08-07,52.45000076293945,0.14169727130787169,0.0,0.01745880774391706,21556702.0,20638613.0,-1236.0,47451.0,0.21000000000000085,-0.36999999999999744,0.2599999999999998,-147000.0,1398000.0,74185.0,0.0,603232.0,4765246.0,-34789.0,-1145.0,4970.0,-9254.0,-14224.0,-3275.0,51.82003372760586,50.09766858382844,0.012156824108703557,0.046954923165233975,281674900.0,0,0.028431387508616623,-0.010743134201801735,0.1676932826184544,0.1591358443881391,1.0537744231239528,0,0,0,0,0,0,0,1,0,0,0,0,0,0,1,1,0,1,2,golden1,golden1,1098101.538685523
2025-08-08,52.45000076293945,0.1399757829663082,0.0,0.02641883227260866,93257594.0,77993179.0,-1729.0,47443.0,0.3999999999999986,-0.5300000000000011,0.41999999999999993,175000.0,-3676000.0,74185.0,0.0,546186.0,4150988.0,-37590.0,1947.0,5026.0,-10067.0,-15093.0,-5899.0,51.88756870049407,50.207135133354825,0.010839437586522171,0.044672248747660515,293418073.0,0,0.0,-0.010743134201801735,0.16796574958042457,0.15893318439076398,1.0568324684633041,0,0,0,0,0,0,0,1,0,0,0,0,0,0,1,0,0,0,1,golden1,golden1,1097626.0275031263
2025-08-11,52.849998474121094,0.14688725930549573,0.0,0.04035431629622921,96641971.0,58088836.0,-1911.0,116755.0,0.3999999999999986,-0.5300000000000011,0.09999999999999964,244000.0,-4402000.0,74000.0,0.0,559464.0,4486306.0,-35575.0,3505.0,6980.0,-11899.0,-18879.0,-9146.0,51.92284085690912,50.285734595799205,0.01785645010771031,0.05099386334779932,304580269.0,0,0.007626267023131739,-0.010743134201801735,0.16552727322475297,0.1592961511607773,1.039116588935577,0,0,0,0,0,0,0,1,0,0,0,0,0,0,1,0,0,0,1,golden1,golden1,1106515.731782059
2025-08-12,52.900001525878906,0.14604182967746349,0.0,0.02818271606292999,87294767.0,57164273.0,-1363.0,80089.0,0.3999999999999986,-0.5300000000000011,0.10999999999999943,219000.0,-6241000.0,24000.0,0.0,563688.0,4350648.0,-35302.0,27.0,7374.0,-11575.0,-18949.0,-3010.0,51.99402262049023,50.354364531160904,0.01742467421690974,0.05055444584436519,314412132.0,0,0.0009461315648342516,-0.010743134201801735,0.16134728406785576,0.15563329116663413,1.0367144642279893,0,0,0,0,0,0,0,1,0,0,0,0,0,0,1,0,0,0,1,golden1,golden1,1107668.5803758735
2025-08-13,53.349998474121094,0.15398131173485452,0.0,0.046078401453354845,123184585.0,87729837.0,-1225.0,45917.0,0.3999999999999986,-0.5300000000000011,0.23000000000000043,285000.0,-6483000.0,24000.0,0.0,619462.0,5110360.0,-33570.0,2810.0,8695.0,-10511.0,-19206.0,-7338.0,52.098387329548075,50.50105101076576,0.02402399016030876,0.056413627168828695,340629165.0,0,0.008506558322536995,-0.010743134201801735,0.1615706777290671,0.156076683128654,1.0352006109450982,0,0,0,0,0,0,0,1,0,0,0,0,0,0,1,0,0,0,1,golden1,golden1,1116142.3471716824
2025-08-14,53.150001525878906,0.14781494682621976,-0.0037487713957330415,0.013346058203188127,11134676.0,-1561533.0,-710.0,68300.0,0.3999999999999986,-0.5300000000000011,-0.4599999999999991,198000.0,-3669000.0,0.0,0.0,568242.0,4650784.0,-34379.0,410.0,8252.0,-9097.0,-17349.0,-3125.0,52.098387329548075,50.5531119491891,0.02018515831745149,0.05136952952174223,340629165.0,0,-0.0037487713957330415,-0.010743134201801735,0.16280253313820142,0.1543749205575582,1.054591850478077,0,0,0,0,1,0,0,1,1,0,0,0,0,0,3,0,0,0,3,golden1,golden1,1112719.5339362067
2025-08-15,53.150001525878906,0.14596812259333558,-0.0037487713957330415,0.013346058203188127,-13042152.0,-32154980.0,-231.0,111152.0,0.49999999999999645,-0.8900000000000006,-0.41999999999999993,137000.0,-163000.0,0.0,0.0,579398.0,5054520.0,-34207.0,3383.0,8672.0,-9466.0,-18138.0,-3045.0,52.098387808074705,50.56151187811064,0.02018514894699308,0.05119486248766392,340629320.0,0,0.0,-0.010743134201801735,0.1562166919785849,0.15193521689253298,1.0281796095310827,0,0,0,1,1,0,0,1,1,0,0,0,0,0,4,0,0,0,4,golden1,golden1,1113337.708448384
2025-08-18,53.29999923706055,0.1474364155701806,-0.0009371928489332326,0.008514678825578548,-23290121.0,-34699313.0,9.0,102588.0,0.49999999999999645,-0.8900000000000006,-0.33000000000000007,14000.0,2456000.0,0.0,0.0,710248.0,4903606.0,-29626.0,5949.0,8559.0,-8840.0,-17399.0,1480.0,52.098387808074705,50.56151187811064,0.0230642728026913,0.054161500659861916,340629320.0,0,0.0028221581726315392,-0.008896709536955677,0.14924184649900166,0.15127185115784908,0.9865804203273142,0,0,0,1,1,0,0,1,1,0,0,0,0,0,4,0,0,0,4,golden1,golden1,1117984.7583516268
2025-08-19,53.20000076293945,0.14354193290806028,-0.002811578546799809,0.005671062918850556,-40518720.0,-44970086.0,-237.0,94233.0,0.49999999999999645,-0.8900000000000006,-0.41000000000000014,43000.0,5416000.0,13500.0,0.0,810872.0,4879524.0,-32633.0,2669.0,8115.0,-7074.0,-15189.0,3760.0,52.098387808074705,50.60310589992208,0.02114485689889256,0.05131888283998354,340629320.0,0,-0.0018761440066130675,-0.008896709536955677,0.1461666327194042,0.15136479979619552,0.9656580190124099,0,0,0,1,1,0,0,1,1,0,0,0,0,0,4,0,0,0,4,golden1,golden1,1114300.3444166882
2025-08-20,51.70000076293945,0.10976059625566448,-0.030927793034183804,-0.030927793034183804,-235488967.0,-187663338.0,811.0,73478.0,0.49999999999999645,-0.8900000000000006,-1.4100000000000001,-161000.0,34370000.0,18987.0,0.0,895050.0,5381276.0,-35143.0,-1573.0,2617.0,1090.0,-1527.0,17679.0,52.12405888467043,50.60310981958824,-0.008135554498341135,0.021676354422917488,334489715.0,0,-0.028195488317453887,-0.012575270183426811,0.18247056731080175,0.16249336018731603,1.1229416826660288,1,0,1,1,1,1,1,1,1,1,0,0,1,1,9,1,0,1,10,golden1,golden1,1082425.685529317
2025-08-21,52.0,0.11447776195695525,-0.025304564437353183,-0.021636904851620176,-236646943.0,-182147377.0,1329.0,74947.0,0.49999999999999645,-0.8900000000000006,-1.3100000000000005,-160000.0,34362000.0,18987.0,0.0,927462.0,5518724.0,-30387.0,3992.0,4258.0,-742.0,-5000.0,12349.0,52.12406004801803,50.60311393472398,-0.002380091802206996,0.027604745175918488,334489585.0,0,0.005802693087687549,-0.012575270183426811,0.182430440563835,0.16262879683182904,1.1217597628326699,0,0,0,1,1,1,1,1,1,1,0,0,1,1,9,0,0,0,9,golden1,golden1,1090436.242472913
2025-08-22,51.75,0.10708803684334134,-0.02999060018525057,-0.026340573578295,-247356990.0,-172395378.0,1330.0,3076.0,1.1200000000000045,-1.6599999999999966,-0.8099999999999987,-100000.0,30546000.0,18987.0,0.0,944502.0,5539556.0,-26735.0,7472.0,4906.0,-510.0,-5416.0,12722.0,52.14237485348698,50.60311436674771,-0.007525066792402502,0.022664329016198526,329558723.0,0,-0.004807692307692291,-0.012575270183426811,0.18332801091989012,0.16332132458132564,1.122498922843368,0,0,0,1,1,1,1,1,1,1,0,0,1,1,9,0,0,0,9,golden1,golden1,1085195.1243398674
2025-08-25,52.70000076293945,0.12533500023695998,-0.012183650042594474,-0.01125700718029099,-231828699.0,-162871679.0,864.0,-6754.0,1.1200000000000045,-1.6599999999999966,-2.0699999999999994,61000.0,32065000.0,22106.0,0.0,814040.0,5542310.0,-25609.0,4017.0,5500.0,-2521.0,-8021.0,9378.0,52.21813174024075,50.68786956938155,0.009228001972490407,0.03969650353530252,341269703.0,0,0.01835750266549674,-0.012575270183426811,0.19349830513423857,0.1588182130455507,1.2183634447438423,0,1,1,1,1,1,0,1,1,1,0,0,0,1,7,0,0,0,7,golden1,golden1,1106860.8410646128
2025-08-26,52.75,0.12430197292486955,-0.011246457193661241,-0.008458660836203169,-234757700.0,-175443547.0,1061.0,33790.0,1.1200000000000045,-1.6599999999999966,-2.46,-113000.0,32142000.0,9882.0,0.0,711338.0,5617160.0,-27132.0,5501.0,3532.0,-170.0,-3702.0,11487.0,52.218131805697666,50.701111955631106,0.010185507905211999,0.04041110668661263,341269745.0,0,0.0009487521126509968,-0.009718826280851838,0.18696074464442802,0.15865108993512794,1.1784397114503016,0,0,0,1,1,1,1,1,1,1,0,0,0,1,8,0,0,0,8,golden1,golden1,1107347.985800644
2025-08-27,53.0,0.12641332883696532,-0.006560421445763853,0.0251450525701431,-41664076.0,-53566338.0,14.0,84974.0,1.1200000000000045,-1.6599999999999966,-1.62,162000.0,-10699000.0,24395.0,0.0,582852.0,4639238.0,-24771.0,10372.0,4062.0,-656.0,-4718.0,-3191.0,52.246827891912794,50.81235733554747,0.01441565236544795,0.043053359048195405,354272226.0,0,0.004739336492890933,-0.009718826280851838,0.18446209247819328,0.15287552782180405,1.2066162263276528,0,0,0,1,1,0,0,1,1,0,0,0,0,0,4,0,0,0,4,golden1,golden1,1115204.0064593493
2025-08-28,52.5,0.11243249148489887,-0.015932492941558518,0.009615384615384581,-36993977.0,-49984301.0,-215.0,88484.0,1.1200000000000045,-1.6599999999999966,-2.5600000000000005,112000.0,-13538000.0,24395.0,0.0,579826.0,4703648.0,-26087.0,4300.0,2689.0,1022.0,-1667.0,3333.0,52.3741768248431,50.83998901278056,0.002402389551203754,0.03265167871696684,299531366.0,0,-0.009433962264150941,-0.010372038566816087,0.18563394304944678,0.1548670427498815,1.1986665448842815,0,0,0,1,1,0,0,1,1,0,0,0,0,0,4,0,0,0,4,golden1,golden1,1104626.807607639
2025-08-29,52.5,0.10868549371169012,-0.015932492941558518,0.01449275362318847,-10908970.0,-32404126.0,-488.0,125921.0,0.5300000000000011,-1.1199999999999974,-3.330000000000001,67000.0,-8620000.0,24395.0,0.0,581686.0,4724700.0,-26309.0,426.0,3585.0,88.0,-3497.0,1919.0,52.375863466708616,50.864663421462176,0.0023701095328059196,0.03215074019044417,303599280.0,0,0.0,-0.010372038566816087,0.18213234241375528,0.15494114016942043,1.1754937533995338,0,0,0,1,1,0,0,1,1,0,0,0,0,0,4,0,0,0,4,golden1,golden1,1104579.3263148302
2025-09-01,52.0,0.09539696185030877,-0.025304564437353183,-0.013282746732552586,-70247764.0,-69461909.0,-275.0,39429.0,0.5300000000000011,-1.1199999999999974,-2.45,-77000.0,-10297000.0,21276.0,0.0,621230.0,5073396.0,-26664.0,-1055.0,4956.0,727.0,-4229.0,3792.0,52.53396715020578,50.88354199896769,-0.010164226674126087,0.021941436408946524,275917012.0,0,-0.00952380952380949,-0.01045739346349171,0.18451642389094147,0.1561147445648722,1.181928231092017,0,0,0,1,1,0,1,1,1,0,0,0,0,1,6,1,0,1,7,golden1,golden1,1092052.6612910936
2025-09-02,52.0,0.09289617398716521,-0.025304564437353183,-0.014218009478673022,-61972144.0,-56693786.0,-466.0,-6552.0,0.5300000000000011,-1.1199999999999974,-2.0600000000000005,218000.0,-10813000.0,21000.0,0.0,673086.0,5572466.0,-24295.0,2837.0,4499.0,-202.0,-4701.0,-999.0,52.63963530161385,51.025497427395514,-0.012151210735957374,0.019098345371176606,251408947.0,0,0.0,-0.01045739346349171,0.1794004396185171,0.14733251616151552,1.2176567962896025,0,1,1,1,1,0,0,1,1,1,0,0,0,1,6,0,0,0,6,golden1,golden1,1092052.6612910936
2025-09-03,51.95000076293945,0.08932120726486903,-0.026241757286286527,-0.019811306359632908,-85163373.0,-52455622.0,-775.0,16029.0,0.5300000000000011,-1.1199999999999974,-2.04,-12000.0,3037000.0,1000.0,0.0,686632.0,5808576.0,-24788.0,-17.0,2736.0,-3086.0,-5822.0,-1104.0,52.63963530161385,51.025497427395514,-0.013101050847387885,0.018118458068133947,251408947.0,0,-0.0009615237896258844,-0.01045739346349171,0.17612391522743195,0.14739226109445014,1.1949332612149177,0,0,0,1,1,0,1,1,1,1,0,0,0,1,7,1,0,1,8,golden1,golden1,1091945.825750365
2025-09-04,52.29999923706055,0.09414510401271747,-0.019681335840522673,-0.003809538341703833,-47192273.0,-26337919.0,-882.0,2303.0,0.5300000000000011,-1.1199999999999974,-0.9199999999999999,97000.0,2191000.0,1698.0,0.0,720250.0,6046468.0,-23503.0,2584.0,2688.0,-4398.0,-7086.0,-5419.0,52.80417128182133,51.06625423960713,-0.009547958665423795,0.02415969245883165,126766592.0,0,0.0067372178822138196,-0.01045739346349171,0.14544163629676723,0.1477154994671343,0.9846064686605688,0,0,0,1,1,0,1,1,1,1,0,0,0,1,7,0,0,0,7,golden1,golden1,1099302.4003428554
2025-09-05,52.849998474121094,0.10282223327499795,-0.009372071495794665,0.006666637602306569,-39987713.0,-30754920.0,-1055.0,23924.0,0.8399999999999963,-1.6300000000000026,-0.3899999999999997,115000.0,-5456000.0,1698.0,0.0,718732.0,6013952.0,-21304.0,5005.0,3039.0,-4565.0,-7604.0,-4107.0,52.85540236956102,51.091659310608485,-0.0001022392262222116,0.034415385744724025,119005354.0,0,0.010516237955713104,-0.01045739346349171,0.15025133220579792,0.14874673193255003,1.0101151820527403,0,0,0,1,1,0,0,1,1,0,0,0,0,0,4,0,0,0,4,golden1,golden1,1111555.372260665
2025-09-08,53.349998474121094,0.11019487717428733,0.0,0.025961509117713444,19665003.0,14202295.0,-1142.0,112920.0,0.8399999999999963,-1.6300000000000026,0.1800000000000006,63000.0,-7325000.0,1698.0,0.0,671584.0,5656364.0,-21999.0,4665.0,3048.0,-4693.0,-7741.0,-3512.0,52.96801506279628,51.20701900219756,0.007211586291688388,0.04184933069100483,139478396.0,0,0.009460738210708364,-0.01045739346349171,0.15155329134592174,0.1494808404090587,1.0138643248940247,0,0,0,0,0,0,0,1,0,0,0,0,0,0,1,0,0,0,1,golden1,golden1,1121276.9701860298
2025-09-09,53.900001525878906,0.11845743179865176,0.0,0.036538490882286556,45102633.0,36550280.0,-925.0,131015.0,0.8399999999999963,-1.6300000000000026,0.3600000000000003,-22000.0,-8609000.0,698.0,0.0,629418.0,5351708.0,-18792.0,5503.0,4629.0,-5388.0,-10017.0,-5316.0,53.199757462764666,51.370652263974556,0.01316254239700898,0.04923724248053096,165307505.0,0,0.0103093358479589,-0.01045739346349171,0.1554999765771475,0.15035274489538,1.034234371213835,0,0,0,0,0,0,0,1,0,0,0,0,0,0,1,0,0,0,1,golden1,golden1,1132816.8730089646
2025-09-10,54.95000076293945,0.1366369047679168,0.0,0.05774783360812119,83633787.0,62553695.0,-334.0,141702.0,0.8399999999999963,-1.6300000000000026,0.5,400000.0,-10465000.0,698.0,0.0,659934.0,5473086.0,-17813.0,6975.0,7110.0,-2159.0,-9269.0,-3447.0,53.63551893884831,51.61875193651326,0.024507674207269847,0.06453563291346809,188196623.0,0,0.01948050477431651,-0.01045739346349171,0.1669964809236097,0.15391293817806861,1.085006126842983,0,0,0,0,0,0,0,1,0,0,0,0,0,0,1,0,0,0,1,golden1,golden1,1154696.480266521
2025-09-11,55.45000076293945,0.14308686523113923,0.0,0.06022947556080971,92192222.0,64293560.0,391.0,56175.0,0.8399999999999963,-1.6300000000000026,2.01,532000.0,-11425000.0,0.0,0.0,653908.0,5337434.0,-16317.0,7186.0,7131.0,-1802.0,-8933.0,-1847.0,53.876514614316974,51.76853334561213,0.029205418351326395,0.07111399878280245,217020882.0,0,0.009099180947368168,-0.01045739346349171,0.1678338214099758,0.1523239265802353,1.10182178977359,0,0,0,0,0,0,0,1,0,0,0,0,0,0,1,0,0,0,1,golden1,golden1,1161137.5198612402
2025-09-12,56.0,0.1507982378401982,0.0,0.059602679599344954,92538727.0,78430981.0,699.0,43502.0,-0.7199999999999918,1.490000000000002,2.6399999999999997,548000.0,-4531000.0,0.0,0.0,799410.0,5232692.0,-18558.0,2746.0,6792.0,-1930.0,-8722.0,-1118.0,54.06662351645281,51.88755925559715,0.035759149689805536,0.07925677760530325,238360316.0,0,0.009918831911507331,-0.01045739346349171,0.1698113195708079,0.1527557546749089,1.1116525196199398,0,0,0,0,0,0,0,0,0,0,0,0,0,0,0,0,0,0,0,golden1,golden1,1172867.5192539673
2025-09-15,56.0,0.1471384269863507,0.0,0.04967200752900425,61842494.0,55385158.0,436.0,-10995.0,-0.7199999999999918,1.490000000000002,2.4699999999999998,635000.0,-4471000.0,1537.0,0.0,807404.0,5092360.0,-18896.0,3103.0,5802.0,-2372.0,-8174.0,-433.0,54.06662351645281,51.887565038244546,0.035759149689805536,0.07925665732674725,238360316.0,0,0.0,-0.01045739346349171,0.17007299666045808,0.151083057763283,1.1256920476611514,0,0,0,0,0,0,0,0,0,0,0,0,0,0,0,0,0,0,0,golden1,golden1,1170918.272533294
2025-09-16,56.75,0.15886686268330452,0.0,0.05287566592651638,28886587.0,33230294.0,351.0,1594.0,-0.7199999999999918,1.490000000000002,2.29,670000.0,-2342000.0,1537.0,0.0,922054.0,5100156.0,-18244.0,548.0,6206.0,-3419.0,-9625.0,392.0,54.06662351645281,51.93401292569464,0.049630924016008215,0.09273281233237074,238360316.0,0,0.013392857142857206,-0.01045739346349171,0.17343116569007452,0.14933101624630307,1.1613874334319216,0,0,0,0,0,0,0,0,0,0,0,0,0,0,0,0,0,0,0,golden1,golden1,1186166.315251266
2025-09-17,56.349998474121094,0.1472868691968714,-0.007048485037513763,0.025477664999885796,-41705492.0,-9840745.0,-405.0,-75258.0,-0.7199999999999918,1.490000000000002,2.0200000000000005,292000.0,-377000.0,1537.0,0.0,907922.0,4811488.0,-18862.0,-1049.0,2912.0,2719.0,-193.0,9076.0,54.06663510337433,52.13215289493231,0.042232392794206985,0.08090679829949621,238359149.0,0,-0.007048485037513763,-0.009438454627133868,0.13435044984876088,0.1487723980476836,0.9030603230963562,0,0,0,1,1,0,0,0,0,0,0,0,0,0,2,1,0,1,3,golden1,golden1,1177561.7100279895
2025-09-18,56.95000076293945,0.15597258234631406,0.0,0.027051397283343936,-72685408.0,-34739576.0,-1121.0,5872.0,-0.7199999999999918,1.490000000000002,-1.1499999999999995,118000.0,-3633000.0,1537.0,0.0,877524.0,4788832.0,-18552.0,-2235.0,5233.0,1509.0,-3724.0,5209.0,54.066637210248956,52.25056779484772,0.05332981116391533,0.0899403234533871,238358906.0,0,0.010647778262033336,-0.009438454627133868,0.13613452473342297,0.14963667087762098,0.9097671308442794,0,0,0,1,1,0,0,0,1,0,0,0,0,0,3,1,0,1,4,golden1,golden1,1190492.2587586935
2025-09-19,57.0,0.1535104916332546,0.0,0.017857142857142794,-112563549.0,-74485850.0,-1006.0,-26138.0,0.14999999999999858,-0.22000000000000597,-2.0599999999999996,121000.0,2117000.0,1836.0,0.0,737898.0,4970268.0,-17603.0,955.0,6382.0,1020.0,-5362.0,3360.0,54.06664061065125,52.50307048180069,0.05425451546865423,0.08565079102865214,238358887.0,0,0.0008779497171329531,-0.009438454627133868,0.13237191490938394,0.1496450656080437,0.8845725341595808,0,0,0,1,1,0,0,1,1,0,0,0,0,0,4,0,0,0,4,golden1,golden1,1191217.069310369
2025-09-22,57.400001525878906,0.1583177454819682,0.0,0.025000027247837675,-120252889.0,-86065439.0,-113.0,28559.0,0.14999999999999858,-0.22000000000000597,-2.12,41000.0,8362000.0,1099.0,0.0,726728.0,5063514.0,-17239.0,1657.0,7475.0,-517.0,-7992.0,182.0,54.215569529412456,52.563973194591775,0.05873648518510666,0.09200271663985826,214937178.0,0,0.007017570629454406,-0.009438454627133868,0.12283020946177269,0.1498635711804817,0.8196135224473429,0,0,0,1,1,0,0,1,1,0,0,0,0,0,4,0,0,0,4,golden1,golden1,1200107.0011932063
2025-09-23,58.45000076293945,0.1758375096597864,0.0,0.02995596058043093,-134525172.0,-98231578.0,-107.0,55555.0,0.14999999999999858,-0.22000000000000597,-2.1399999999999997,69000.0,9695000.0,4099.0,0.0,651284.0,5236612.0,-16200.0,2044.0,8335.0,-354.0,-8689.0,936.0,54.21556981579349,52.563977778825354,0.07810359572966119,0.11197826406671219,214937136.0,0,0.01829266914892247,-0.009438454627133868,0.13164941697300497,0.15304852096580515,0.8601809161058063,0,0,0,1,1,0,0,1,1,0,0,0,0,0,4,0,0,0,4,golden1,golden1,1220512.6534611327
2025-09-24,58.400001525878906,0.17114455256901118,-0.0008554189291345438,0.036379824441331365,-133283958.0,-98553966.0,499.0,71507.0,0.14999999999999858,-0.22000000000000597,-2.8500000000000005,144000.0,22187000.0,7599.0,0.0,662658.0,5703936.0,-19917.0,-1055.0,5821.0,2560.0,-3261.0,-3068.0,54.293844604670426,52.56398004918726,0.0756284059658443,0.11102700882297212,201934891.0,0,-0.0008554189291345438,-0.009438454627133868,0.13338211164409197,0.1531500089123544,0.8709246090898022,0,0,0,1,1,0,0,1,1,0,0,0,0,0,4,1,0,1,5,golden1,golden1,1220215.6533476913
2025-09-25,58.20000076293945,0.16349098706427534,-0.004277159909953587,0.021949077844674036,-151788248.0,-104095073.0,790.0,49662.0,0.14999999999999858,-0.22000000000000597,-1.1500000000000004,190000.0,31123000.0,10117.0,0.0,652794.0,5531752.0,-21779.0,-3227.0,5206.0,2189.0,-3017.0,707.0,54.29384824127166,52.56398227363032,0.07194466128666344,0.10722206053510042,201935079.0,0,-0.0034246705087982443,-0.0071722512618285494,0.12633872698181342,0.1520805633959933,0.8307355270170043,0,0,0,1,1,0,0,1,1,0,0,0,0,0,4,1,0,1,5,golden1,golden1,1215271.5353280867
2025-09-26,57.25,0.14128227247497516,-0.02053038062063328,0.004385964912280604,-221690682.0,-143828212.0,1084.0,-8981.0,1.3299999999999983,-2.3799999999999955,-1.3900000000000006,84000.0,48937000.0,12028.0,0.0,727970.0,6183236.0,-25119.0,-7516.0,5692.0,2320.0,-3372.0,1990.0,54.33073528807185,52.56398596432954,0.05373136764024378,0.08914875745630169,197867422.0,0,-0.016323036949930647,-0.009863770895115549,0.14686327235259217,0.15511064347047887,0.9468291089936948,1,0,1,1,1,0,0,1,1,0,0,0,0,0,4,1,0,1,5,golden1,golden1,1193225.3099068087
2025-09-30,57.79999923706055,0.14901397939583316,-0.011120641871591563,0.006968601054850199,-208952026.0,-136071438.0,854.0,-18135.0,1.3299999999999983,-2.3799999999999955,-1.33,68000.0,44709000.0,11308.0,0.0,3714626.0,6335492.0,-21930.0,-4691.0,7756.0,2330.0,-5426.0,2566.0,54.3307367783996,52.563986658519006,0.06385450786009272,0.09961216626427527,197867507.0,0,0.009606973573109912,-0.007512212633134606,0.1382900821590141,0.15468840820887486,0.8939912418794936,0,0,0,1,1,0,0,1,1,0,0,0,0,0,4,1,0,1,5,golden1,golden1,1206952.2567643712
2025-10-01,58.099998474121094,0.1517893566598829,-0.005988063032503543,-0.005988063032503543,-198371586.0,-136281204.0,1036.0,-41091.0,1.3299999999999983,-2.3799999999999955,-0.8799999999999999,-55000.0,42975000.0,8308.0,0.0,3714056.0,7217958.0,-22349.0,-6149.0,6360.0,4943.0,-1417.0,7272.0,54.330740302539425,52.57842179146239,0.06937616072581831,0.10501602167821811,197867692.0,0,0.0051902982875506876,-0.007512212633134606,0.1368530336618815,0.15396175041438476,0.8888768365749578,0,0,0,1,1,1,0,1,1,1,0,0,1,1,8,1,0,1,9,golden1,golden1,1212062.5845227472
2025-10-02,59.20000076293945,0.17023512460561552,0.0,0.013698616715036138,-132818602.0,-99580070.0,482.0,43237.0,1.3299999999999983,-2.3799999999999955,0.1200000000000001,-1000.0,30292000.0,4808.0,0.0,3685294.0,6065558.0,-23187.0,-3270.0,7702.0,4683.0,-3019.0,242.0,55.125846334850536,53.00857461171042,0.07390642863496932,0.11680046476596351,236483262.0,0,0.018932914246259758,-0.007512212633134606,0.14231906832516647,0.1566677570338915,0.9084132626879887,0,0,0,1,1,0,0,1,0,0,0,0,0,0,3,1,0,1,4,golden1,golden1,1234001.39457979
2025-10-03,60.04999923706055,0.18368562310857417,0.0,0.03178691494621311,-101790646.0,-84386131.0,891.0,138412.0,0.17999999999999972,-0.240000000000002,-0.03000000000000025,-69000.0,22553000.0,2790.0,0.0,3710840.0,6856416.0,-20852.0,927.0,8701.0,3320.0,-5381.0,-2364.0,55.366042213627026,53.2530453776164,0.08459981671365835,0.1276350265275359,217958515.0,0,0.01435808214808687,-0.007512212633134606,0.14496881588631969,0.157425894490587,0.9208702059811884,0,0,0,1,1,0,0,1,1,0,0,0,0,0,4,0,0,0,4,golden1,golden1,1251650.020915537
2025-10-07,61.70000076293945,0.2123683329088768,0.0,0.07772927096837479,-66823933.0,-75033897.0,82.0,226438.0,0.17999999999999972,-0.240000000000002,-0.05999999999999961,68000.0,933000.0,4580.0,0.0,3660194.0,5975496.0,-23701.0,1418.0,9141.0,2810.0,-6331.0,-2959.0,55.46652113794293,53.27867505187917,0.11238274002247439,0.15806184562322856,209588537.0,0,0.02747712817389325,-0.007512212633134606,0.16197215227497588,0.16503487347319576,0.9814419756639053,0,0,0,1,1,0,0,1,1,0,0,0,0,0,4,0,0,0,4,golden1,golden1,1285556.6757320592
2025-10-08,61.150001525878906,0.1979362094443171,-0.008914088010691046,0.057958517872615856,-127545366.0,-112994685.0,246.0,181593.0,0.17999999999999972,-0.240000000000002,0.0600000000000005,92000.0,13622000.0,4500.0,0.0,676990.0,6644904.0,-30405.0,-8475.0,9605.0,5360.0,-4245.0,1181.0,55.84278951506723,53.27867867331751,0.0950384473429593,0.14773870239585052,177953426.0,0,-0.008914088010691046,-0.009284535457653027,0.17230705072471808,0.1659100167678878,1.038557249775822,0,0,0,1,1,0,0,1,0,0,0,0,0,0,3,1,0,1,4,golden1,golden1,1273921.658875073
2025-10-09,61.599998474121094,0.20286654130147164,-0.001620782618829808,0.06024096543752866,-134145014.0,-110351366.0,41.0,188639.0,0.6299999999999955,-1.1500000000000021,-0.2600000000000007,120000.0,11954000.0,4500.0,0.0,677130.0,5183030.0,-28752.0,-6403.0,10587.0,5645.0,-4942.0,-3525.0,56.40729680619862,53.30206081751064,0.09205726850842177,0.155677614136158,137887939.0,0,0.0073589033035714735,-0.009284535457653027,0.17185085717376222,0.16480373463186004,1.0427606968837453,0,0,0,1,1,0,0,1,1,0,0,0,0,0,4,1,0,1,5,golden1,golden1,1284296.971647393
2025-10-13,61.0,0.18748661608908845,-0.011345231025668201,0.03040539212606541,-337373372.0,-223233278.0,1860.0,108015.0,0.6299999999999955,-1.1500000000000021,-0.6699999999999999,88000.0,27309000.0,6231.0,0.0,869384.0,5837386.0,-33061.0,-9874.0,10916.0,6196.0,-4720.0,-1701.0,57.21340710351172,53.302079625832135,0.06618366372828488,0.14442063852302622,88783297.0,0,-0.009740235210771275,-0.010069375297729243,0.1744331616921617,0.16675017768491215,1.046074817513941,0,0,0,1,1,0,0,1,1,0,0,0,0,0,4,1,0,1,5,golden1,golden1,1267943.4687604138
2025-10-14,60.70000076293945,0.17825185383368813,-0.016207455229087397,0.01082433862010368,-394495014.0,-275861437.0,653.0,-110140.0,0.6299999999999955,-1.1500000000000021,-0.8499999999999996,263000.0,22786000.0,5731.0,0.0,1075154.0,5953296.0,-27444.0,-6592.0,11890.0,7735.0,-4155.0,1226.0,58.06113386461981,53.302079625832135,0.045449799593522355,0.1387923546142844,59959038.0,0,-0.0049180202796811345,-0.010069375297729243,0.17744707614844119,0.16748164503040605,1.0595016314547538,0,0,0,1,1,0,0,1,1,0,0,0,0,0,4,1,0,1,5,golden1,golden1,1261406.8668064473
2025-10-15,61.79999923706055,0.19579728053456713,0.0,0.0016207207922946942,-354920540.0,-251604915.0,1188.0,-93511.0,0.6299999999999955,-1.1500000000000021,0.11000000000000032,154000.0,21102000.0,1731.0,0.0,1122902.0,6865336.0,-21671.0,2030.0,6670.0,4528.0,-2142.0,4189.0,59.200048320275165,53.30208226763275,0.04391805396373183,0.15942936200426994,38619641.0,0,0.01812188567207884,-0.010069375297729243,0.1830145744814662,0.168612921619267,1.0854125100490137,0,0,0,1,1,0,0,1,0,0,0,0,0,0,3,0,0,0,3,golden1,golden1,1285009.748373035
2025-10-16,63.0,0.21483545559123374,0.0,0.030253449353360384,-299383206.0,-218276648.0,765.0,-11844.0,0.6299999999999955,-1.1500000000000021,0.04999999999999982,143000.0,10256000.0,1931.0,0.0,1192530.0,6177048.0,-22035.0,8370.0,7126.0,4311.0,-2815.0,1430.0,59.200048320275165,53.30208226763275,0.06418832057647839,0.18194256809093234,38619641.0,0,0.019417488313168585,-0.010069375297729243,0.18886062854024158,0.16937233498476742,1.115061846181827,0,0,0,1,1,0,0,1,0,0,0,0,0,0,3,0,0,0,3,golden1,golden1,1311346.1094628118
2025-10-17,62.04999923706055,0.19263276356094083,-0.01507937718951513,0.007305207371531175,-393107798.0,-305042748.0,1225.0,-82059.0,0.10999999999999943,0.20000000000000284,-0.25,186000.0,10923000.0,2331.0,0.0,1225394.0,7039384.0,-25586.0,3166.0,10188.0,6452.0,-3736.0,1206.0,59.20008115883896,53.30208857067966,0.0481404420810676,0.16411947263156446,38620086.0,0,-0.01507937718951513,-0.015141560177535906,0.20069661417274642,0.17235107158456692,1.1644639765078066,0,0,0,1,1,0,0,0,1,0,0,0,0,0,3,0,0,0,3,golden1,golden1,1290203.1657619188
2025-10-20,63.099998474121094,0.20855466204653372,0.0,0.034426204493788415,-246052468.0,-225199127.0,-433.0,16420.0,0.10999999999999943,0.20000000000000284,0.11000000000000032,132000.0,-785000.0,600.0,0.0,1107202.0,6419772.0,-25251.0,7810.0,10063.0,6238.0,-3825.0,895.0,59.20008115883896,53.328220442054835,0.06587689136469788,0.18323840456450324,38620086.0,0,0.016921825140545854,-0.015141560177535906,0.20035986537957726,0.17453264145993383,1.147979333284613,0,0,0,1,1,0,0,0,0,0,0,0,0,0,2,0,0,0,2,golden1,golden1,1312510.5834577093
2025-10-21,63.20000076293945,0.20622773898833313,0.0,0.04118616093208316,-264987436.0,-232471995.0,136.0,149782.0,0.10999999999999943,0.20000000000000284,-0.14000000000000012,33000.0,-1779000.0,600.0,0.0,904132.0,5664086.0,-23282.0,4162.0,10483.0,5871.0,-4612.0,-457.0,59.20008115883896,53.32822186228517,0.06756611690055547,0.18511359568948627,38620086.0,0,0.0015848223650809512,-0.015141560177535906,0.20000285848118723,0.17452473613265135,1.1459857376846034,0,0,0,1,1,0,0,0,1,0,0,0,0,0,3,0,0,0,3,golden1,golden1,1315054.0979094158
2025-10-22,62.70000076293945,0.19264158823972188,-0.007911392309558285,0.014563131666499807,-334247233.0,-260237367.0,473.0,123650.0,0.10999999999999943,0.20000000000000284,-0.29000000000000004,19000.0,17413000.0,2100.0,0.0,865308.0,5445630.0,-26095.0,-4424.0,6358.0,2886.0,-3472.0,-1330.0,59.20013433462668,53.347970432337895,0.059119231191772315,0.17530245770948105,38620435.0,0,-0.007911392309558285,-0.015141560177535906,0.2049497457331373,0.17576212004432884,1.1660632318354323,0,0,0,1,1,0,0,0,1,0,0,0,0,0,3,1,0,1,4,golden1,golden1,1306806.4549736811
2025-10-23,62.349998474121094,0.18185326401857682,-0.013449403141729155,-0.01031748453776038,-455309469.0,-350645781.0,1073.0,18667.0,0.47000000000000597,-0.8200000000000003,-0.8200000000000003,58000.0,18319000.0,1931.0,0.0,823742.0,5105264.0,-24307.0,-2272.0,7854.0,1941.0,-5913.0,-3098.0,59.200179485046895,53.3932190207144,0.05320624052955436,0.16775125414206316,38620547.0,0,-0.0055821735974401765,-0.015141560177535906,0.20804361963806675,0.17675165585725158,1.1770391549038004,0,0,0,1,1,1,1,1,1,1,0,0,0,0,7,1,0,1,8,golden1,golden1,1298118.540668544
2025-10-27,63.79999923706055,0.2048818353301034,0.0,0.028203062393509004,-331396471.0,-255299916.0,514.0,46728.0,0.47000000000000597,-0.8200000000000003,0.3100000000000005,-3000.0,13107000.0,1531.0,0.0,791272.0,4807090.0,-24211.0,1375.0,7979.0,2524.0,-5455.0,-1719.0,60.10853717283239,53.55686998694324,0.061413274018197406,0.19125705539951277,48123901.0,0,0.023255826759022158,-0.015141560177535906,0.2131771460864303,0.17848639134188818,1.1943607828234504,0,0,0,1,1,0,0,1,0,0,0,0,0,0,3,0,0,0,3,golden1,golden1,1330979.810308284
2025-10-28,63.349998474121094,0.1923246764517248,-0.00705330357869427,0.00396196523051473,-366510379.0,-283179932.0,869.0,-34992.0,0.47000000000000597,-0.8200000000000003,-0.020000000000000462,9000.0,-26094000.0,1531.0,0.0,718542.0,4758094.0,-27454.0,-2203.0,7829.0,2200.0,-5629.0,-1804.0,60.108559629042475,53.55687337376914,0.05392641023313538,0.18285468294623008,48123874.0,0,-0.00705330357869427,-0.015141560177535906,0.2163439034697212,0.179304565184405,1.2065721988016493,0,0,0,1,1,0,0,1,1,0,0,0,0,0,4,1,0,1,5,golden1,golden1,1320842.0753985655
2025-10-29,64.4000015258789,0.2077708341680451,0.0,0.018987353614766667,-284223388.0,-223829079.0,351.0,5445.0,0.47000000000000597,-0.8200000000000003,0.3900000000000001,18000.0,-25367000.0,1531.0,0.0,701118.0,5283326.0,-24421.0,-1139.0,8730.0,2227.0,-6503.0,-1891.0,60.52840251651779,53.85687433555825,0.06396334362706146,0.19576195834595067,53342209.0,0,0.016574634207556338,-0.015141560177535906,0.2186743896177683,0.1806714884179707,1.210342547861678,0,0,0,1,1,0,0,1,0,0,0,0,0,0,3,1,0,1,4,golden1,golden1,1343054.558611412
2025-10-30,64.4000015258789,0.2035021450941572,0.0,0.027113249477730195,-229062234.0,-188669054.0,-67.0,-48403.0,0.47000000000000597,-0.8200000000000003,0.08000000000000007,124000.0,-30762000.0,31.0,0.0,668040.0,4542554.0,-24746.0,1349.0,9009.0,3403.0,-5606.0,-2134.0,60.528432634328304,53.8568762947706,0.06396281421889771,0.19576191484636896,53341852.0,0,0.0,-0.010007192309708469,0.20462648283716378,0.17896768871109228,1.1433710984975198,0,0,0,1,1,0,0,1,0,0,0,0,0,0,3,0,0,0,3,golden1,golden1,1342911.8753315085
2025-10-31,64.75,0.2058008799087503,0.0,0.038492407130932715,-108670046.0,-88975777.0,-550.0,18853.0,-0.46999999999999886,0.7600000000000016,0.54,120000.0,-37246000.0,5000.0,0.0,641334.0,5361478.0,-22936.0,1371.0,9222.0,2460.0,-6762.0,-849.0,60.528436982081516,54.017409533582715,0.06974511863189536,0.19868761866014362,53341767.0,0,0.005434758786153848,-0.010007192309708469,0.2041811272771186,0.17782067969994478,1.1482417434330727,0,0,0,1,1,0,0,0,0,0,0,0,0,0,2,0,0,0,2,golden1,golden1,1349935.6220215058
2025-11-03,64.1500015258789,0.19086019904047546,-0.009266385700711921,0.005485929357426089,-222568294.0,-139925247.0,-192.0,70808.0,-0.46999999999999886,0.7600000000000016,-0.33999999999999986,89000.0,-22053000.0,5555.0,0.0,629912.0,5041074.0,-27880.0,-3669.0,9154.0,2385.0,-6769.0,-1314.0,60.528460612544684,54.142602891206316,0.059832033999946965,0.18483408813538893,53341806.0,0,-0.009266385700711921,-0.010007192309708469,0.2110596100470599,0.17896444171832737,1.1793382418349183,0,0,0,1,1,0,0,0,1,0,0,0,0,0,3,1,0,1,4,golden1,golden1,1337670.7771485853
2025-11-04,63.95000076293945,0.18345934136622288,-0.012355200572363612,0.00947122814949175,-187648832.0,-117636999.0,-563.0,-8710.0,-0.46999999999999886,0.7600000000000016,-0.019999999999999574,107000.0,15000000.0,5555.0,0.0,690914.0,5458334.0,-27842.0,-388.0,9669.0,3085.0,-6584.0,-955.0,64.01198717796304,54.142602891206316,-0.0009683563619302671,0.1811401252991114,14726236.0,0,-0.003117704726145143,-0.010007192309708469,0.2062800422073824,0.17765325115027295,1.1611385711871645,0,0,0,1,1,0,0,0,1,0,0,0,0,0,3,1,0,1,4,golden1,golden1,1331300.4048835132
2025-11-05,63.150001525878906,0.16520710892731905,-0.024710401144727334,-0.019409937428304103,-342484133.0,-215009054.0,726.0,-44168.0,-0.46999999999999886,0.7600000000000016,-0.3999999999999999,-91000.0,37777000.0,6831.0,0.0,797288.0,6181968.0,-32088.0,-7667.0,8883.0,3216.0,-5667.0,836.0,64.01210521759475,54.81677607629764,-0.013467822824844156,0.15201961965042465,14726370.0,0,-0.012509761180865664,-0.012638241981298138,0.21030099820026216,0.17320531553502613,1.2141717334173523,0,1,1,1,1,1,0,0,1,1,0,0,0,1,6,1,0,1,7,golden1,golden1,1313806.095381304
2025-11-06,63.29999923706055,0.1645073449590302,-0.022393834176671068,-0.01708078047756456,-332443737.0,-207155632.0,649.0,64504.0,-0.46999999999999886,0.7600000000000016,-0.13000000000000078,-141000.0,28453000.0,7153.0,0.0,817902.0,5950962.0,-29917.0,-5171.0,10018.0,2128.0,-7890.0,-2284.0,64.01210521759475,54.92798117585117,-0.011124551803343485,0.15241809150797803,14726370.0,0,0.0023752606105666985,-0.012638241981298138,0.18868745703056977,0.173088740942807,1.0901197617060314,0,0,0,1,1,1,1,0,1,1,0,0,0,0,6,1,0,1,7,golden1,golden1,1321828.6861509338
2025-11-07,62.54999923706055,0.14746164920331872,-0.03397684575968263,-0.03397684575968263,-384574140.0,-261451655.0,1243.0,42111.0,0.6699999999999946,-1.0700000000000003,0.16000000000000014,-151000.0,29059000.0,2153.0,0.0,855202.0,6131080.0,-30820.0,-7884.0,9672.0,2030.0,-7642.0,-880.0,64.01209807940036,54.997824626495934,-0.022840976724840867,0.13731769686989126,14726665.0,0,-0.011848341375032656,-0.012638241981298138,0.19107632504070785,0.1755441674289055,1.0884800551296745,0,0,0,1,1,1,1,1,0,1,0,0,0,1,7,1,0,1,8,golden1,golden1,1303490.4491762596
2025-11-10,63.349998474121094,0.15869659632544275,-0.021621645187319016,-0.012470818904580683,-310067925.0,-231351908.0,966.0,43342.0,0.6699999999999946,-1.0700000000000003,-0.07000000000000028,-103000.0,9650000.0,1598.0,0.0,853814.0,6134222.0,-30589.0,-2709.0,9723.0,911.0,-8812.0,-2043.0,64.01209807940036,55.09176399652419,-0.010343351103068055,0.1498996198073803,14726665.0,0,0.012789756144178321,-0.012638241981298138,0.19434224571028624,0.176663542823079,1.1000698989995445,0,0,0,1,1,1,1,1,1,1,0,0,0,1,8,1,0,1,9,golden1,golden1,1320794.594105756
2025-11-11,62.900001525878906,0.14724918089484573,-0.028571405005731187,-0.016419065278089007,-329287634.0,-229976511.0,831.0,97959.0,0.6699999999999946,-1.0700000000000003,-0.20999999999999996,-116000.0,-5307000.0,1598.0,0.0,815572.0,5915294.0,-31530.0,-3688.0,8713.0,-568.0,-9281.0,-2697.0,64.01240675225937,55.24830540747689,-0.01737796284844728,0.13849648531240732,14725156.0,0,-0.007103345841847353,-0.012638241981298138,0.19254148485979575,0.1775062002559566,1.084702869996422,0,0,0,1,1,1,1,1,1,0,0,0,0,0,6,1,0,1,7,golden1,golden1,1310324.0793463418
2025-11-12,63.20000076293945,0.1493458658392095,-0.023938212155375282,0.0007917535368555662,-208026228.0,-142672071.0,154.0,133884.0,0.6699999999999946,-1.0700000000000003,0.27,48000.0,-19521000.0,1903.0,0.0,708146.0,5221118.0,-29964.0,2124.0,11421.0,1542.0,-9879.0,-4212.0,64.01240388336193,55.24830682496366,-0.012691339039583083,0.14392647295360828,14725208.0,0,0.004769463112606065,-0.012638241981298138,0.19125541089727321,0.17701970262149042,1.0804187786159718,0,0,0,1,1,0,0,1,0,0,0,0,0,0,3,0,0,0,3,golden1,golden1,1319570.7658629392
2025-11-13,62.900001525878906,0.14059824892664574,-0.028571405005731187,-0.006319079241749015,-232659539.0,-163508886.0,531.0,67316.0,0.6699999999999946,-1.0700000000000003,0.0,42000.0,-22975000.0,2181.0,0.0,711798.0,5306354.0,-31514.0,-1597.0,11006.0,1198.0,-9808.0,-1918.0,64.01240500591521,55.248317566656894,-0.017377936041201858,0.1384962347494163,14725383.0,0,-0.00474682331390841,-0.012638241981298138,0.18287169940815295,0.17762403101487534,1.0295436848454258,0,0,0,1,1,1,1,1,0,1,0,0,0,0,6,1,0,1,7,golden1,golden1,1313984.9468722895
2025-11-14,61.70000076293945,0.11579089247599961,-0.0471042353213984,-0.013589104468245572,-334334943.0,-221240516.0,794.0,-10150.0,-0.21000000000000085,0.629999999999999,-0.6600000000000001,-111000.0,74000.0,5399.0,0.0,716306.0,5339932.0,-34595.0,-3775.0,10631.0,2605.0,-8026.0,-384.0,64.01228393807419,55.24833461891448,-0.03612249138574175,0.11677575783101024,14726154.0,0,-0.019077913097438337,-0.01527930398491129,0.18234910366639598,0.1832323384548729,0.9951797002869422,1,0,1,1,1,1,0,0,1,1,0,0,0,0,5,1,0,1,6,golden1,golden1,1285651.8577690306
2025-11-17,61.900001525878906,0.11649822379113828,-0.0440154204497466,-0.02288866587478322,-474838423.0,-322943935.0,746.0,-25744.0,-0.21000000000000085,0.629999999999999,-0.3799999999999999,-130000.0,15124000.0,5399.0,0.0,872248.0,5277494.0,-31526.0,-937.0,9662.0,-1116.0,-10778.0,-1966.0,64.0123432368619,55.24833461891448,-0.03299897495029658,0.12039579025948055,14725709.0,0,0.0032415034111246133,-0.012838168776694296,0.17500889486881413,0.18300942599163078,0.9562835024509474,0,0,0,1,1,1,0,0,1,1,0,0,0,0,5,1,0,1,6,golden1,golden1,1290072.7838121995
2025-11-18,60.45000076293945,0.08793660203967413,-0.06640925462641767,-0.03895072660580856,-594187811.0,-428118189.0,1594.0,-76174.0,-0.21000000000000085,0.629999999999999,-0.56,-196000.0,32071000.0,5712.0,0.0,1037938.0,5641842.0,-35047.0,-3517.0,8975.0,2050.0,-6925.0,2356.0,64.01221018960526,55.248358621965956,-0.055648905359063194,0.09415016609933091,14726259.0,0,-0.02342489058474806,-0.019295261971803822,0.18155058704486618,0.17981475210435152,1.0096534623561213,1,0,1,1,1,1,0,0,1,1,0,0,1,0,6,1,0,1,7,golden1,golden1,1257544.5415761827
2025-11-19,60.04999923706055,0.07844544133247622,-0.07258688436972127,-0.049841795693870816,-658322286.0,-463695015.0,2029.0,-159361.0,-0.21000000000000085,0.629999999999999,-0.5100000000000002,-282000.0,34734000.0,4131.0,0.0,1101564.0,5916712.0,-31047.0,-1083.0,769.0,2213.0,1444.0,11323.0,64.0120767415624,55.24836949238906,-0.06189578133042062,0.08690989053229803,14726755.0,0,-0.006617064033589526,-0.019295261971803822,0.18168851155562982,0.18069056603040592,1.0055229531189578,0,0,0,1,1,1,0,0,1,1,0,0,1,0,6,1,1,2,8,golden1,golden1,1248654.8091945755
2025-11-20,61.900001525878906,0.10895930426574729,-0.0440154204497466,-0.015898250806696268,-612090195.0,-427984524.0,941.0,-111308.0,-0.21000000000000085,0.629999999999999,-0.07999999999999963,-174000.0,33498000.0,4031.0,0.0,1131438.0,6107740.0,-24167.0,7347.0,1673.0,1899.0,226.0,10034.0,64.01212084492668,55.24837147120263,-0.03299561537985152,0.12039504292254732,14726260.0,0,0.03080769878972145,-0.019295261971803822,0.21525095968172608,0.1891133482703034,1.1382113512900405,0,0,0,1,1,1,0,0,1,1,0,0,1,0,6,0,1,1,7,golden1,golden1,1289930.3199836493
2025-11-21,59.849998474121094,0.07003018466756883,-0.07567569924137307,-0.029983829269732754,-708348479.0,-458694676.0,2192.0,-119867.0,0.6400000000000006,-0.8900000000000006,-0.41999999999999993,86000.0,17391000.0,1778.0,0.0,1160300.0,6377226.0,-33208.0,1387.0,2109.0,2713.0,604.0,8630.0,64.01159518986786,55.47088506389742,-0.06501316993277317,0.078944358020957,14727884.0,0,-0.03311798063366367,-0.02390954508719384,0.24404623641736375,0.2004134746408877,1.217713713385089,1,1,2,1,1,1,0,1,1,1,0,0,1,1,8,0,1,1,9,golden1,golden1,1242617.0453806433
2025-11-24,59.54999923706055,0.06259399780968078,-0.08030889209172898,-0.03796449484473563,-603649848.0,-351742616.0,2608.0,-113127.0,0.6400000000000006,-0.8900000000000006,0.08999999999999986,77000.0,17117000.0,1784.0,0.0,990094.0,6205344.0,-31186.0,340.0,2216.0,1783.0,-433.0,10345.0,64.39617110238687,55.47089064412673,-0.0752555902372074,0.07353602124586955,5224869.0,0,-0.005012518708588876,-0.02390954508719384,0.22525585470040477,0.20094422756457087,1.1209869396622587,0,0,0,1,1,1,0,1,0,1,0,0,0,1,6,0,0,0,6,golden1,golden1,1239741.530403978
2025-11-25,60.349998474121094,0.07462545433918488,-0.06795369151936537,-0.0016542975608970778,-435924346.0,-227656747.0,1496.0,-6131.0,0.6400000000000006,-0.8900000000000006,0.7899999999999996,146000.0,13618000.0,1819.0,0.0,816356.0,5707148.0,-29704.0,5343.0,5577.0,3242.0,-2335.0,4590.0,64.39621295201523,55.596741778619055,-0.06283311226561061,0.08549523845172535,5224660.0,0,0.01343407636120797,-0.02390954508719384,0.23240829994598086,0.20221772741380575,1.1492973584377941,0,0,0,1,1,1,0,1,0,1,0,0,0,0,5,0,0,0,5,golden1,golden1,1256427.301320067
2025-11-26,61.349998474121094,0.09009688028549712,-0.052509676075349954,0.02164861371485638,-344442202.0,-191574048.0,1132.0,20669.0,0.6400000000000006,-0.8900000000000006,0.8500000000000001,344000.0,-19819000.0,2895.0,0.0,762118.0,5491824.0,-28657.0,2390.0,4807.0,2766.0,-2041.0,-3485.0,61.17817321562946,55.59674461824715,0.002808603942553445,0.10348184764015289,6263.0,0,0.016570008703957306,-0.02390954508719384,0.2324033126530397,0.20282362465580733,1.1458394605038207,0,0,0,1,1,0,0,1,0,0,0,0,0,0,3,0,0,0,3,golden1,golden1,1278960.6914274988
2025-11-27,61.900001525878906,0.09732708510441368,-0.0440154204497466,0.0,-325300030.0,-181339229.0,1260.0,12160.0,0.6400000000000006,-0.8900000000000006,0.48999999999999977,192000.0,-19795000.0,2573.0,0.0,712068.0,5245312.0,-27961.0,-3794.0,5889.0,2082.0,-3807.0,-4033.0,61.89973100125539,56.0490892231143,4.370368322126339e-06,0.10438907007880016,17274992.0,0,0.008965005141602589,-0.02390954508719384,0.235745486505166,0.20314956703336948,1.160452812909231,0,0,0,1,1,0,0,1,0,0,0,0,0,0,3,1,0,1,4,golden1,golden1,1291832.0854115135
2025-11-28,62.349998474121094,0.10261086883341197,-0.03706566063133443,0.04177109546762958,-47955198.0,-47756532.0,-1427.0,84948.0,0.060000000000002274,-0.060000000000002274,1.1399999999999997,53000.0,-26179000.0,1608.0,0.0,640222.0,4536634.0,-26321.0,6887.0,5358.0,1248.0,-4110.0,-4714.0,62.07734006254973,56.30255372427468,0.0043922373493552325,0.10740977717390954,28527882.0,0,0.007269740503222044,-0.02390954508719384,0.23658836889120796,0.20169804264949046,1.1729829689143274,0,0,0,1,1,0,0,1,0,0,0,0,0,0,3,0,0,0,3,golden1,golden1,1302112.236096985
2025-12-01,61.5,0.08505604142410261,-0.050193050193050204,0.03274560517082059,-49801381.0,-81758828.0,-1625.0,81801.0,0.060000000000002274,-0.060000000000002274,0.16999999999999993,-44000.0,-68406000.0,1842.0,0.0,640904.0,4585174.0,-29032.0,2154.0,4336.0,1362.0,-2974.0,-2541.0,62.07732139995594,56.30255591668419,-0.009300037226740776,0.09231275558798635,28527776.0,0,-0.013632694385291688,-0.02390954508719384,0.23891681107551413,0.20451102739301424,1.1682343691735575,0,0,0,1,1,0,0,1,0,0,0,0,0,0,3,0,0,0,3,golden1,golden1,1282704.5076631545
2025-12-02,61.70000076293945,0.08612229024708928,-0.0471042353213984,0.022369549676082512,-50441931.0,-85909271.0,-1334.0,48206.0,0.060000000000002274,-0.060000000000002274,-0.31999999999999984,-53000.0,-67699000.0,1544.0,0.0,623028.0,4505472.0,-28363.0,1341.0,4893.0,1347.0,-3546.0,-1211.0,62.07732139995594,56.30255591668419,-0.006078236439769347,0.09586500574223189,28527776.0,0,0.0032520449258448547,-0.02390954508719384,0.2395902824448691,0.20435504256417708,1.1724216806131735,0,0,0,1,1,0,0,1,1,0,0,0,0,0,4,0,0,0,4,golden1,golden1,1287981.4336351296
2025-12-03,62.29999923706055,0.09420141903950796,-0.03783784962068648,0.015484935396374633,-39018628.0,-70200728.0,-1591.0,85669.0,0.060000000000002274,-0.060000000000002274,-0.41999999999999993,-118000.0,-37040000.0,468.0,0.0,601812.0,4387658.0,-29224.0,-567.0,4108.0,1855.0,-2253.0,-212.0,62.14379733765155,56.84027895579365,0.0025135557545719056,0.09605372073407814,40672525.0,0,0.009724448406838393,-0.02390954508719384,0.23926059479931447,0.20468279634328546,1.1689335844231705,0,0,0,1,1,0,0,1,1,0,0,0,0,0,4,1,0,1,5,golden1,golden1,1300341.261043791
2025-12-04,62.20000076293945,0.09003668975142687,-0.039382227599390696,0.004846514211071851,-62172082.0,-90024915.0,-945.0,54603.0,0.060000000000002274,-0.060000000000002274,2.2200000000000006,-22000.0,-35271000.0,3290.0,0.0,578224.0,4244692.0,-29439.0,-1478.0,4656.0,1644.0,-3012.0,795.0,62.14379740536223,56.96631820242431,0.0009044081617770594,0.09187328101348857,40672574.0,0,-0.0016051119638154088,-0.02390954508719384,0.23902798256699526,0.20428921418856147,1.1700470018273674,0,0,0,1,1,0,0,1,0,0,0,0,0,0,3,1,0,1,4,golden1,golden1,1299557.0962441957
2025-12-05,62.75,0.0970950994852322,-0.030888030888030937,0.00641542158248698,-65054994.0,-76329986.0,-605.0,62810.0,-1.0500000000000043,1.7300000000000004,2.3200000000000003,0.0,-35957000.0,407290.0,0.0,575766.0,4345524.0,-26823.0,-502.0,4729.0,1481.0,-3248.0,862.0,62.24725332932846,57.6398718324824,0.00807660810368116,0.08865613342043965,49042024.0,0,0.00884243135553553,-0.02390954508719384,0.23758613975046552,0.2042070225958082,1.1634572441748265,0,0,0,1,1,0,0,0,0,0,0,0,0,0,2,1,0,1,3,golden1,golden1,1311001.968478592
2025-12-08,63.70000076293945,0.11104329249672307,-0.016216204433367465,0.03577237012909684,20428959.0,-19902748.0,-396.0,71363.0,-1.0500000000000043,1.7300000000000004,2.71,88000.0,546000.0,407050.0,0.0,539722.0,4259018.0,-27463.0,1569.0,5783.0,1509.0,-4274.0,-1300.0,62.65236002907868,58.839954776489954,0.016721488757558856,0.08259771790972503,68005827.0,0,0.015139454389473395,-0.02390954508719384,0.23936855721106134,0.20520418824956776,1.1664896279794403,0,0,0,0,1,0,0,0,0,0,0,0,0,0,1,0,0,0,1,golden1,golden1,1329862.817606196
2025-12-09,63.599998474121094,0.10675097851593285,-0.017760641326315163,0.030794127839344876,22268930.0,-13155695.0,-75.0,107737.0,-1.0500000000000043,1.7300000000000004,2.77,129000.0,-561000.0,407342.0,0.0,509648.0,4076420.0,-31427.0,-3064.0,4892.0,1855.0,-3037.0,509.0,62.652360711876796,59.95368622696608,0.015125332094065191,0.06081881660038735,68005876.0,0,-0.001569894625127577,-0.02390954508719384,0.23787416121518523,0.2024425649630661,1.1750204867172245,0,0,0,0,1,0,0,0,0,0,0,0,0,0,1,1,0,1,2,golden1,golden1,1327271.8218616804
2025-12-10,64.05000305175781,0.11199852267455923,-0.010810763679416024,0.028089949215540866,37101032.0,-13180644.0,212.0,61269.0,-1.0500000000000043,1.7300000000000004,2.7700000000000005,118000.0,-684000.0,407342.0,0.0,506092.0,3869838.0,-28629.0,595.0,4967.0,2718.0,-2249.0,4.0,63.04906332173965,61.36973496642484,0.015875568601397827,0.04367410233724045,94958612.0,0,0.0070755438432883455,-0.02390954508719384,0.23854239297300336,0.20220397798408848,1.1797116721006071,0,0,0,0,1,0,0,0,0,0,0,0,0,0,1,0,0,0,1,golden1,golden1,1337076.7769217032
2025-12-11,63.349998474121094,0.09757785018342857,-0.021621645187319016,0.018488708956203803,21101659.0,-14085137.0,472.0,33847.0,-1.0500000000000043,1.7300000000000004,-0.040000000000000036,46000.0,-4211000.0,404342.0,0.0,565092.0,4427506.0,-31008.0,-1569.0,5197.0,2983.0,-2214.0,798.0,63.04906488026775,62.14239704158705,0.004773006458142159,0.019432810609572915,94958555.0,0,-0.010929032697641783,-0.02390954508719384,0.24143262453964265,0.2034407337381286,1.1867467252178596,0,0,0,0,1,0,0,0,1,0,0,0,0,0,2,1,0,1,3,golden1,golden1,1320794.5941057566
2025-12-12,63.45000076293945,0.09692533567547024,-0.02007720829437143,0.011155390644453478,-559322.0,-65236818.0,695.0,52722.0,-0.03999999999999915,-0.00999999999999801,-0.09999999999999964,1000.0,-16159000.0,6282.0,0.0,568140.0,4334504.0,-29032.0,-2209.0,6404.0,4091.0,-2313.0,935.0,63.04907583385565,62.14239704158705,0.00635893427114298,0.02104205475816001,94957784.0,0,0.0015785681330238166,-0.02390954508719384,0.2301232353949008,0.20339558795489268,1.1314072134442539,0,0,0,1,1,0,0,0,1,0,0,0,0,0,3,1,0,1,4,golden1,golden1,1326665.9486796872
2025-12-15,62.79999923706055,0.08339369854064893,-0.030115841898678775,-0.014128752199364603,-91325720.0,-136452186.0,753.0,58459.0,-0.03999999999999915,-0.00999999999999801,-0.2599999999999998,24000.0,-7169000.0,12863.0,0.0,709058.0,4389262.0,-33686.0,-6223.0,8287.0,5102.0,-3185.0,1089.0,63.04907485284835,62.14239869995971,-0.003950503895086888,0.01058215567564269,94958158.0,0,-0.01024431076537613,-0.02390954508719384,0.23372010784503552,0.2035906882656134,1.1479901651499598,0,0,0,1,1,1,1,0,1,1,1,0,0,0,7,1,0,1,8,golden1,golden1,1310585.831494238
2025-12-16,62.25,0.0717698389655319,-0.038610038610038644,-0.021226391611792406,-180994083.0,-208132499.0,1517.0,21404.0,-0.03999999999999915,-0.00999999999999801,-1.7599999999999998,-165000.0,8438000.0,12521.0,0.0,900380.0,5042940.0,-34213.0,-2786.0,8588.0,6236.0,-2352.0,685.0,63.049083056900216,62.1423992905507,-0.012673983794166621,0.0017315184266737393,94958422.0,0,-0.008757949741119986,-0.014606958697710285,0.21886256557651723,0.20393681649441273,1.0731881047212162,0,0,0,1,1,1,1,0,1,1,1,0,0,0,7,1,0,1,8,golden1,golden1,1297001.5479664558
2025-12-17,61.900001525878906,0.06374754319448028,-0.0440154204497466,-0.033567547594674174,-230053271.0,-234337302.0,1589.0,73470.0,-0.03999999999999915,-0.00999999999999801,-2.1400000000000006,-238000.0,9517000.0,12521.0,0.0,944650.0,5438196.0,-29032.0,-403.0,4100.0,183.0,-3917.0,-1668.0,63.04909598736614,62.14239892116398,-0.018225391553869152,-0.0039006765025693113,94958152.0,0,-0.005622465447728375,-0.014606958697710285,0.2183977733677932,0.20362779004293702,1.0725342219828726,0,0,0,1,1,1,1,0,1,1,1,0,0,0,7,1,0,1,8,golden1,golden1,1290928.5842397755
2025-12-18,61.900001525878906,0.06174048957509437,-0.0440154204497466,-0.02288866587478322,-214351247.0,-273383637.0,1179.0,86426.0,-0.03999999999999915,-0.00999999999999801,-2.5900000000000007,-190000.0,-15689000.0,12521.0,0.0,920142.0,5114738.0,-28731.0,2277.0,2806.0,386.0,-2420.0,-206.0,63.04909598736614,62.14240398364345,-0.018225391553869152,-0.0039007576505785124,94958152.0,0,0.0,-0.014606958697710285,0.1891937941337029,0.2036466573906445,0.9290297054607803,0,0,0,1,1,1,1,0,1,0,1,0,0,0,6,0,0,0,6,golden1,golden1,1289122.0008488828
2025-12-19,62.5,0.06993066639657886,-0.03474903474903479,-0.01497243107196844,-186132322.0,-228439997.0,1125.0,87853.0,1.2700000000000031,-2.2399999999999984,-2.49,-206000.0,-7974000.0,7181.0,0.0,929046.0,5238326.0,-24428.0,4604.0,4130.0,-695.0,-4825.0,-2512.0,62.974559155419435,62.17511498449991,-0.007535728106460193,0.0052253223107199265,109884057.0,0,0.009693028422143923,-0.011064215782024277,0.14560487269920733,0.20403217310646204,0.7136368273803175,0,0,0,1,1,1,1,1,1,0,0,0,0,0,6,0,0,0,6,golden1,golden1,1303811.603624873
2025-12-22,63.400001525878906,0.082936935044017,-0.02084939728372348,0.009554176689611671,-84648182.0,-169982043.0,303.0,60712.0,1.2700000000000031,-2.2399999999999984,-2.7800000000000002,-319000.0,-29573000.0,8800.0,0.0,799530.0,5229102.0,-25852.0,7834.0,5143.0,-2246.0,-7389.0,-4204.0,63.06258197507243,62.358068032000006,0.005350550837576629,0.016708880290265293,138545702.0,0,0.014400024414062518,-0.011064215782024277,0.14909937829458147,0.20281617266278748,0.735145409446621,0,0,0,1,1,0,0,1,1,0,0,0,0,0,4,0,0,0,4,golden1,golden1,1324847.6918349145
2025-12-23,63.70000076293945,0.08570601777905273,-0.016216204433367465,0.023293184946818535,73216893.0,-62735297.0,-1026.0,81657.0,1.2700000000000031,-2.2399999999999984,-0.8700000000000001,-122000.0,-54332000.0,8800.0,0.0,602734.0,4633348.0,-25441.0,8772.0,4823.0,-3002.0,-7825.0,-5473.0,63.33075299844631,62.8196755145696,0.00583046540599641,0.014013527468248022,239166332.0,0,0.004731849051109016,-0.011064215782024277,0.14428298239400705,0.20286978446022375,0.7112098175581012,0,0,0,0,1,0,0,1,1,0,0,0,0,0,3,0,0,0,3,golden1,golden1,1330052.9821789085
2025-12-24,63.849998474121094,0.08598590585096333,-0.01389963746531131,0.03150237318535343,129667996.0,-27173869.0,-1711.0,82864.0,1.2700000000000031,-2.2399999999999984,-0.9299999999999997,-54000.0,-60479000.0,9931.0,0.0,525892.0,4143484.0,-24484.0,4548.0,3733.0,-1171.0,-4904.0,-987.0,63.410973936103545,62.953598978209286,0.006923478867552735,0.014239050832059563,282867380.0,0,0.0023547521096562996,-0.011064215782024277,0.1347227868139171,0.20261261062635658,0.6649279449953047,0,0,0,0,1,0,0,1,1,0,0,0,0,0,3,0,0,0,3,golden1,golden1,1332703.084617316
2025-12-26,64.4000015258789,0.09286837824649652,-0.005405381839707957,0.04038772113688571,172081631.0,47272951.0,-2086.0,149279.0,-0.14000000000000057,0.019999999999999574,-0.2599999999999998,29000.0,-38282000.0,9931.0,0.0,480084.0,4220586.0,-23476.0,5255.0,3664.0,-2057.0,-5721.0,-3301.0,63.65248127210602,63.143796971694,0.011743772415993226,0.01989434615007446,316502017.0,0,0.00861398692093518,-0.011064215782024277,0.13448880579098033,0.19960025027604592,0.6737907673210988,0,0,0,0,0,0,0,0,1,0,0,0,0,0,1,0,0,0,1,golden1,golden1,1345193.969904798
2025-12-29,65.25,0.10458423319045429,0.0,0.04400000000000004,195316559.0,83808619.0,-2108.0,113255.0,-0.14000000000000057,0.019999999999999574,-0.08999999999999986,256000.0,-34713000.0,9331.0,0.0,450044.0,3678654.0,-22173.0,2255.0,4251.0,-2960.0,-7211.0,-2386.0,63.979305739747026,63.45444962508376,0.01986101983384847,0.028296681880074948,372225260.0,0,0.01319873375747549,-0.011064215782024277,0.13912759875919783,0.20031620672422518,0.6945399028583567,0,0,0,0,0,0,0,0,1,0,0,0,0,0,1,0,0,0,1,golden1,golden1,1361986.8157630921
2025-12-30,65.1500015258789,0.10033949806939102,-0.0015325436646911328,0.02760252299498256,163669324.0,97926183.0,-1646.0,122983.0,-0.14000000000000057,0.019999999999999574,0.3700000000000001,350000.0,-22106000.0,1131.0,0.0,435014.0,3728048.0,-26259.0,-407.0,4182.0,-2679.0,-6861.0,528.0,63.98674255797707,63.46329002857684,0.018179687250805765,0.0265777506420255,374604559.0,0,-0.0015325436646911328,-0.010278546861989413,0.1268204987466815,0.2003471649183145,0.6330037103264662,0,0,0,0,0,0,0,0,0,0,0,0,0,0,0,1,0,1,1,golden1,golden1,1359966.541340619
2025-12-31,65.5999984741211,0.10521435945545887,0.0,0.029827279253143324,115301338.0,85951937.0,-2573.0,188278.0,-0.14000000000000057,0.019999999999999574,0.11000000000000032,282000.0,-12554000.0,1131.0,0.0,464216.0,4491214.0,-25059.0,382.0,4555.0,-200.0,-4755.0,3070.0,64.14336351039258,64.0104900041524,0.022709051786667045,0.024831999721695253,414882957.0,0,0.006907090371493618,-0.010278546861989413,0.12760969322297525,0.1974987169347957,0.6461292265767258,0,0,0,0,0,0,0,0,0,0,0,0,0,0,0,0,0,0,0,golden1,golden1,1368059.5400882962
2026-01-02,66.94999694824219,0.1252100305793633,0.0,0.04855126935324128,72414803.0,63461536.0,-1694.0,169545.0,-0.020000000000003126,-0.020000000000003126,0.2999999999999998,233000.0,-3070000.0,0.0,0.0,520138.0,4822100.0,-23154.0,1330.0,5092.0,-720.0,-5812.0,-908.0,64.19895737870924,64.01049794553684,0.04285177955935615,0.045922139290439645,402737908.0,0,0.020579245511014088,-0.010278546861989413,0.14027222918982413,0.19959030959494087,0.7028007996705853,0,0,0,0,0,0,0,0,0,0,0,0,0,0,0,0,0,0,0,golden1,golden1,1396808.577202312
2026-01-05,69.5,0.1647296381896155,0.0,0.07919252101370966,19582968.0,-14635497.0,-213.0,160403.0,-0.020000000000003126,-0.020000000000003126,-0.1599999999999997,141000.0,14821000.0,0.0,0.0,624688.0,5008238.0,-25101.0,-1625.0,7189.0,539.0,-6650.0,-929.0,64.19897083704704,64.0105099756727,0.08257187138417366,0.08575919839435087,402738863.0,0,0.03808817278556664,-0.010278546861989413,0.1843985843314291,0.20646623116178273,0.8931174037217647,0,0,0,0,1,0,0,0,1,0,0,0,0,0,2,1,0,1,3,golden1,golden1,1448851.0910436553
2026-01-06,70.4000015258789,0.17635266123603,0.0,0.07892722645025141,-64308910.0,-91935320.0,-583.0,222768.0,-0.020000000000003126,-0.020000000000003126,-0.6700000000000004,-135000.0,22064000.0,0.0,0.0,647002.0,5239112.0,-29520.0,-7347.0,8615.0,1412.0,-7203.0,8.0,64.22972340016754,64.01051143047255,0.09606577452107268,0.09981938829447645,394368885.0,0,0.012949662242861981,-0.010278546861989413,0.18591846476018264,0.20636065786310878,0.9009394847127952,0,0,0,1,1,0,0,0,1,0,0,0,0,0,3,1,0,1,4,golden1,golden1,1467890.211838738
2026-01-07,69.8499984741211,0.16386597378688506,-0.007812543179500198,0.07214116405469695,-118657070.0,-129847068.0,-570.0,247705.0,-0.020000000000003126,-0.020000000000003126,-0.8700000000000001,-207000.0,30531000.0,0.0,0.0,673168.0,6185590.0,-29422.0,-3163.0,8633.0,2680.0,-5953.0,908.0,64.2564831793641,64.01051188933366,0.08704982000249517,0.09122699401128354,375405118.0,0,-0.007812543179500198,-0.010278546861989413,0.188512679911956,0.2071547566319684,0.9100089371680132,0,0,0,1,1,0,0,0,1,0,0,0,0,0,3,1,0,1,4,golden1,golden1,1458489.740259312
2026-01-08,70.0999984741211,0.16478072461839877,-0.00426140689283272,0.06859756257121297,-148446705.0,-150879388.0,23.0,95847.0,-0.020000000000003126,-0.020000000000003126,-0.6900000000000004,-195000.0,32712000.0,0.0,0.0,695486.0,5601504.0,-26047.0,-988.0,8407.0,2913.0,-5494.0,-739.0,64.27022029804156,64.02225695823948,0.09070730034913499,0.0949316972665617,376289657.0,0,0.0035790981454726367,-0.010278546861989413,0.18712763788276918,0.2056741808311672,0.9098256141172021,0,0,0,1,1,0,0,0,1,0,0,0,0,0,3,1,0,1,4,golden1,golden1,1460688.1454284643
2026-01-09,69.8499984741211,0.1574150519605193,-0.007812543179500198,0.043315932159352366,-193094478.0,-168460685.0,531.0,40475.0,0.38000000000000256,-0.5899999999999999,-0.3999999999999999,-436000.0,30044000.0,0.0,0.0,734878.0,6012808.0,-26583.0,-3429.0,8681.0,1870.0,-6811.0,-999.0,64.28722578088292,64.02226876552565,0.08652998516685684,0.0910266040389609,349337799.0,0,-0.0035663338864735383,-0.010278546861989413,0.18931870917441362,0.20548726341977513,0.9213160272014916,0,0,0,1,1,0,0,1,1,0,0,0,0,0,4,1,0,1,5,golden1,golden1,1456540.4935386388
2026-01-12,70.3499984741211,0.16238720499836812,-0.0007102706061651309,0.012230193872245998,-194782420.0,-128683269.0,-1296.0,96967.0,0.38000000000000256,-0.5899999999999999,-0.18000000000000016,-533000.0,19375000.0,1307.0,0.0,659668.0,5515946.0,-26892.0,-1791.0,9337.0,461.0,-8876.0,-2226.0,64.28722661257284,64.02226969505905,0.09430756591951872,0.09883637067541184,349337489.0,0,0.0071581962909454955,-0.008832267792332793,0.18056561969511079,0.20312498517287583,0.8889385003102145,0,0,0,1,1,0,0,1,1,0,0,0,0,0,4,1,0,1,5,golden1,golden1,1468924.455332349
2026-01-13,70.69999694824219,0.16482135431628997,0.0,0.004261298520753742,-203596817.0,-127322831.0,-1156.0,-18120.0,0.38000000000000256,-0.5899999999999999,0.0900000000000003,-561000.0,13723000.0,1307.0,0.0,696226.0,5634422.0,-30117.0,-597.0,9787.0,707.0,-9080.0,-1877.0,64.28722661257284,64.02226969505905,0.09975185855062518,0.10430319457572268,349337489.0,0,0.004975102796197506,-0.008832267792332793,0.18003520693966285,0.20004214855072958,0.8999863690926461,0,0,0,1,1,0,0,1,0,0,0,0,0,0,3,1,0,1,4,golden1,golden1,1477089.1495583758
2026-01-14,70.75,0.1622844842375324,0.0,0.01288477516878328,-172965567.0,-99290304.0,-1549.0,-20585.0,0.38000000000000256,-0.5899999999999999,0.22999999999999998,-732000.0,6241000.0,1307.0,0.0,692484.0,5259916.0,-33957.0,-4535.0,9169.0,1794.0,-7375.0,-1422.0,64.28722820479712,64.02227160708571,0.1005296382450136,0.10508418748718196,349337115.0,0,0.0007072567739205837,-0.007859813507581187,0.17133168164663687,0.19687590014312914,0.870252181816456,0,0,0,1,1,0,0,1,0,0,0,0,0,0,3,1,0,1,4,golden1,golden1,1481522.556482836
2026-01-15,70.6500015258789,0.15703970618555818,-0.0014134059946444566,0.007845978084590977,-211250538.0,-114987842.0,-692.0,51073.0,0.38000000000000256,-0.5899999999999999,-0.20000000000000018,-953000.0,4880000.0,1307.0,0.0,684288.0,5117240.0,-35130.0,-9083.0,9618.0,2049.0,-7569.0,-2075.0,64.28723295180953,64.02227160708571,0.09897406190804614,0.10352225487200095,349336301.0,0,-0.0014134059946444566,-0.005731969334316966,0.1647808950120112,0.19461855732208191,0.8466864479902028,0,0,0,1,1,0,0,1,1,0,0,0,0,0,4,1,0,1,5,golden1,golden1,1480595.708403337
2026-01-16,72.0,0.17529912951305948,0.0,0.030780265896146908,-159724224.0,-86910112.0,-1908.0,180211.0,0.1600000000000037,-0.129999999999999,-0.3500000000000001,-1269000.0,-3709000.0,1307.0,0.0,677972.0,4620366.0,-33249.0,-6666.0,11620.0,1737.0,-9883.0,-3072.0,64.28723449620858,64.02227160708571,0.11997351518124932,0.12460864309649611,349336075.0,0,0.019108258244362464,-0.0037786443511248708,0.16423294202999608,0.1977626242908823,0.830454908347249,0,0,0,1,1,0,0,1,1,0,0,0,0,0,4,1,0,1,5,golden1,golden1,1509962.6806280538
2026-01-19,72.5999984741211,0.1810735155664227,0.0,0.03198294312440786,-191076900.0,-103273084.0,-867.0,186160.0,0.1600000000000037,-0.129999999999999,-0.45999999999999996,-1196000.0,-4830000.0,0.0,0.0,723342.0,4838658.0,-33726.0,-6834.0,13638.0,1089.0,-12549.0,-3673.0,64.28723977889355,64.02227718151707,0.1293065112737466,0.13398025921952628,349336297.0,1,0.008333312140570648,-0.0037786443511248708,0.16173900355971482,0.1969978600423714,0.8210190888618134,0,0,0,1,1,0,0,1,1,0,0,0,0,0,5,1,0,1,6,golden1,golden1,1523749.0216337822
2026-01-20,72.5999984741211,0.17726227315541476,0.0,0.026874138725491825,-191076900.0,-103273084.0,-275.0,215994.0,0.1600000000000037,-0.129999999999999,-0.6500000000000004,-1066000.0,5115000.0,0.0,0.0,813026.0,4660450.0,-32675.0,-2558.0,12326.0,2127.0,-10199.0,-1119.0,64.36702618222058,64.02228193956154,0.12790667489582752,0.1339801749437346,334408553.0,1,0.0,-0.0037786443511248708,0.16407790947258388,0.1963481327170148,0.8356479239303991,0,0,0,1,1,0,0,1,1,0,0,0,0,0,5,1,0,1,6,golden1,golden1,1523843.9842194002
2026-01-21,71.8499984741211,0.16150305950690447,-0.010330578729520812,0.015547681613018893,-270097000.0,-152461638.0,213.0,110849.0,0.1600000000000037,-0.129999999999999,-0.94,-814000.0,7306000.0,0.0,0.0,946366.0,5635090.0,-24473.0,9484.0,426.0,5648.0,5222.0,12597.0,64.4576821852153,64.0269834316199,0.11468479843355839,0.12218309567646735,305746693.0,0,-0.010330578729520812,-0.007938444957001228,0.17362564167931835,0.19330896084549762,0.8981768921622253,1,0,1,1,1,0,0,1,1,0,0,0,0,0,4,0,1,1,5,golden1,golden1,1504697.6276111896
2026-01-22,71.80000305175781,0.15717801767609996,-0.011019220925306827,0.016277445166900106,-265840553.0,-143552480.0,-86.0,148600.0,0.1600000000000037,-0.129999999999999,-0.7699999999999996,-513000.0,-12117000.0,0.0,0.0,1041518.0,5830474.0,-24293.0,10837.0,1880.0,10189.0,8309.0,15878.0,64.8293481789642,64.0269837463796,0.10752313679833447,0.12140224090780682,205126063.0,0,-0.0006958305278362831,-0.007938444957001228,0.17534925912915494,0.1924667410533014,0.9110626499390564,0,0,0,1,1,0,0,1,1,0,0,0,0,0,4,0,1,1,5,golden1,golden1,1526791.4023281971
2026-01-23,72.25,0.16073580207245564,-0.004820915722826835,0.003472222222222321,-255060806.0,-142411268.0,-128.0,76081.0,0.740000000000002,-1.4299999999999997,-0.69,111000.0,-8444000.0,0.0,0.0,1024446.0,5856860.0,-22666.0,10583.0,3264.0,11856.0,8592.0,18475.0,65.41703389817984,64.1613313352791,0.10445239862839895,0.12606765627186012,169045060.0,0,0.006267366700775767,-0.007938444957001228,0.17480184348198105,0.19031700953167152,0.9184772496800475,0,0,0,1,1,0,0,1,1,0,0,0,0,0,4,0,1,1,5,golden1,golden1,1538957.284373135
2026-01-26,72.25,0.15706449933939215,-0.004820915722826835,-0.004820915722826835,-220931105.0,-106862313.0,-675.0,43690.0,0.740000000000002,-1.4299999999999997,-0.1200000000000001,135000.0,-9235000.0,0.0,0.0,998654.0,5540996.0,-26527.0,7199.0,2959.0,14358.0,11399.0,23948.0,65.99538551661819,64.2084356126598,0.09477351233605336,0.1252415560449298,120788794.0,0,0.0,-0.007938444957001228,0.17593110791369249,0.19031700953167152,0.9244108466532782,0,0,0,1,1,0,1,1,1,1,0,0,1,0,7,0,1,1,8,golden1,golden1,1539194.930238657
2026-01-27,73.05000305175781,0.16594581290881472,0.0,0.006198410290561229,-151279501.0,-56007079.0,-944.0,59338.0,0.740000000000002,-1.4299999999999997,0.14000000000000012,185000.0,-20361000.0,0.0,0.0,866212.0,5391732.0,-25318.0,7357.0,5608.0,16249.0,10641.0,20840.0,68.5117397416793,64.56025280746127,0.0662406665950952,0.1315011926860885,72649972.0,0,0.011072706598723947,-0.007938444957001228,0.17490814937430163,0.1911020783415136,0.9152603199936308,0,0,0,1,1,0,0,1,0,0,0,0,0,0,3,0,1,1,4,golden1,golden1,1558588.744209822
2026-01-28,74.19999694824219,0.1801192357573309,0.0,0.03270700798925574,-45557240.0,681302.0,-1020.0,127219.0,0.740000000000002,-1.4299999999999997,0.5500000000000003,242000.0,-23852000.0,6004.0,0.0,746674.0,4433924.0,-27932.0,-3459.0,1082.0,14169.0,13087.0,7865.0,68.62557468481437,64.5602539789876,0.08122951667844225,0.14931389477482582,70270603.0,0,0.01574255781576861,-0.007938444957001228,0.176153960381272,0.19163033838952523,0.9192383724919667,0,0,0,1,0,0,0,1,0,0,0,0,0,0,2,1,1,2,4,golden1,golden1,1585495.382477074
2026-01-29,73.75,0.1689093878705732,-0.006064649147574541,0.027158730715324708,-47069298.0,-21694334.0,-647.0,7024.0,0.740000000000002,-1.4299999999999997,0.18999999999999995,170000.0,-24135000.0,6004.0,0.0,651896.0,4441854.0,-32702.0,-8409.0,-53.0,15571.0,15624.0,7315.0,72.6888122866168,64.56025566784015,0.014599051490879589,0.14234367935964665,29992292.0,0,-0.006064649147574541,-0.007938444957001228,0.1817654233673255,0.19209394475234082,0.9462319262674758,0,0,0,1,1,0,0,1,0,0,0,0,0,0,3,1,1,2,5,golden1,golden1,1574803.2559205354
2026-01-30,72.5999984741211,0.1469918871907041,-0.021563322640527405,0.004844269538008206,-131864436.0,-85644150.0,-4.0,-9700.0,-0.20000000000000284,0.5700000000000003,-0.040000000000000036,225000.0,-21323000.0,6004.0,0.0,663902.0,4648142.0,-32670.0,-10004.0,1579.0,14812.0,13233.0,4641.0,72.68889399951016,64.56026328297287,-0.0012229588386591939,0.12453070638682817,29992180.0,0,-0.0155932410288665,-0.010593711844488096,0.18834160824566068,0.19322030503494678,0.974750599899924,1,0,1,1,1,0,0,0,1,0,0,0,0,0,3,1,1,2,5,golden1,golden1,1546993.218538663
2026-02-02,71.5,0.1262946481313747,-0.03638810052951291,-0.01038062283737029,-201034048.0,-167400347.0,870.0,-204109.0,-0.20000000000000284,0.5700000000000003,-0.44999999999999973,258000.0,511000.0,7304.0,0.0,739310.0,4996010.0,-27673.0,-1146.0,4435.0,14762.0,10327.0,-1072.0,72.68897791746973,64.56027172670211,-0.016357059234203053,0.10749224078044906,29991752.0,0,-0.015151494452347647,-0.01517358178117359,0.1523895634317369,0.1965398591328511,0.7753621280899016,0,0,0,1,1,1,0,0,1,1,0,0,0,0,5,1,0,1,6,golden1,golden1,1516065.7803094268
2026-02-03,72.94999694824219,0.14559854528172989,-0.016846361878854688,-0.001369008888949197,-211061550.0,-171543074.0,704.0,-158289.0,-0.20000000000000284,0.5700000000000003,-0.18999999999999995,107000.0,1935000.0,7304.0,0.0,786698.0,5254888.0,-26496.0,-1178.0,5096.0,14276.0,9180.0,-1461.0,72.72678976637839,64.6493585182536,0.0030691191317644417,0.12839475317678395,35072429.0,0,0.020279677597792922,-0.01517358178117359,0.16165692137016976,0.1978206924046496,0.8171891393418769,0,0,0,1,1,1,0,0,1,1,0,0,0,0,5,1,0,1,6,golden1,golden1,1550892.973497077
2026-02-04,72.9000015258789,0.14140776037162928,-0.017520154660789045,-0.017520154660789045,-203133515.0,-165965039.0,640.0,-94290.0,-0.20000000000000284,0.5700000000000003,0.03999999999999959,57000.0,2658000.0,1300.0,0.0,797406.0,5570640.0,-25699.0,2233.0,871.0,10675.0,9804.0,-3283.0,72.7749492504099,64.87585478055932,0.0017183423246194263,0.12368464003227442,48578463.0,0,-0.0006853382378995132,-0.01517358178117359,0.15795582094240018,0.19679345387452804,0.8026477397114539,0,0,0,1,1,1,0,0,0,1,0,0,0,0,4,0,0,0,4,golden1,golden1,1554723.4093851182
2026-02-05,72.0,0.1243148710275539,-0.029649555777971015,-0.023728813559321993,-222031421.0,-186484812.0,761.0,-68217.0,-0.20000000000000284,0.5700000000000003,0.08999999999999986,112000.0,30149000.0,1300.0,0.0,911016.0,5485946.0,-26743.0,5959.0,-664.0,10499.0,11163.0,-4461.0,72.82455854506745,64.8758577634961,-0.011322534067366385,0.1098119158975106,47694081.0,0,-0.01234569968505983,-0.01517358178117359,0.16600291003498097,0.1981653143106142,0.8376991231410947,0,0,0,1,1,1,0,0,0,1,0,0,0,0,4,0,0,0,4,golden1,golden1,1528822.8297771115
2026-02-06,71.9000015258789,0.11987666627157179,-0.03099724416387284,-0.00964183144565367,-177142221.0,-149685166.0,509.0,-168788.0,0.4399999999999906,-0.5300000000000011,0.1299999999999999,-4000.0,31383000.0,1300.0,0.0,917484.0,5796118.0,-25102.0,7568.0,174.0,9327.0,9153.0,-4080.0,72.8246153459865,64.87585882579793,-0.012696446328137712,0.10827051583150404,47693213.0,0,-0.001388867696126339,-0.01517358178117359,0.1653191907102595,0.19824352979342033,0.8339197293476884,0,0,0,1,1,1,0,1,0,1,0,0,0,1,6,0,0,0,6,golden1,golden1,1522553.470604316
2026-02-09,73.94999694824219,0.14859507945918482,-0.003369272375770893,0.03426569158380688,-23450503.0,-33781048.0,-676.0,-75524.0,0.4399999999999906,-0.5300000000000011,0.8199999999999998,-37000.0,9428000.0,0.0,0.0,907418.0,5565298.0,-23585.0,4088.0,1293.0,9004.0,7711.0,-2616.0,73.58335331523583,66.39204688458175,0.004982698076229752,0.11383818421503777,146390281.0,0,0.02851175770316816,-0.01517358178117359,0.19047675147367607,0.20485252649044572,0.929823784636407,0,0,0,1,1,0,0,1,0,0,0,0,0,0,3,0,0,0,3,golden1,golden1,1572840.9879410097
2026-02-10,75.5,0.1691288063042906,0.0,0.03495549223349559,4521660.0,-10015452.0,-443.0,-149039.0,0.4399999999999906,-0.5300000000000011,0.3599999999999999,117000.0,-27591000.0,0.0,0.0,899456.0,5438746.0,-24884.0,1612.0,3829.0,8458.0,4629.0,-4551.0,74.11644380795143,67.18596419327272,0.018667331039702972,0.12374661741566184,202795122.0,0,0.020960150314037973,-0.01517358178117359,0.20130150705556593,0.20302855956848737,0.9914935489046858,0,0,0,0,1,0,0,1,0,0,0,0,0,0,2,0,0,0,2,golden1,golden1,1607233.8777046194
2026-02-11,77.19999694824219,0.19167980610751578,0.0,0.05898484680877303,-8882867.0,-14398187.0,-256.0,-311322.0,0.4399999999999906,-0.5300000000000011,0.040000000000000036,319000.0,-32996000.0,0.0,0.0,1027308.0,5612044.0,-27665.0,-1966.0,1283.0,10179.0,8896.0,-908.0,74.13451531730755,67.20443116317992,0.041350261990840353,0.1487337309766361,203990632.0,0,0.022516515870757425,-0.01517358178117359,0.21207887562064365,0.2067527051039916,1.025761068102945,0,0,0,1,1,0,0,1,0,0,0,0,0,0,3,1,0,1,4,golden1,golden1,1644873.6308354132
2026-02-23,77.4000015258789,0.19089750558358376,0.0,0.07500002119276261,-65780213.0,-27120017.0,-202.0,-286214.0,0.4399999999999906,-0.5300000000000011,0.23999999999999977,283000.0,-27663000.0,0.0,0.0,990474.0,6228800.0,-30852.0,-4109.0,1621.0,2254.0,633.0,-10530.0,74.13451941535564,67.20444091968636,0.044048064737934656,0.15170962612986982,203990888.0,0,0.002590732973354992,-0.01517358178117359,0.21108299469244285,0.19886015890562064,1.0614644776212976,0,0,0,1,1,0,0,1,0,0,0,0,0,0,3,1,0,1,4,golden1,golden1,1647998.8214728914
2026-02-24,79.4000015258789,0.21746466166782685,0.0,0.10431154159712408,-45725986.0,-37262062.0,-296.0,-67206.0,0.4399999999999906,-0.5300000000000011,0.2400000000000002,350000.0,-19316000.0,0.0,0.0,983692.0,5386940.0,-29372.0,-4270.0,2762.0,3840.0,1078.0,-8075.0,74.13451941535564,67.20444639351723,0.07102605037502419,0.1814694679716624,203990888.0,0,0.02583979277224291,-0.01517358178117359,0.21842058469618542,0.20240895404039388,1.0791053475460188,0,0,0,1,1,0,0,1,0,0,0,0,0,0,3,1,0,1,4,golden1,golden1,1699787.1988315277
2026-02-25,81.0999984741211,0.23895290207212683,0.0,0.09668697526631687,-160787608.0,-110921600.0,1095.0,28054.0,0.4399999999999906,-0.5300000000000011,-0.3599999999999999,371000.0,-5375000.0,0.0,0.0,955766.0,6674714.0,-35753.0,-12168.0,2498.0,4919.0,2421.0,-5290.0,74.13454666065645,67.20446244780608,0.09395689495948911,0.2067650795824294,203991415.0,0,0.021410540498391528,-0.01517358178117359,0.2258784401855431,0.19811152268247187,1.1401580136637248,0,0,0,1,1,0,0,1,1,0,0,0,0,0,4,1,0,1,5,golden1,golden1,1740137.0564750752
2026-02-26,81.1500015258789,0.2352350461496524,0.0,0.07483445729640925,-254163660.0,-153599728.0,1264.0,160123.0,0.46000000000000085,-0.5200000000000031,-0.3299999999999996,338000.0,34401000.0,0.0,0.0,3023176.0,6424058.0,-36168.0,-11284.0,2084.0,6125.0,4041.0,-588.0,74.13455312393108,67.2044885348902,0.09463129008439641,0.20750865448144418,203991386.0,0,0.0006165604525105728,-0.01517358178117359,0.22568452684817278,0.18210349016352584,1.239320161549413,0,0,0,1,1,0,0,1,1,0,0,0,0,0,4,1,0,1,5,golden1,golden1,1744531.7148533042
2026-03-02,80.3499984741211,0.2189941374060984,-0.009858324543625452,0.04080313018653081,-369139445.0,-256295126.0,1269.0,273168.0,0.46000000000000085,-0.5200000000000031,-0.19999999999999973,136000.0,65740000.0,3562.0,0.0,2928558.0,6260756.0,-41274.0,-13609.0,2996.0,7405.0,4409.0,-4487.0,74.13455978380297,67.20449604555895,0.08383996220445722,0.19560450865743562,203991435.0,0,-0.009858324543625452,-0.01517358178117359,0.2252460394170105,0.18352393923567809,1.2273387349633644,0,0,0,1,1,0,0,1,1,0,0,0,0,0,4,1,0,1,5,golden1,golden1,1723283.6566473297
2026-03-03,78.75,0.19104335562729458,-0.029574879614925664,0.017441840407066644,-436205743.0,-330580463.0,776.0,180883.0,0.46000000000000085,-0.5200000000000031,-0.3999999999999999,69000.0,69600000.0,8573.0,0.0,2958756.0,5941792.0,-40421.0,-9569.0,1848.0,9394.0,7546.0,6913.0,74.13455978380297,67.20449604555895,0.062257606029589185,0.17179660043301515,203991435.0,0,-0.019912862532740605,-0.015809222104060206,0.24217729344461658,0.18965516654954073,1.276934859464302,1,0,1,1,1,0,0,1,1,0,0,0,0,0,4,1,1,2,6,golden1,golden1,1678315.7775359522
2026-03-04,75.5999984741211,0.14040047674517586,-0.06839190323351885,-0.0478589795809925,-680296441.0,-428767018.0,3767.0,-40940.0,0.46000000000000085,-0.5200000000000031,-0.25,-101000.0,76192000.0,10205.0,0.0,3115750.0,6857620.0,-41633.0,-12261.0,863.0,8843.0,7980.0,6902.0,74.20771098861677,67.20453556809915,0.01876203250249686,0.12492405214994351,196374228.0,0,-0.04000001937624009,-0.020917220374915578,0.28939287782775863,0.20876833905163522,1.3861914078656454,1,1,2,1,1,1,0,1,1,1,1,0,1,1,9,1,1,2,11,golden1,golden1,1594390.620013156
2026-03-05,77.4000015258789,0.16401482301152548,-0.046210720018336926,-0.045622651268271586,-717438285.0,-468801377.0,2811.0,-77559.0,0.46000000000000085,-0.5200000000000031,0.3899999999999997,-52000.0,66982000.0,10205.0,0.0,3180648.0,5780808.0,-41134.0,-5381.0,1895.0,9723.0,7828.0,5407.0,74.23446190297578,67.3497024288437,0.042642453945991754,0.1492255902341002,193727067.0,0,0.023809564657252924,-0.020917220374915578,0.29892851820129923,0.21258788751376698,1.4061408751801108,0,1,1,1,1,1,0,1,0,1,1,0,1,1,8,1,1,2,10,golden1,golden1,1640486.9218482831
2026-03-06,76.8499984741211,0.15244170080326236,-0.052988329894073205,-0.052988329894073205,-736764960.0,-525062909.0,3139.0,-110818.0,0.6899999999999977,-0.4399999999999977,0.6299999999999999,-116000.0,66736000.0,12392.0,0.0,1117998.0,6580386.0,-38930.0,-2762.0,1886.0,9101.0,7215.0,3174.0,74.36204770805166,67.44048930805157,0.033457265402873526,0.13952314496250473,174890331.0,0,-0.007105982440761549,-0.020917220374915578,0.29987849833067354,0.2136302364250236,1.4037268476081097,0,1,1,1,1,1,0,1,0,1,1,0,1,1,8,1,1,2,10,golden1,golden1,1632749.0386558261
2026-03-09,73.5999984741211,0.10114525979003575,-0.09303762057663179,-0.08400746892576505,-961996196.0,-623741111.0,5744.0,-256661.0,0.6899999999999977,-0.4399999999999977,-0.1299999999999999,-223000.0,38589000.0,8830.0,0.0,1188152.0,5576448.0,-40462.0,812.0,1506.0,11162.0,9656.0,5247.0,74.3620356089286,67.44051813742499,-0.01024766372474073,0.0913320435075069,174893070.0,0,-0.04229017650656719,-0.04011452723275645,0.33510732402646676,0.23086967303797767,1.4514999723300261,1,1,2,1,1,1,0,1,1,1,0,0,1,0,7,0,1,1,8,golden1,golden1,1545740.1177052616
2026-03-10,75.19999694824219,0.1223963926737226,-0.07332106550533146,-0.04507940383184528,-816110300.0,-528197269.0,5342.0,-208811.0,0.6899999999999977,-0.4399999999999977,0.96,-467000.0,-185707000.0,3819.0,0.0,1175702.0,5365550.0,-36856.0,3565.0,2331.0,18475.0,16144.0,8598.0,74.3620359133839,67.44051813742499,0.011268667197793292,0.11505663101528296,174892983.0,0,0.021739110153428554,-0.04011452723275645,0.34308433604682587,0.23400835846313578,1.4661200065675142,0,1,1,1,1,1,0,1,0,0,0,0,1,0,5,0,1,1,6,golden1,golden1,1584860.2167543734
2026-03-11,78.19999694824219,0.16401954635416272,-0.036352489490662054,0.03439151490209502,-548098202.0,-398459281.0,1411.0,7022.0,0.6899999999999977,-0.4399999999999977,1.3399999999999999,297000.0,7080000.0,2187.0,0.0,1025166.0,5199130.0,-40958.0,675.0,1753.0,10741.0,8988.0,1008.0,74.5984663525039,67.74089471832626,0.04827888255396284,0.154398643144676,186373722.0,0,0.039893618640234774,-0.04011452723275645,0.3630241621231455,0.24537709623017656,1.4794541450706948,0,0,0,1,1,0,0,1,0,0,0,0,0,0,3,0,1,1,4,golden1,golden1,1657170.5338625822
2026-03-12,76.5999984741211,0.13768006373260588,-0.05606904456196227,-0.010335956537291913,-539200724.0,-397950880.0,2212.0,57484.0,0.6899999999999977,-0.4399999999999977,0.28000000000000025,-10000.0,2480000.0,2187.0,0.0,947530.0,4867562.0,-43064.0,-1930.0,1696.0,12043.0,10347.0,2519.0,74.59848254394832,67.74090397155065,0.026830518020170446,0.1307791007083552,186373762.0,0,-0.020460339342213474,-0.04011452723275645,0.36719835479474827,0.25018376423083905,1.4677145654261659,0,1,1,1,1,1,1,1,0,1,0,0,0,0,6,1,1,2,8,golden1,golden1,1621901.4469620073
2026-03-13,75.94999694824219,0.12555199049242538,-0.06407892150166417,-0.011711145657107291,-519399567.0,-380976079.0,1765.0,20821.0,0.0,0.370000000000001,0.2799999999999998,119000.0,861000.0,0.0,0.0,967946.0,4752964.0,-40347.0,-1417.0,2447.0,12606.0,10159.0,2944.0,74.64468137487172,67.8093042711023,0.017487053991362966,0.12005273855330101,181293166.0,0,-0.008485659775809395,-0.04011452723275645,0.3641621850618276,0.25115105507722707,1.4499727462815177,0,1,1,1,1,1,1,0,0,1,0,0,0,0,5,1,1,2,7,golden1,golden1,1608512.1397074552
2026-03-16,75.5999984741211,0.11804547219011807,-0.06839190323351885,0.027173913606849176,-162234995.0,-186329760.0,205.0,196559.0,0.0,0.370000000000001,0.69,130000.0,-810000.0,1480.0,0.0,1019642.0,4734548.0,-38512.0,1950.0,1911.0,12219.0,10308.0,652.0,74.83731318445865,68.08677150926084,0.010191243608419942,0.11034782232020413,179269373.0,0,-0.004608275025469788,-0.04011452723275645,0.3648497029767892,0.25043803811880816,1.4568461952401335,0,0,0,1,1,0,0,0,0,0,0,0,0,0,2,0,1,1,3,golden1,golden1,1603043.6267747777
2026-03-17,76.6500015258789,0.13095635934024985,-0.05545286402200422,0.0192819765489447,-110060919.0,-161852564.0,-986.0,255786.0,0.0,0.370000000000001,-0.08999999999999986,501000.0,205576000.0,1480.0,0.0,1096346.0,4441666.0,-36158.0,698.0,3610.0,12536.0,8926.0,-7218.0,74.91687876958983,68.20202089019745,0.02313394237391253,0.12386701340246753,187498862.0,0,0.013888929536383987,-0.04011452723275645,0.3629796256726172,0.2512408120091064,1.4447478607076814,0,0,0,1,1,0,0,0,1,0,0,0,0,0,3,0,0,0,3,golden1,golden1,1631763.5961573226
2026-03-18,77.80000305175781,0.1450354074794049,-0.0412815577465242,-0.00511501166360806,-110060919.0,-161852564.0,-132.0,182744.0,0.0,0.370000000000001,-0.31999999999999984,-84000.0,-44029000.0,1480.0,0.0,1224426.0,4104440.0,-34549.0,6409.0,-386.0,4927.0,5313.0,-3675.0,75.08323483799117,68.57467089853849,0.03618341990230811,0.13452973280570202,198979859.0,0,0.015003281187028206,-0.04011452723275645,0.364780474078751,0.2522811057839645,1.4459286316555269,0,1,1,1,1,0,1,0,1,0,0,0,1,0,5,0,0,0,5,golden1,golden1,1661998.371492142
2026-03-19,76.0,0.11621076134239483,-0.06346274096170612,-0.007832878408265298,-129599674.0,-174633193.0,-186.0,142030.0,0.0,0.370000000000001,-0.33999999999999986,569000.0,-34780000.0,2780.0,0.0,1296060.0,4161094.0,-40825.0,2239.0,-733.0,5110.0,5843.0,-4504.0,76.1985522972192,68.57468048058263,-0.0026057226972596714,0.10828077458588958,100283342.0,0,-0.023136285104774723,-0.04011452723275645,0.365200894028614,0.25644256750057354,1.4241040307311585,0,1,1,1,1,0,1,0,1,1,0,0,1,0,6,0,0,0,6,golden1,golden1,1616615.20675481
2026-03-20,75.9000015258789,0.1126340653818294,-0.06469500802567163,-0.0006582676020033817,-100142202.0,-147171258.0,-316.0,78747.0,0.19999999999999574,-0.41000000000000014,-0.7199999999999998,544000.0,-55106000.0,3780.0,0.0,1274786.0,4262462.0,-36366.0,3981.0,-1130.0,6017.0,7147.0,-3012.0,77.09652580034395,68.57468048058263,-0.015519820926349848,0.1068225326601484,43878501.0,0,-0.0013157693963301575,-0.04011452723275645,0.3580450888763294,0.25658771293032856,1.3954101105907188,0,1,1,1,1,0,1,1,1,1,0,0,1,0,7,0,0,0,7,golden1,golden1,1612342.7750967268
2026-03-23,74.25,0.08650321827909546,-0.08502774363693,-0.017857123033980127,-263652457.0,-229453334.0,-504.0,-25562.0,0.19999999999999574,-0.41000000000000014,-0.7600000000000002,627000.0,-32489000.0,10275.0,0.0,1123718.0,4109860.0,-37717.0,795.0,-881.0,6385.0,7266.0,-3042.0,77.09355851986993,68.57469398822252,-0.03688451505500345,0.08276093820779118,42684029.0,0,-0.021739150101549365,-0.04011452723275645,0.35642116858409234,0.2602006823155537,1.3697933664595427,0,1,1,1,1,0,0,1,1,1,1,0,1,0,7,0,0,0,7,golden1,golden1,1566022.9106707682
2026-03-24,74.4000015258789,0.08690096893628385,-0.08317929603300633,-0.029354206852042153,-295136896.0,-235562154.0,1029.0,-46632.0,0.19999999999999574,-0.41000000000000014,-0.6499999999999999,578000.0,-29811000.0,10275.0,0.0,987908.0,4240766.0,-34108.0,2050.0,-462.0,5410.0,5872.0,-3054.0,77.09355668194877,68.57470262615242,-0.0349387844068757,0.08494821962968158,42683773.0,0,0.002020222570759733,-0.04011452723275645,0.3563356916916687,0.25906836301378167,1.3754504314859652,0,1,1,1,1,1,0,1,1,1,1,0,0,0,7,0,0,0,7,golden1,golden1,1568271.6072259387
2026-03-25,76.19999694824219,0.11108676746952639,-0.06099820683377499,-0.020565630343885588,-275324394.0,-233005111.0,257.0,-40962.0,0.19999999999999574,-0.41000000000000014,-0.77,201000.0,-35836000.0,10275.0,0.0,866740.0,4100374.0,-35947.0,-1398.0,-1544.0,3514.0,5058.0,-255.0,76.71556703942001,68.95509874751633,-0.0067205407073756,0.10506689617331322,73977334.0,0,0.024193486363534245,-0.04011452723275645,0.35469013377058695,0.26196711931173783,1.3539490555244447,0,1,1,1,1,1,0,1,1,1,1,0,0,0,7,1,0,1,8,golden1,golden1,1591261.4993242533
2026-03-26,75.80000305175781,0.10314721804743998,-0.06592727508963714,-0.002631538792660315,-185216593.0,-174317579.0,-569.0,-122902.0,0.19999999999999574,-0.41000000000000014,-0.18000000000000016,-206000.0,-44281000.0,8975.0,0.0,818676.0,4063544.0,-37065.0,3760.0,-470.0,3697.0,4167.0,-1676.0,76.71552264781766,68.95509874751633,-0.011933955012765507,0.09926610835994243,73976585.0,0,-0.0052492639436201305,-0.04011452723275645,0.34399762638455894,0.26249592367433877,1.310487498508106,0,1,1,1,1,0,0,1,1,0,1,0,0,0,5,0,0,0,5,golden1,golden1,1586152.6993762588
2026-03-27,75.0,0.08949868751172829,-0.07578559963326259,-0.01185772737530233,-143344276.0,-148698637.0,461.0,-46427.0,0.04999999999999716,0.05999999999999872,-0.17000000000000037,-366000.0,-23054000.0,7975.0,0.0,792140.0,3716488.0,-39919.0,-3553.0,-706.0,4329.0,5035.0,-2112.0,76.48502154709325,69.22081395408337,-0.019415847927543584,0.08348913738214891,85458417.0,0,-0.010554129545503499,-0.04011452723275645,0.34466011080749986,0.26373776596347487,1.3068288098536178,0,1,1,1,1,1,0,0,1,0,0,0,0,0,4,1,0,1,5,golden1,golden1,1575934.9045920437
2026-03-30,73.9000015258789,0.07194664416236551,-0.08934072536878457,-0.004713784163247081,-89793248.0,-131626778.0,318.0,23345.0,0.04999999999999716,0.05999999999999872,-0.009999999999999787,40000.0,-40877000.0,0.0,0.0,789158.0,3753546.0,-37282.0,435.0,-789.0,5366.0,6155.0,-1111.0,76.48498680172798,69.5011247145874,-0.0337972899511656,0.06329216727579423,85459134.0,0,-0.01466664632161463,-0.04011452723275645,0.34621714011110466,0.26517904508443213,1.3055976576160846,0,1,1,1,1,1,1,0,1,1,0,0,0,0,6,0,0,0,6,golden1,golden1,1561885.5098468326
2026-03-31,72.3499984741211,0.048095010778879566,-0.10844119391607743,-0.027553803894005968,-220667671.0,-213859274.0,1504.0,40103.0,0.04999999999999716,0.05999999999999872,-0.31000000000000005,89000.0,-38700000.0,1000.0,0.0,760448.0,3751910.0,-37214.0,-3106.0,-1594.0,4997.0,6591.0,719.0,76.4849428681034,70.6813548833498,-0.054062201512171226,0.023607974033960977,85460042.0,0,-0.020974330443214173,-0.04011452723275645,0.34688615086189134,0.2695328586525799,1.2869902118651053,0,1,1,1,1,1,1,0,1,1,0,0,0,0,6,1,1,2,8,golden1,golden1,1523613.1191589998
2026-04-01,75.44999694824219,0.09125616857095742,-0.0702403508374424,-0.009842520079225592,-200932327.0,-205668103.0,418.0,45401.0,0.04999999999999716,0.05999999999999872,0.1499999999999999,229000.0,5343000.0,2038.0,0.0,719912.0,3607046.0,-31373.0,4574.0,-2905.0,2923.0,5828.0,770.0,76.07416557221448,71.79893956796255,-0.00820473835338742,0.050851132373949115,141702216.0,0,0.04284725002765466,-0.024093979674864346,0.3573535712268838,0.2820728487555286,1.2668839727165684,0,1,1,1,1,1,1,0,0,1,0,0,0,0,5,0,1,1,6,golden1,golden1,1599606.3417897844
2026-04-02,73.94999694824219,0.06808592593825624,-0.0887246388447771,-0.024406411992522026,-242413709.0,-219208597.0,736.0,45380.0,0.22999999999999687,-0.2799999999999976,-0.020000000000000018,70000.0,1167000.0,2038.0,0.0,706010.0,3506754.0,-34855.0,2210.0,-2384.0,3568.0,5952.0,1785.0,76.07416506254204,72.6244906948416,-0.02792233227342722,0.018251504977434996,141702250.0,0,-0.019880716509889096,-0.024093979674864346,0.3525930486687338,0.2856473628365463,1.234364795695647,0,1,1,1,1,1,1,1,1,1,0,0,0,0,7,0,1,1,8,golden1,golden1,1559528.829447191
2026-04-07,75.30000305175781,0.08592982906791047,-0.07208870442541537,0.0040000406901041785,-256243819.0,-216268442.0,-870.0,34877.0,0.22999999999999687,-0.2799999999999976,0.2400000000000002,269000.0,-202000.0,2038.0,0.0,678442.0,3259800.0,-31350.0,8569.0,-502.0,4274.0,4776.0,-259.0,76.0741619143491,73.89340539957823,-0.01017637057195464,0.0190354963961048,141701675.0,0,0.018255661382386545,-0.024093979674864346,0.359194815742788,0.28664516042736266,1.2530991809080614,0,0,0,1,1,0,0,1,0,0,0,0,0,0,3,0,0,0,3,golden1,golden1,1590368.8554794474
2026-04-08,79.19999694824219,0.13969949347268007,-0.024029630819105474,0.07171847514113083,-1901856.0,-49141312.0,-3078.0,57726.0,0.22999999999999687,-0.2799999999999976,0.69,-172000.0,-2318000.0,2038.0,0.0,690778.0,3869014.0,-32478.0,4804.0,-1388.0,1818.0,3206.0,-2949.0,78.07568387712337,76.02039829142399,0.014400297445851029,0.04182559850093415,393947615.0,0,0.05179274553021851,-0.02180900685171063,0.3700609464247033,0.3037245658224497,1.218409664765254,0,0,0,1,1,0,0,1,0,0,0,0,0,0,3,0,0,0,3,golden1,golden1,1687876.1735133005
2026-04-09,79.1500015258789,0.13649419574780675,-0.02464571734311305,0.09398760463264022,185653418.0,99104423.0,-4674.0,166205.0,0.22999999999999687,-0.2799999999999976,1.0499999999999998,-240000.0,-7953000.0,1038.0,0.0,671966.0,3608172.0,-33399.0,3815.0,-954.0,2165.0,3119.0,-3472.0,78.25237410589338,76.99973621068723,0.011470928904608435,0.027925619242488153,471492811.0,0,-0.0006312553571934387,-0.02180900685171063,0.3642547200193083,0.3037498435905387,1.1991931113891583,0,0,0,0,0,0,0,1,0,0,0,0,0,0,1,0,0,0,1,golden1,golden1,1684727.2982611165
2026-04-10,80.75,0.15654540625483016,-0.004929162271812726,0.07024523878236266,211743938.0,153271096.0,-3724.0,165780.0,-0.7499999999999929,1.149999999999995,0.8300000000000001,2000.0,-14972000.0,0.0,0.0,658282.0,3457706.0,-34403.0,-3030.0,-331.0,3521.0,3852.0,-1976.0,78.82492236834364,77.62950210484127,0.024422195085211706,0.04019731945394156,596514083.0,0,0.02021476239135578,-0.02180900685171063,0.34380640198875706,0.3036622594972386,1.132199972950157,0,0,0,0,0,0,0,0,0,0,0,0,0,0,0,1,0,1,1,golden1,golden1,1723780.9235002955
2026-04-13,80.5999984741211,0.151543707891848,-0.006777609875736279,0.08992564976754847,287231670.0,228152581.0,-4232.0,244678.0,-0.7499999999999929,1.149999999999995,0.73,55000.0,-11565000.0,0.0,0.0,744386.0,3393302.0,-35996.0,-1141.0,87.0,5483.0,5396.0,-556.0,78.97234818180438,77.81464373800064,0.020610382365352287,0.03579473736972516,650542341.0,0,-0.0018576040356520496,-0.02180900685171063,0.3340148098643594,0.2950326863711684,1.1321281515369086,0,0,0,0,0,0,0,0,0,0,0,0,0,0,0,1,0,1,1,golden1,golden1,1720191.5387773288
2026-04-14,83.0999984741211,0.18378596071328213,0.0,0.10358559238041365,348686581.0,296725776.0,-3681.0,282971.0,-0.7499999999999929,1.149999999999995,1.12,-41000.0,-10853000.0,0.0,0.0,865792.0,3271130.0,-36664.0,-5314.0,-316.0,8860.0,9176.0,4400.0,79.63802243669,78.48110911558848,0.0434713963444191,0.05885351787944049,775629489.0,0,0.031017370314252446,-0.02180900685171063,0.3456130886213454,0.3000104700242555,1.1520034237251884,0,0,0,0,0,0,0,0,0,0,0,0,0,0,0,1,1,2,2,golden1,golden1,1777434.2629691244
2026-04-15,84.1500015258789,0.19520217282781616,0.0,0.06250006020671428,194076309.0,225433931.0,-2012.0,219066.0,-0.7499999999999929,1.149999999999995,0.7000000000000002,158000.0,-12072000.0,0.0,0.0,860944.0,3737276.0,-36783.0,-4305.0,824.0,-1606.0,-2430.0,-5636.0,79.8470595892883,78.62777732938042,0.053889798305958525,0.0702324850588778,790494174.0,0,0.012635416017303669,-0.02180900685171063,0.3448522196013402,0.2998060941278192,1.1502508666628906,0,0,0,0,0,0,0,0,0,0,0,0,0,0,0,1,0,1,1,golden1,golden1,1801304.7165455297
2026-04-16,85.0,0.20349722523745917,0.0,0.0739102762014272,171054186.0,185798108.0,-1446.0,220565.0,-0.7499999999999929,1.149999999999995,0.20999999999999996,175000.0,-13176000.0,0.0,0.0,865612.0,3848190.0,-39683.0,-6284.0,-286.0,-1991.0,-1705.0,-4824.0,79.97629963373726,78.72697718537114,0.06281486376926027,0.07968072748250399,797151729.0,0,0.010100991785005453,-0.02180900685171063,0.34390447628821463,0.30013130765105606,1.145846726153777,0,0,0,0,0,0,0,0,0,0,0,0,0,0,0,1,0,1,1,golden1,golden1,1825758.5477545673
2026-04-17,84.1500015258789,0.18793853196370836,-0.009999982048483402,0.04210528205422803,51479226.0,96897072.0,-512.0,277995.0,-0.259999999999998,0.3100000000000023,-0.2400000000000002,149000.0,-9417000.0,0.0,0.0,862336.0,3841256.0,-41151.0,-6748.0,-162.0,-1049.0,-887.0,-4739.0,80.00810200388199,78.72698518231041,0.05176850116749376,0.06888383101436246,785670670.0,0,-0.009999982048483402,-0.02180900685171063,0.3460932581301854,0.3010566174022096,1.1495952526026263,0,0,0,0,0,0,0,0,1,0,0,0,0,0,1,1,0,1,2,golden1,golden1,1806743.7185869308
2026-04-20,84.55000305175781,0.18994846554891254,-0.0052940817440256804,0.04900750189102032,28307832.0,66039592.0,-339.0,236291.0,-0.259999999999998,0.3100000000000023,-0.18999999999999995,223000.0,-8619000.0,0.0,0.0,718172.0,3869374.0,-42618.0,-6622.0,-291.0,-587.0,-296.0,-5692.0,80.00810481481263,78.72698518231041,0.0567679767875755,0.07396470036243441,785670119.0,0,0.004753434564774173,-0.021012571426130933,0.3307444376014817,0.3009648031574566,1.0989472328046452,0,0,0,0,0,0,0,0,1,0,0,0,0,0,1,1,0,1,2,golden1,golden1,1820220.2960810994
2026-04-21,86.0,0.20623032347560666,0.0,0.03489773260082574,-8689477.0,19449154.0,88.0,195285.0,-0.259999999999998,0.3100000000000023,-0.43000000000000016,248000.0,-9533000.0,0.0,0.0,595214.0,3798826.0,-41295.0,-4631.0,635.0,-749.0,-1384.0,-10560.0,80.30872298058641,79.00805823134931,0.07086748248741781,0.08849656509943671,827169893.0,0,0.017149578898945306,-0.021012571426130933,0.33215363460659614,0.30229497628691737,1.098773253483839,0,0,0,1,0,0,0,0,1,0,0,0,0,0,2,1,0,1,3,golden1,golden1,1857358.0327174782
2026-04-22,86.3499984741211,0.2070001645042545,0.0,0.026143754109922535,-12027803.0,3662222.0,-492.0,269766.0,-0.259999999999998,0.3100000000000023,-0.07000000000000028,90000.0,-7267000.0,0.0,0.0,554874.0,3501056.0,-42555.0,-5772.0,-348.0,1.0,349.0,2779.0,80.37594236481523,79.07113837228394,0.0743264207365737,0.09205457581205811,836475010.0,0,0.00406974969908247,-0.01993539720655535,0.3152864208930272,0.30224330722015674,1.04315435068797,0,0,0,1,0,0,0,0,1,0,0,0,0,0,2,1,1,2,4,golden1,golden1,1865802.9444051008
2026-04-23,86.3499984741211,0.2026462227752408,0.0,0.015882334989659963,-31801000.0,7025917.0,-387.0,47012.0,-0.259999999999998,0.3100000000000023,0.2200000000000002,81000.0,-4894000.0,0.0,0.0,567996.0,3993528.0,-44027.0,-4344.0,495.0,77.0,-418.0,1287.0,80.4314640578561,79.12349135823116,0.07358481516645843,0.09133200509532569,844321971.0,0,0.0,-0.01993539720655535,0.3158554088573035,0.30215895708424956,1.0453286306824094,0,0,0,1,0,0,0,0,0,0,0,0,0,0,1,1,0,1,2,golden1,golden1,1855970.9252727104
2026-04-24,89.94999694824219,0.24759008183108988,0.0,0.06892448386444294,64374739.0,67782252.0,38.0,9716.0,0.03999999999999915,-0.08000000000000185,0.5600000000000005,115000.0,-1643000.0,0.0,0.0,563872.0,4381454.0,-40633.0,518.0,2338.0,612.0,-1726.0,-839.0,81.47947490910555,79.90566927556792,0.10395896694947937,0.12570231578981894,897987155.0,0,0.0416907763490002,-0.01993539720655535,0.33361001303833804,0.31056007283575326,1.0742205525395252,0,0,0,0,0,0,0,1,0,0,0,0,0,0,1,0,0,0,1,golden1,golden1,1940442.1752831778
2026-04-27,93.0,0.28435299533149316,0.0,0.09994082369304547,40451363.0,58127409.0,1758.0,92720.0,0.03999999999999915,-0.08000000000000185,0.52,135000.0,-7443000.0,0.0,0.0,675258.0,4482354.0,-44223.0,-1605.0,2533.0,1362.0,-1171.0,-875.0,81.47949320362413,79.90568653332629,0.14139148813291147,0.1638721101684355,897988581.0,1,0.033907761592396835,-0.01993539720655535,0.34102281376950005,0.3164842067147594,1.0775350129141097,0,0,0,0,0,0,0,1,0,0,0,0,0,0,2,1,0,1,3,golden1,golden1,2004082.0944996343
2026-04-28,92.0,0.26492648119073126,-0.010752688172043001,0.06976744186046502,-38410566.0,-3499181.0,993.0,95191.0,0.03999999999999915,-0.08000000000000185,0.1299999999999999,105000.0,-8559000.0,0.0,0.0,747884.0,4410018.0,-45869.0,-4574.0,2770.0,2794.0,24.0,1408.0,81.56341521599678,79.9056876391602,0.12795669181292846,0.15135734036174675,886506600.0,1,-0.010752688172043001,-0.01993539720655535,0.34118604157300997,0.3178767034565688,1.0733282365866295,0,0,0,1,1,0,0,1,0,0,0,0,0,0,4,1,1,2,6,golden1,golden1,1983988.1646895267
2026-04-29,90.75,0.2424103493222125,-0.024193548387096753,0.050955432584026905,-75645688.0,-50056097.0,1252.0,42749.0,0.03999999999999915,-0.08000000000000185,-0.3500000000000001,104000.0,-12685000.0,0.0,0.0,803636.0,4505924.0,-47074.0,-4519.0,1864.0,2199.0,335.0,-14.0,81.56342354174052,79.90568905112463,0.11263107970888697,0.1357138781687628,886505771.0,0,-0.013586956521739135,-0.01993539720655535,0.34015040036735356,0.3185796145836545,1.0677092469079965,0,0,0,1,1,0,0,1,1,0,0,0,0,0,4,1,0,1,5,golden1,golden1,1958609.2561892893
2026-04-30,90.5,0.23389461216831964,-0.026881720430107503,0.04806023855486985,-99716525.0,-84072063.0,790.0,178926.0,0.27999999999999403,-0.4299999999999997,-0.4700000000000002,70000.0,-956000.0,0.0,0.0,805498.0,3867814.0,-44044.0,-17.0,1836.0,2285.0,449.0,867.0,81.56343297856407,79.90568905112463,0.10956585193985857,0.1325851897991519,886504863.0,0,-0.0027548209366391463,-0.013901644521146634,0.3235046643009414,0.3187398159328967,1.0149490215212016,0,0,0,1,1,0,0,1,1,0,0,0,0,0,4,1,1,2,6,golden1,golden1,1951023.1904087462
2026-05-04,94.5999984741211,0.283974060153767,0.0,0.05169540504325476,-114557451.0,-86061687.0,231.0,206786.0,0.27999999999999403,-0.4299999999999997,-0.20000000000000018,-37000.0,-7980000.0,0.0,0.0,824330.0,3475430.0,-43504.0,-2871.0,2737.0,1370.0,-1367.0,359.0,82.9347835749512,80.7625109854257,0.14065527630668528,0.17133552832690513,898387584.0,1,0.045303850542774526,-0.013901644521146634,0.3267680956671643,0.3297431107300734,0.9909777794710488,0,0,0,1,1,0,0,1,1,0,0,0,0,0,5,1,0,1,6,golden1,golden1,2053386.0929511227
2026-05-05,94.5999984741211,0.2783006284006355,0.0,0.01720428466796875,-114513676.0,-106956789.0,-1329.0,218700.0,0.27999999999999403,-0.4299999999999997,-0.41999999999999993,-70000.0,-4761000.0,0.0,0.0,682548.0,3323112.0,-48687.0,-4464.0,2754.0,2524.0,-230.0,941.0,82.93478391498567,80.78077462543209,0.14065527162997293,0.17107070231458654,898387550.0,1,0.0,-0.010894401589527808,0.3084976345500349,0.3297431107300734,0.9355696131664447,0,0,0,1,1,0,0,1,1,0,0,0,0,0,5,1,0,1,6,golden1,golden1,2055059.6289715348
2026-05-06,95.75,0.28802707027440766,0.0,0.040760869565217295,-85832359.0,-83795821.0,-545.0,166915.0,0.27999999999999403,-0.4299999999999997,-0.2599999999999998,-87000.0,-20810000.0,0.0,0.0,677128.0,4280250.0,-50967.0,-5098.0,1946.0,2412.0,466.0,442.0,82.93478896468244,80.90063853948566,0.15452153668317514,0.18355060885294172,898387904.0,1,0.012156464528839228,-0.010894401589527808,0.30776435225241605,0.32983985464268295,0.9330720588202375,0,0,0,1,1,0,0,1,1,0,0,0,0,0,5,1,1,2,7,golden1,golden1,2086692.2296265054
2026-05-07,97.69999694824219,0.3078894700484842,0.0,0.07658398841038228,-71390814.0,-50309017.0,-428.0,229090.0,0.27999999999999403,-0.4299999999999997,0.040000000000000036,-82000.0,-8635000.0,1000.0,0.0,635938.0,3417874.0,-51132.0,-4058.0,1393.0,2302.0,909.0,574.0,84.39283158898193,80.9006408091014,0.15768122847293586,0.207654178893115,646139322.0,1,0.020365503375897598,-0.010894401589527808,0.2724105838546532,0.3306341572877551,0.8239033319765896,0,0,0,1,1,0,0,1,0,0,0,0,0,0,4,1,1,2,6,golden1,golden1,2136073.499563802
2026-05-08,97.0,0.29241141870976417,-0.007164759161794265,0.07182320441988943,-101631498.0,-70294736.0,153.0,75212.0,0.14000000000000767,-0.2699999999999996,-0.13999999999999968,-104000.0,-20025000.0,1000.0,0.0,641388.0,4294606.0,-54530.0,-10486.0,1770.0,3551.0,1781.0,1332.0,85.10785337702123,80.90064232818571,0.13973030867430625,0.199001605036766,568594202.0,1,-0.007164759161794265,-0.010894401589527808,0.2769608450235897,0.33079632099872364,0.8372549131967473,0,0,0,1,1,0,0,1,1,0,0,0,0,0,5,1,1,2,7,golden1,golden1,2114790.6590975663
2026-05-11,96.9000015258789,0.2851544361470828,-0.008188285029190778,0.02431292905767868,-183214489.0,-126482308.0,522.0,102507.0,0.14000000000000767,-0.2699999999999996,-0.6200000000000001,-71000.0,-4352000.0,1000.0,0.0,608722.0,3683278.0,-54225.0,-10721.0,3260.0,4073.0,813.0,2180.0,86.48454822893699,80.90064642382009,0.12043137774589185,0.19776547913154907,432092016.0,1,-0.0010309121043411418,-0.010894401589527808,0.2772042827477732,0.32830060159032015,0.8443611781549245,0,0,0,1,1,0,0,1,1,0,0,0,0,0,5,1,1,2,7,golden1,golden1,2117488.0822213925
2026-05-12,96.8499984741211,0.27861535769325974,-0.00870008700789815,0.023784355563340798,-175258546.0,-108434895.0,374.0,211058.0,0.14000000000000767,-0.2699999999999996,-0.3500000000000001,-51000.0,7784000.0,1000.0,0.0,673816.0,3840472.0,-53072.0,-4385.0,2902.0,6733.0,3831.0,4061.0,87.32550721681336,80.90065088049897,0.10906883407685397,0.19714733342728508,378063142.0,0,-0.0005160273577958785,-0.010894401589527808,0.27652815396662184,0.3258181742957445,0.848719242148898,0,0,0,1,1,0,0,1,1,0,0,0,0,0,4,1,1,2,6,golden1,golden1,2113920.7554451777
2026-05-13,95.5,0.25536488267612656,-0.022517881442797427,-0.0026109660574412663,-216046928.0,-142313440.0,70.0,294884.0,0.14000000000000767,-0.2699999999999996,-0.43000000000000016,-35000.0,46027000.0,1000.0,0.0,654254.0,3571762.0,-52760.0,-1793.0,928.0,4559.0,3631.0,3165.0,89.41486696898005,80.93403874389325,0.06805504763688819,0.1799732409524144,252975997.0,0,-0.01393906551771218,-0.013604561971537787,0.27588954183426584,0.3266339724552769,0.8446443575982928,1,0,1,1,1,1,1,1,1,1,0,0,0,0,7,1,1,2,9,golden1,golden1,2082662.432876869
2026-05-14,96.05000305175781,0.25724836611185675,-0.01688837203708904,-0.01688837203708904,-196637021.0,-144595767.0,-321.0,198561.0,0.14000000000000767,-0.2699999999999996,-0.31000000000000005,-43000.0,38753000.0,0.0,0.0,686714.0,3613688.0,-51068.0,64.0,1526.0,7766.0,6240.0,5331.0,90.02693862945594,81.02473495070834,0.06690291277250182,0.18544050912588794,226629035.0,0,0.005759194259244094,-0.013604561971537787,0.27514482520281025,0.326446597767467,0.8428478871720397,0,0,0,1,1,0,1,1,1,1,0,0,0,0,6,0,1,1,7,golden1,golden1,2091988.2660619442
2026-05-15,95.4000015258789,0.24356386440652122,-0.02354140731019405,-0.016494829630114394,-155508723.0,-122508688.0,-649.0,282863.0,0.4299999999999997,-0.5399999999999991,-0.30000000000000027,-14000.0,6213000.0,0.0,0.0,777926.0,3761648.0,-50963.0,3567.0,2806.0,8055.0,5249.0,3468.0,90.3803752084069,81.02473650462613,0.05553889664539802,0.1774182261047157,211741785.0,0,-0.006767324364671201,-0.013604561971537787,0.27892995764915,0.325392685121277,0.8572102889934053,0,0,0,1,1,0,1,1,1,1,0,0,0,0,6,0,1,1,7,golden1,golden1,2069042.8897767386
2026-05-18,94.9000015258789,0.23209152886694406,-0.02865911473719507,-0.02063983455630658,-112805010.0,-95569697.0,-516.0,272912.0,0.4299999999999997,-0.5399999999999991,-0.41000000000000014,-82000.0,-16158000.0,0.0,0.0,967588.0,3853292.0,-44996.0,9229.0,4326.0,8257.0,3931.0,3118.0,90.3803810355817,81.02474014363305,0.05000665452514386,0.1712472185365741,211742058.0,0,-0.005241090062921727,-0.013604561971537787,0.27581889467004805,0.32580651691869944,0.8465726753368622,0,0,0,1,1,0,1,1,1,0,0,0,0,0,5,0,1,1,6,golden1,golden1,2055335.0573457372
2026-05-19,93.0999984741211,0.20407132362508884,-0.04708289271040611,-0.03871967020218403,-185911965.0,-129513830.0,117.0,-8521.0,0.4299999999999997,-0.5399999999999991,-0.6000000000000001,-178000.0,-24724000.0,0.0,0.0,1082424.0,3893790.0,-45376.0,7696.0,4397.0,9068.0,4671.0,840.0,90.38038544107053,81.66085491478599,0.03009074391283484,0.14008111440018567,211742401.0,0,-0.018967365888471144,-0.014190480536250126,0.28992621125890555,0.3256037802584072,0.8904264287988701,1,0,1,1,1,1,0,1,1,0,0,0,0,0,5,0,1,1,6,golden1,golden1,2011844.2415781994
2026-05-20,92.5,0.1918336888931773,-0.05322412600480375,-0.03141361256544506,-166162523.0,-91691663.0,522.0,-81842.0,0.4299999999999997,-0.5399999999999991,-0.44999999999999973,-163000.0,-41412000.0,11615.0,0.0,1094520.0,4013518.0,-42744.0,10016.0,1472.0,3832.0,2360.0,-1271.0,91.44818759877036,81.99458142893415,0.01150173042077629,0.12812332702949458,170243044.0,0,-0.006444666852361669,-0.014190480536250126,0.28889009874265204,0.3243665137038175,0.8906286146616251,0,0,0,1,1,1,0,1,1,0,1,0,0,0,6,0,0,0,6,golden1,golden1,1995394.8701298696
2026-05-21,95.8499984741211,0.22976057632639546,-0.018935501861900295,-0.0020822964214685102,-139748459.0,-73620341.0,125.0,25427.0,0.4299999999999997,-0.5399999999999991,-0.36999999999999966,-111000.0,-49657000.0,11615.0,0.0,1050690.0,3995418.0,-44454.0,6614.0,2209.0,3670.0,1461.0,-4779.0,92.44131573273295,82.42563930294229,0.03687401801206902,0.1628663033093345,193907518.0,0,0.03621619972022794,-0.014190480536250126,0.3109735415872125,0.3289625161950022,0.9453160353469384,0,0,0,1,1,1,1,1,1,0,1,0,0,0,7,0,0,0,7,golden1,golden1,2081484.4825219377
2026-05-22,97.30000305175781,0.2427755325684411,-0.004094103469586385,0.019916158233640013,-117196023.0,-49552696.0,182.0,197695.0,0.0899999999999963,-0.1999999999999993,-0.029999999999999805,-88000.0,-17634000.0,11615.0,0.0,940516.0,3769126.0,-46483.0,4480.0,1901.0,3893.0,1992.0,-3257.0,92.6982123568087,82.425640501902,0.049642712388413335,0.18045795530715458,186060557.0,0,0.015127851859363384,-0.014190480536250126,0.3121160612031813,0.32976441880778634,0.9464819228575053,0,0,0,1,1,0,0,1,1,0,0,0,0,0,4,0,0,0,4,golden1,golden1,2120505.0895131696
2026-05-25,100.80000305175781,0.2811144090326698,0.0,0.06217072108549959,-88726317.0,-30306462.0,-517.0,124589.0,0.0899999999999963,-0.1999999999999993,0.3999999999999999,-7000.0,4165000.0,11615.0,0.0,771520.0,3852562.0,-51458.0,-6462.0,3224.0,5433.0,2209.0,-1722.0,96.86484894727555,83.20790662719757,0.04062520250895352,0.21142337474465478,148817752.0,0,0.03597122189336632,-0.014190480536250126,0.30403810314777213,0.33326133699475935,0.9123113586757087,0,0,0,1,1,0,0,1,0,0,0,0,0,0,3,1,0,1,4,golden1,golden1,2207046.211577463
2026-05-26,100.0999984741211,0.2660709281971734,-0.0069444896472601325,0.07518797115711862,304296.0,16140203.0,-859.0,98081.0,0.0899999999999963,-0.1999999999999993,0.54,94000.0,6841000.0,11615.0,0.0,622700.0,3791586.0,-54391.0,-9015.0,3321.0,7043.0,3722.0,-949.0,96.864885981348,83.20790803587823,0.03339819646714948,0.2030106372937437,148816326.0,0,-0.0069444896472601325,-0.014190480536250126,0.2882657259905426,0.3320712310020697,0.8680840105319029,0,0,0,0,0,0,0,1,0,0,0,0,0,0,1,1,0,1,2,golden1,golden1,2194758.5447394224
2026-05-27,102.55000305175781,0.2905215365029754,0.0,0.10864868164062491,59696073.0,34510235.0,-1517.0,98776.0,0.0899999999999963,-0.1999999999999993,0.54,295000.0,1747000.0,0.0,0.0,628670.0,4154020.0,-56302.0,-13558.0,1213.0,4136.0,2923.0,563.0,97.33835624180051,83.43844681178675,0.05354155351679579,0.22904976027515556,162336065.0,0,0.024475570579255423,-0.014190480536250126,0.2917157100397741,0.33470594193886516,0.8715582052411148,0,0,0,0,0,0,0,1,0,0,0,0,0,0,1,1,1,2,3,golden1,golden1,2253873.0017402694
2026-05-28,100.5,0.25884637484998096,-0.019990277823035862,0.04851331872617992,-22247922.0,-17240147.0,-823.0,-12657.0,0.0899999999999963,-0.1999999999999993,1.0399999999999996,177000.0,13581000.0,0.0,0.0,716964.0,4358040.0,-58196.0,-13742.0,1554.0,6343.0,4789.0,3328.0,97.3383597691653,83.43844809506646,0.03248092774865352,0.20448069558405835,162336058.0,0,-0.019990277823035862,-0.01901851148519938,0.29811721367127575,0.3371491169525771,0.8842295550582993,1,0,1,1,1,0,0,1,0,0,0,0,0,0,3,1,1,2,5,golden1,golden1,2201331.781161859
2026-05-29,105.4000015258789,0.31336293010223404,0.0,0.0832476692710109,5482795.0,-2230355.0,32.0,72849.0,-0.46999999999999886,0.9100000000000001,1.0699999999999998,247000.0,15105000.0,0.0,0.0,734936.0,4282658.0,-60650.0,-14167.0,2372.0,5043.0,2671.0,679.0,99.01852728403392,84.23592405603243,0.06444727483716028,0.2512476441259013,205077243.0,0,0.048756234088347394,-0.01901851148519938,0.3336566734961316,0.3456482194369563,0.9653070802437278,0,0,0,0,1,0,0,0,0,0,0,0,0,0,1,1,1,2,3,golden1,golden1,2315585.974608617
2026-06-01,105.5,0.30782152041121824,0.0,0.04662695243996051,-79858226.0,-44161940.0,1011.0,118205.0,-0.46999999999999886,0.9100000000000001,0.7900000000000005,-8000.0,19594000.0,1000.0,0.0,770874.0,4208358.0,-64673.0,-13215.0,3596.0,6817.0,3221.0,1012.0,101.21661903102495,84.23595593773412,0.04231894929885094,0.25243429394905803,136949945.0,0,0.0009487521126509968,-0.01901851148519938,0.3034069290505792,0.3327746067886827,0.9117490423277625,0,0,0,1,1,0,0,0,0,0,0,0,0,0,2,1,1,2,4,golden1,golden1,2334435.322760066
2026-06-02,105.69999694824219,0.30362656495237106,0.0,0.05594404155329591,-123736820.0,-78051553.0,350.0,198617.0,-0.46999999999999886,0.9100000000000001,0.73,23000.0,15092000.0,4500.0,0.0,804538.0,4328678.0,-67018.0,-12627.0,3600.0,7454.0,3854.0,132.0,101.21661903102495,84.23595593773412,0.04429487924155029,0.2548085407420786,136949945.0,0,0.0018957056705419806,-0.01901851148519938,0.30301403360926665,0.3307286396633386,0.9162013725745562,0,0,0,1,1,0,0,0,0,0,0,0,0,0,2,1,1,2,4,golden1,golden1,2339709.243704886
2026-06-03,107.5999984741211,0.320164393313334,0.0,0.04924422498373304,-139393114.0,-79528930.0,1169.0,243173.0,-0.46999999999999886,0.9100000000000001,0.6799999999999997,-180000.0,1841000.0,16926.0,0.0,749604.0,3817844.0,-66772.0,-10470.0,2667.0,7029.0,4362.0,1439.0,101.29772609320848,84.27088594987369,0.062215339119395585,0.27683478417592666,138711756.0,0,0.01797541703628691,-0.01901851148519938,0.3053450303933538,0.330666267842042,0.9234235847099347,0,0,0,1,1,0,0,0,0,0,0,0,0,0,2,1,1,2,4,golden1,golden1,2391380.6404314004
2026-06-04,106.0999984741211,0.29525296386999744,-0.01394052064378759,0.05572137785195119,-145244876.0,-78283268.0,1472.0,292861.0,-0.46999999999999886,0.9100000000000001,0.45999999999999996,-125000.0,10613000.0,16926.0,0.0,671944.0,3614398.0,-69476.0,-11280.0,1961.0,7841.0,5880.0,1091.0,101.29774231739424,84.27091784525776,0.04740733649995921,0.2590345659809583,138711971.0,0,-0.01394052064378759,-0.01901851148519938,0.30824321687155476,0.31790060053488867,0.9696213733252321,0,0,0,1,1,0,0,0,0,0,0,0,0,0,2,1,1,2,4,golden1,golden1,2352976.624208973
2026-06-05,104.1500015258789,0.2654921252986202,-0.03206316911864959,-0.01185958237100293,-282317377.0,-156219005.0,286.0,-19296.0,0.06999999999999318,-0.07000000000000028,0.9100000000000001,-106000.0,9540000.0,20174.0,0.0,735668.0,3920070.0,-69146.0,-8496.0,2414.0,6491.0,4077.0,1406.0,101.29774467211959,84.27091784525776,0.028157160487545907,0.23589494678489276,138711895.0,0,-0.01837885934294159,-0.01901851148519938,0.3162459273894291,0.3202069125815254,0.9876299197910419,0,0,0,1,1,1,0,1,0,1,1,0,0,0,6,1,1,2,8,golden1,golden1,2293972.532129368
2026-06-08,100.94999694824219,0.22156337513351598,-0.06180298903515602,-0.04312799101192244,-425929784.0,-246858673.0,1484.0,-325038.0,0.06999999999999318,-0.07000000000000028,1.13,270000.0,17736000.0,34360.0,0.0,802312.0,3903928.0,-65501.0,-828.0,2512.0,6577.0,4065.0,844.0,101.29774487448631,84.33065284783044,-0.00343292860739397,0.19707358521699514,138713503.0,0,-0.030724959488758086,-0.020527011906321974,0.3389480898614619,0.3206468038354145,1.0570761529731054,1,0,1,1,1,1,0,1,0,1,1,0,0,0,6,1,1,2,8,golden1,golden1,2193063.310791619
2026-06-09,103.5,0.24728850784095258,-0.03810407557865525,-0.020813595191676804,-414716890.0,-234615875.0,1576.0,-196169.0,0.06999999999999318,-0.07000000000000028,1.2899999999999996,71000.0,18468000.0,213560.0,0.0,873224.0,3795720.0,-61871.0,5147.0,4377.0,8993.0,4616.0,762.0,101.29774487448631,84.33065692733496,0.021740416119257144,0.22731167728460422,138713503.0,0,0.025260060711692844,-0.020527011906321974,0.3483630204110232,0.3191547068299921,1.0915177277851955,0,0,0,1,1,1,0,1,0,1,1,0,0,0,6,0,1,1,7,golden1,golden1,2259939.9547712784
2026-06-10,100.25,0.20379209983052782,-0.06830853697352834,-0.06830853697352834,-519712922.0,-299375683.0,1433.0,-357346.0,0.06999999999999318,-0.07000000000000028,2.3300000000000005,83000.0,32859000.0,216134.0,0.0,909972.0,3907554.0,-61949.0,4823.0,2935.0,6363.0,3428.0,-934.0,101.29774429150856,84.33066490040304,-0.01034321444013031,0.18877279241659206,138713961.0,0,-0.03140096618357491,-0.030758759823498925,0.36510381518890933,0.32672481102219003,1.1174658393607968,1,0,1,1,1,1,0,1,0,1,1,0,0,0,6,0,0,0,6,golden1,golden1,2176382.7243067026
2026-06-11,99.8499984741211,0.19468522235909402,-0.07202602332623598,-0.05890669264735604,-620600703.0,-352736300.0,2282.0,-333042.0,0.06999999999999318,-0.07000000000000028,1.5499999999999998,-148000.0,43395000.0,216134.0,0.0,988272.0,3970206.0,-63168.0,6308.0,2588.0,5413.0,2825.0,-3055.0,101.29773154814754,84.41741308266468,-0.01429186075443678,0.18281282057700876,138715182.0,0,-0.0039900401583931044,-0.030758759823498925,0.3656526984198192,0.3266508719948305,1.119399119270087,0,0,0,1,1,1,0,1,0,1,1,0,1,0,7,0,0,0,7,golden1,golden1,2167089.966913441
2026-06-12,101.94999694824219,0.21518048745688412,-0.052509308605964256,-0.021123423383628714,-495117618.0,-284051183.0,1865.0,-201117.0,0.12000000000000455,0.2699999999999996,1.3099999999999996,-321000.0,44281000.0,213484.0,0.0,1010558.0,3699278.0,-65039.0,4107.0,2347.0,5948.0,3601.0,-476.0,101.38667008146552,84.8003902490627,0.005556222196902327,0.2022349973721853,160615655.0,0,0.02103153236066757,-0.030758759823498925,0.3699086275169976,0.32782061372264676,1.1283873314628088,0,0,0,1,1,1,0,0,0,1,1,0,1,0,6,0,0,0,6,golden1,golden1,2227382.3566256
2026-06-15,105.25,0.24924333717464187,-0.021840134827569635,0.04259537574788097,-264833879.0,-153357498.0,-231.0,128208.0,0.12000000000000455,0.2699999999999996,1.17,-417000.0,24169000.0,214164.0,0.0,974348.0,3647130.0,-66734.0,-1233.0,3267.0,12682.0,9415.0,5350.0,102.26368610823486,85.66742957767696,0.0292020951465064,0.22858828050358393,207784065.0,0,0.032368839142125294,-0.030758759823498925,0.3819070973429564,0.33199533420565475,1.1503387487559804,0,0,0,1,1,0,0,0,0,0,0,0,0,0,2,1,1,2,4,golden1,golden1,2316389.6468768856
2026-06-16,105.9000015258789,0.25167690294198786,-0.01579922836756409,0.023188420539892896,-218065950.0,-125520852.0,690.0,3692.0,0.12000000000000455,0.2699999999999996,1.1500000000000004,-184000.0,23044000.0,31464.0,0.0,997812.0,3596444.0,-69847.0,-7976.0,3298.0,15591.0,12293.0,7677.0,102.58723062945418,86.00245772362022,0.032292234385295826,0.23136017654520935,228076143.0,0,0.006175786469158284,-0.030758759823498925,0.3708436434432595,0.32667835898386427,1.135195011376853,0,0,0,1,1,0,0,0,0,0,0,0,0,0,2,1,1,2,4,golden1,golden1,2329712.2409200286
2026-06-17,106.0,0.2476532974374912,-0.014869874505675895,0.057356608478803084,-117250179.0,-59406337.0,566.0,264535.0,0.12000000000000455,0.2699999999999996,0.5799999999999992,-212000.0,17618000.0,17464.0,0.0,989748.0,3550206.0,-67394.0,-5445.0,-1227.0,1526.0,2753.0,-675.0,102.63325489438759,86.05318550570188,0.03280364740528663,0.23179635218706052,231192330.0,0,0.0009442726409845115,-0.030758759823498925,0.3682835106949567,0.32650234272146317,1.1279659056202753,0,0,0,1,1,0,0,0,0,0,0,0,0,0,2,1,0,1,3,golden1,golden1,2335173.2211076887
2026-06-18,107.30000305175781,0.2575447212374682,-0.0027880615856646918,0.0746119648621486,66179924.0,46772666.0,-635.0,233142.0,0.12000000000000455,0.2699999999999996,0.79,34000.0,-5945000.0,28670.0,0.0,791032.0,3065234.0,-68337.0,-5169.0,-1470.0,3822.0,5292.0,2467.0,104.22708012824211,86.56014138231315,0.029482960855611973,0.23960059836134295,228252561.0,0,0.012264179733564307,-0.030758759823498925,0.35264010854535566,0.32165833078542755,1.096318903615139,0,0,0,0,0,0,0,0,0,0,0,0,0,0,0,1,1,2,2,golden1,golden1,2368930.9472557884
2026-06-22,111.1500015258789,0.2965123273373036,0.0,0.09024036148139714,50038623.0,41013494.0,310.0,217333.0,0.12000000000000455,0.2699999999999996,0.45999999999999996,98000.0,-7481000.0,28072.0,0.0,570750.0,1973574.0,-68337.0,-3298.0,-1470.0,3822.0,5292.0,1691.0,104.22708012824211,86.56014138231315,0.06642152297770187,0.2840783269398657,228252561.0,0,0.035880693053326196,-0.030758759823498925,0.36724151059499016,0.32714783135600434,1.1225552346558447,0,0,0,0,0,0,0,0,0,0,0,0,0,0,0,1,1,2,2,golden1,golden1,2480652.3013115795
