date,prob_up_h1,prob_up_h5,prob_up_h20,ensemble_prob_up,direction,prob_magnitude,ensemble_weight_h1,ensemble_weight_h5,ensemble_weight_h20,horizon_ensemble_method,h20_prob_up,h20_direction,prob_fwd_mdd_gt5_h20,actual_fwd_mdd_gt5_h20,forward_mdd_h20,prob_fwd_gain_gt5_h20,actual_fwd_gain_gt5_h20,forward_gain_h20,tail_reward_risk_score_h20,confidence,is_live
2025-01-02,0.7547351698549095,0.755679276133582,0.11661165762928866,0.5423420345392601,UP,0.08468406907852022,0.3333333333333333,0.3333333333333333,0.3333333333333333,expanding_prior_auc_min60,0.11661165762928866,DOWN,0.1118218210552919,0.0,-0.042332594314683836,0.061444109380338556,0.0,0.009503292627574211,-0.05037771167495334,0.08468406907852022,False
2025-01-03,0.7538979712085818,0.8526798623900874,0.1509804499482408,0.5858527611823033,UP,0.17170552236460668,0.3333333333333333,0.3333333333333333,0.3333333333333333,expanding_prior_auc_min60,0.1509804499482408,DOWN,0.11853135152263913,0.0,-0.03440762367943517,0.0748386653253158,0.0,0.017857219996058937,-0.04369268619732333,0.17170552236460668,False
2025-01-06,0.4020543828617048,0.7984649195003541,0.5673332898902678,0.5892841974174422,UP,0.1785683948348844,0.3333333333333333,0.3333333333333333,0.3333333333333333,expanding_prior_auc_min60,0.5673332898902678,UP,0.1404617869473543,0.0,-0.008053704792104543,0.17093758818860597,0.0,0.045637603595271026,0.030475801241251654,0.1785683948348844,False
2025-01-07,0.24972775581742987,0.7613680151158655,0.5030474271126746,0.5047143993486567,UP,0.00942879869731339,0.3333333333333333,0.3333333333333333,0.3333333333333333,expanding_prior_auc_min60,0.5030474271126746,UP,0.15323264104656026,0.0,0.004510617100838665,0.11460107457319364,1.0,0.05412723314433343,-0.038631566473366616,0.00942879869731339,False
2025-01-08,0.19859912372966207,0.7306307241633916,0.32753792578835533,0.4189225912271364,DOWN,0.16215481754572725,0.3333333333333333,0.3333333333333333,0.3333333333333333,expanding_prior_auc_min60,0.32753792578835533,DOWN,0.1497169824387392,0.0,-0.007133296711333004,0.07405689687242238,0.0,0.04190818195578494,-0.07566008556631683,0.16215481754572725,False
2025-01-09,0.26743277140377886,0.8064563977838093,0.23262178718112464,0.4355036521229042,DOWN,0.1289926957541916,0.3333333333333333,0.3333333333333333,0.3333333333333333,expanding_prior_auc_min60,0.23262178718112464,DOWN,0.13427879185620742,0.0,-0.021958717169437758,0.08292020259594911,0.0,0.02635047735649687,-0.05135858926025831,0.1289926957541916,False
2025-01-10,0.582470919463014,0.8237236495360593,0.1759650546056104,0.5273865412015613,UP,0.05477308240312251,0.3333333333333333,0.3333333333333333,0.3333333333333333,expanding_prior_auc_min60,0.1759650546056104,DOWN,0.13647831266647434,0.0,-0.024101632095345327,0.07149320189112174,0.0,0.024101715677670388,-0.0649851107753526,0.05477308240312251,False
2025-01-13,0.295399748551743,0.687911779370445,0.18288559206191762,0.3887323733280352,DOWN,0.22253525334392965,0.3333333333333333,0.3333333333333333,0.3333333333333333,expanding_prior_auc_min60,0.18288559206191762,DOWN,0.1602525802326765,0.0,-0.0462526726364908,0.11703700467317366,0.0,0.000856550639696918,-0.04321557555950284,0.22253525334392965,False
2025-01-14,0.35920405413782974,0.6638268483829712,0.13628190871770968,0.3864376037461702,DOWN,0.2271247925076596,0.3333333333333333,0.3333333333333333,0.3333333333333333,expanding_prior_auc_min60,0.13628190871770968,DOWN,0.14151012822443326,0.0,-0.04008621873243201,0.07944018958377586,0.0,0.007327589254458644,-0.06206993864065741,0.2271247925076596,False
2025-01-15,0.26833912224654377,0.5470449432924831,0.22449319769489032,0.3466257544113057,DOWN,0.30674849117738856,0.3333333333333333,0.3333333333333333,0.3333333333333333,expanding_prior_auc_min60,0.22449319769489032,DOWN,0.1461173547283847,0.0,-0.04749681516862003,0.10812899283201846,0.0,-0.00556273271060348,-0.03798836189636623,0.30674849117738856,False
2025-01-16,0.2067561507381554,0.7275538848618641,0.255234437662062,0.39651482442069386,DOWN,0.2069703511586123,0.3333333333333333,0.3333333333333333,0.3333333333333333,expanding_prior_auc_min60,0.255234437662062,DOWN,0.13494309269020197,0.0,-0.029219366217919873,0.12932038657377187,0.0,0.013519383419825282,-0.005622706116430093,0.2069703511586123,False
2025-01-17,0.4282818111003822,0.8026955486096631,0.3717344509993349,0.5342372702364601,UP,0.06847454047292012,0.3333333333333333,0.3333333333333333,0.3333333333333333,expanding_prior_auc_min60,0.3717344509993349,DOWN,0.1444010957378859,0.0,-0.024539854225738456,0.11867368384614307,0.0,0.018404911564885218,-0.025727411891742824,0.06847454047292012,False
2025-01-20,0.41480910648973135,0.5416850683589183,0.5290433580610123,0.49517917763655395,DOWN,0.009641644726892107,0.3333333333333333,0.3333333333333333,0.3333333333333333,expanding_prior_auc_min60,0.5290433580610123,UP,0.13858036129960505,0.0,-0.015044254285352388,0.11146888502775308,0.0,0.028318556586095722,-0.027111476271851967,0.009641644726892107,False
2025-01-21,0.4267071338695666,0.46013350246208967,0.6493634763172957,0.5120680375496507,UP,0.02413607509930138,0.3333333333333333,0.3333333333333333,0.3333333333333333,expanding_prior_auc_min60,0.6493634763172957,UP,0.13645531307448114,0.0,-0.012860266873184756,0.10456954141659155,0.0,0.03059869434157725,-0.03188577165788958,0.02413607509930138,False
2025-01-22,0.525297438615296,0.28645691972627063,0.6584692177557457,0.49007452536577073,DOWN,0.01985094926845854,0.3333333333333333,0.3333333333333333,0.3333333333333333,expanding_prior_auc_min60,0.6584692177557457,UP,0.14640929990861729,0.0,-0.0004490448440179762,0.10703411801518865,0.0,0.043556322111180545,-0.03937518189342863,0.01985094926845854,False
2025-02-03,0.19086998445089517,0.3603057087257634,0.2966785200873637,0.2826180710880074,DOWN,0.4347638578239852,0.3333333333333333,0.3333333333333333,0.3333333333333333,expanding_prior_auc_min60,0.2966785200873637,DOWN,0.15011944721727008,0.0,-0.042168655416866097,0.1085901832691647,0.0,0.00516354735005331,-0.04152926394810538,0.4347638578239852,False
2025-02-04,0.40895348739296195,0.456288779673877,0.19923424325636724,0.35482550344106867,DOWN,0.29034899311786266,0.3333333333333333,0.3333333333333333,0.3333333333333333,expanding_prior_auc_min60,0.19923424325636724,DOWN,0.13738691590853708,0.0,-0.038444898674470984,0.10475046094876958,0.0,0.009071317290787029,-0.0326364549597675,0.29034899311786266,False
2025-02-05,0.4583329363320654,0.5443101293831261,0.46842175468321745,0.49035494013280295,DOWN,0.019290119734394096,0.3333333333333333,0.3333333333333333,0.3333333333333333,expanding_prior_auc_min60,0.46842175468321745,DOWN,0.13048926792610754,0.0,-0.019815009851695486,0.10508232387481328,0.0,0.02862182087551579,-0.02540694405129426,0.019290119734394096,False
2025-02-06,0.38991761636752514,0.5454997268627219,0.5875878522665907,0.5076683984989458,UP,0.0153367969978917,0.3333333333333333,0.3333333333333333,0.3333333333333333,expanding_prior_auc_min60,0.5875878522665907,UP,0.1310318073834193,0.0,-0.017218516389261862,0.09993917910465605,0.0,0.03487862820452481,-0.031092628278763246,0.0153367969978917,False
2025-02-07,0.2865907692640754,0.6798846113276826,0.6341736427263509,0.5335496744393696,UP,0.06709934887873925,0.3333333333333333,0.3333333333333333,0.3333333333333333,expanding_prior_auc_min60,0.6341736427263509,UP,0.15164203947581995,0.0,-0.010226747202180753,0.10291498931404248,0.0,0.0462428157452861,-0.04872705016177746,0.06709934887873925,False
2025-02-10,0.32890732554070445,0.5245659445513219,0.5927248833488875,0.4820660511469712,DOWN,0.03586789770605758,0.3333333333333333,0.3333333333333333,0.3333333333333333,expanding_prior_auc_min60,0.5927248833488875,UP,0.19753071831386498,0.0,-0.0180855688589453,0.09074011831217091,1.0,0.05646231505680532,-0.10679060000169407,0.03586789770605758,False
2025-02-11,0.18592578958580777,0.37598203197992336,0.6909476548777437,0.41761849214782487,DOWN,0.16476301570435026,0.3333333333333333,0.3333333333333333,0.3333333333333333,expanding_prior_auc_min60,0.6909476548777437,UP,0.17491987682762408,0.0,-0.013297838836983988,0.08641042710448034,1.0,0.06161353412687265,-0.08850944972314374,0.16476301570435026,False
2025-02-12,0.18636823291639204,0.5164304782626835,0.6379121644953323,0.4469036252248026,DOWN,0.10619274955039482,0.3333333333333333,0.3333333333333333,0.3333333333333333,expanding_prior_auc_min60,0.6379121644953323,UP,0.1725564146462302,0.0,-0.015915145755748927,0.10105874133861364,1.0,0.06277630519937993,-0.07149767330761655,0.10619274955039482,False
2025-02-13,0.36241351164474994,0.25446676294781495,0.6561531170999554,0.42434446389750674,DOWN,0.15131107220498652,0.3333333333333333,0.3333333333333333,0.3333333333333333,expanding_prior_auc_min60,0.6561531170999554,UP,0.1495115771116809,0.0,-0.012422390207296852,0.09117807684765156,1.0,0.06654835577077023,-0.058333500264029337,0.15131107220498652,False
2025-02-14,0.24850628575553055,0.19036885267614992,0.549781039733353,0.3295520593883445,DOWN,0.34089588122331105,0.3333333333333333,0.3333333333333333,0.3333333333333333,expanding_prior_auc_min60,0.549781039733353,UP,0.132799056761575,0.0,-0.02067748890540677,0.11148250556926723,1.0,0.05763314560815558,-0.02131655119230777,0.34089588122331105,False
2025-02-17,0.33356641959048633,0.21917999874782104,0.6742102593991351,0.40898555924581415,DOWN,0.1820288815083717,0.3333333333333333,0.3333333333333333,0.3333333333333333,expanding_prior_auc_min60,0.6742102593991351,UP,0.13440118462824377,0.0,-0.008463275171521234,0.14228074017925643,1.0,0.07082405784202339,0.007879555551012662,0.1820288815083717,False
2025-02-18,0.2994020949629548,0.308256508714929,0.6618021395102428,0.42315358106270884,DOWN,0.15369283787458232,0.3333333333333333,0.3333333333333333,0.3333333333333333,expanding_prior_auc_min60,0.6618021395102428,UP,0.1376321432707981,0.0,-0.004917327055197873,0.09223724191425713,1.0,0.07465355447662891,-0.045394901356540965,0.15369283787458232,False
2025-02-19,0.2551273269157813,0.24692632996718678,0.6628977592670762,0.3883171387166814,DOWN,0.22336572256663723,0.3333333333333333,0.3333333333333333,0.3333333333333333,expanding_prior_auc_min60,0.6628977592670762,UP,0.1563680089823592,0.0,-0.004026852396052272,0.0781652668735523,1.0,0.07561523513255897,-0.0782027421088069,0.22336572256663723,False
2025-02-20,0.20874770890358316,0.281336550430475,0.6266531721848088,0.37224581050628897,DOWN,0.25550837898742207,0.3333333333333333,0.3333333333333333,0.3333333333333333,expanding_prior_auc_min60,0.6266531721848088,UP,0.1633020290949484,0.0,-0.007579138385241935,0.08586712031039595,1.0,0.07177889382284364,-0.07743490878455245,0.25550837898742207,False
2025-02-21,0.2763833678354035,0.21353068513906523,0.5656307338673888,0.35184826228061916,DOWN,0.2963034754387617,0.3333333333333333,0.3333333333333333,0.3333333333333333,expanding_prior_auc_min60,0.5656307338673888,UP,0.16068270478360008,0.0,0.00628928069222523,0.053136320570876826,1.0,0.07996409112053815,-0.10754638421272325,0.2963034754387617,False
2025-02-24,0.23831645243407193,0.18747722636982234,0.38212761834336534,0.26930709904908656,DOWN,0.4613858019018269,0.3333333333333333,0.3333333333333333,0.3333333333333333,expanding_prior_auc_min60,0.38212761834336534,DOWN,0.24365856026134347,0.0,0.007142850452539706,0.05047620055889057,1.0,0.07321434486277356,-0.1931823597024529,0.4613858019018269,False
2025-02-25,0.3508089468784228,0.1866515964072559,0.2707297328600623,0.269396758715247,DOWN,0.461206482569506,0.3333333333333333,0.3333333333333333,0.3333333333333333,expanding_prior_auc_min60,0.2707297328600623,DOWN,0.21321331434879684,0.0,-0.0039735167374687075,0.06801539204262728,1.0,0.061368711717765034,-0.14519792230616957,0.461206482569506,False
2025-02-26,0.5072448512660285,0.32654099350399546,0.2345886009135181,0.35612481522784734,DOWN,0.28775036954430533,0.3333333333333333,0.3333333333333333,0.3333333333333333,expanding_prior_auc_min60,0.2345886009135181,DOWN,0.16701315339289566,0.0,0.00930855482236681,0.07908046744936278,1.0,0.06560290268708746,-0.08793268594353287,0.28775036954430533,False
2025-02-27,0.18349909630241898,0.2029582260245147,0.2881939962029241,0.22488377284328592,DOWN,0.5502324543134282,0.3333333333333333,0.3333333333333333,0.3333333333333333,expanding_prior_auc_min60,0.2881939962029241,DOWN,0.1890028731391691,0.0,0.014053565585902872,0.11341812721475805,1.0,0.07158538111538926,-0.07558474592441106,0.5502324543134282,False
2025-03-03,0.28994616489595754,0.37240276050509236,0.22940069909982086,0.29724987483362353,DOWN,0.40550025033275294,0.3333333333333333,0.3333333333333333,0.3333333333333333,expanding_prior_auc_min60,0.22940069909982086,DOWN,0.1888340980074812,0.0,-0.005598585900553177,0.1722843968897702,1.0,0.09086996867988884,-0.01654970111771098,0.40550025033275294,False
2025-03-04,0.25460168258464627,0.37828862801102137,0.29881846410425594,0.31056959156664116,DOWN,0.3788608168667177,0.3333333333333333,0.3333333333333333,0.3333333333333333,expanding_prior_auc_min60,0.29881846410425594,DOWN,0.15222695203310996,0.0,-0.01155823847213544,0.22852743636944886,1.0,0.08433216018331446,0.0763004843363389,0.3788608168667177,False
2025-03-05,0.16205258811336887,0.35811129497947747,0.3308569827017577,0.28367362193153467,DOWN,0.43265275613693066,0.3333333333333333,0.3333333333333333,0.3333333333333333,expanding_prior_auc_min60,0.3308569827017577,DOWN,0.15378603987015788,0.0,0.004763993487424623,0.15460825057539976,1.0,0.09701168282006734,0.0008222107052418826,0.43265275613693066,False
2025-03-06,0.2058276754301759,0.3227196975643001,0.4888789171735032,0.3391420967226597,DOWN,0.3217158065546806,0.3333333333333333,0.3333333333333333,0.3333333333333333,expanding_prior_auc_min60,0.4888789171735032,DOWN,0.13905426650602445,0.0,0.010344817380417926,0.14977929916460853,1.0,0.17370683822280486,0.010725032658584072,0.3217158065546806,False
2025-03-07,0.32233615148833544,0.19241632344311846,0.34139407394030313,0.2853821829572523,DOWN,0.42923563408549537,0.3333333333333333,0.3333333333333333,0.3333333333333333,expanding_prior_auc_min60,0.34139407394030313,DOWN,0.16143384772807268,0.0,0.003839596865926831,0.14870007137463537,1.0,0.19069962506441573,-0.01273377635343731,0.42923563408549537,False
2025-03-10,0.38086876360044913,0.2136326032131462,0.3327155560238706,0.3090723076124886,DOWN,0.3818553847750228,0.3333333333333333,0.3333333333333333,0.3333333333333333,expanding_prior_auc_min60,0.3327155560238706,DOWN,0.18816224281944666,0.0,0.0021249143902033474,0.12919786648538661,1.0,0.25711853210842595,-0.05896437633406004,0.3818553847750228,False
2025-03-11,0.407263455228935,0.2849151861224922,0.25941565770148434,0.31719809968430385,DOWN,0.3656038006313923,0.3333333333333333,0.3333333333333333,0.3333333333333333,expanding_prior_auc_min60,0.25941565770148434,DOWN,0.21565007228463248,0.0,-0.015448886323458644,0.21132724498032707,1.0,0.23507302636409677,-0.0043228273043054155,0.3656038006313923,False
2025-03-12,0.4437262376208275,0.5455037805023144,0.6134980437082881,0.5342426872771433,UP,0.0684853745542866,0.3333333333333333,0.3333333333333333,0.3333333333333333,expanding_prior_auc_min60,0.6134980437082881,UP,0.25264684454769804,0.0,-0.011735150020240614,0.22024630599742848,1.0,0.2397317337398932,-0.03240053855026956,0.0684853745542866,False
2025-03-13,0.5959675961886924,0.7100546386522878,0.6024830377309266,0.6361684241906356,UP,0.27233684838127115,0.3333333333333333,0.3333333333333333,0.3333333333333333,expanding_prior_auc_min60,0.6024830377309266,UP,0.1987616911128048,0.0,-0.019134815902780433,0.12792740151758722,1.0,0.23044920121448276,-0.07083428959521759,0.27233684838127115,False
2025-03-14,0.3866104824219721,0.4307123706948489,0.6385651967498265,0.4852960166222158,DOWN,0.02940796675556845,0.3333333333333333,0.3333333333333333,0.3333333333333333,expanding_prior_auc_min60,0.6385651967498265,UP,0.18735164425893697,0.0,-0.019134815902780433,0.10470328247695788,1.0,0.23044920121448276,-0.08264836178197908,0.02940796675556845,False
2025-03-17,0.6868380211864761,0.7517406830016341,0.5734388479767774,0.6706725173882958,UP,0.3413450347765916,0.3333333333333333,0.3333333333333333,0.3333333333333333,expanding_prior_auc_min60,0.5734388479767774,UP,0.19433483991754155,0.0,-0.011320773729355915,0.1485001450818978,1.0,0.2402515492908861,-0.04583469483564376,0.3413450347765916,False
2025-03-18,0.5285868340350278,0.7859928726162964,0.6843641699944696,0.6663146255485979,UP,0.33262925109719577,0.3333333333333333,0.3333333333333333,0.3333333333333333,expanding_prior_auc_min60,0.6843641699944696,UP,0.1802019164471228,0.0,-0.005482883415703577,0.14450815503921022,1.0,0.24757490788253889,-0.03569376140791258,0.33262925109719577,False
2025-03-19,0.3677788773369469,0.27273602021947857,0.5564170220430164,0.3989773065331472,DOWN,0.20204538693370555,0.3333333333333333,0.3333333333333333,0.3333333333333333,expanding_prior_auc_min60,0.5564170220430164,UP,0.29951159741773514,0.0,-0.01668055154987591,0.11362188091831422,1.0,0.23352796031569412,-0.18588971649942093,0.20204538693370555,False
2025-03-20,0.3783917585083924,0.2676387886566563,0.750976415602384,0.4656689875891442,DOWN,0.06866202482171158,0.3333333333333333,0.3333333333333333,0.3333333333333333,expanding_prior_auc_min60,0.750976415602384,UP,0.21158523641621838,0.0,0.0016963916733150342,0.15974779857440893,1.0,0.2544529270319431,-0.05183743784180944,0.06866202482171158,False
2025-03-21,0.24808912757746282,0.16214217293031596,0.6721555301503931,0.3607956102193906,DOWN,0.2784087795612188,0.3333333333333333,0.3333333333333333,0.3333333333333333,expanding_prior_auc_min60,0.6721555301503931,UP,0.2343234299372654,0.0,-0.005473648874383175,0.0823139303928485,1.0,0.2454736809981497,-0.1520094995444169,0.2784087795612188,False
2025-03-24,0.29751684426386915,0.17743022340116718,0.6928543468825463,0.38926713818252756,DOWN,0.22146572363494488,0.3333333333333333,0.3333333333333333,0.3333333333333333,expanding_prior_auc_min60,0.6928543468825463,UP,0.24097353717806658,0.0,-0.00839625768904928,0.11182382855530501,1.0,0.24181361472197715,-0.12914970862276157,0.22146572363494488,False
2025-03-25,0.5680691040337825,0.40443563049206466,0.7287997170839673,0.5671014838699382,UP,0.1342029677398764,0.3333333333333333,0.3333333333333333,0.3333333333333333,expanding_prior_auc_min60,0.7287997170839673,UP,0.22013794289062108,0.0,-0.00042311984292420224,0.12608485482459772,1.0,0.25179860238075547,-0.09405308806602336,0.1342029677398764,False
2025-03-26,0.23913462706127897,0.41431167989253287,0.7480038228330169,0.4671500432622762,DOWN,0.06569991347544757,0.3333333333333333,0.3333333333333333,0.3333333333333333,expanding_prior_auc_min60,0.7480038228330169,UP,0.21453875195692879,0.0,0.016088024863039507,0.08657358948941932,1.0,0.25232848741363934,-0.12796516246750947,0.06569991347544757,False
2025-03-27,0.17144808262406616,0.2406195129521354,0.22685379605313166,0.21297379720977774,DOWN,0.5740524055804446,0.3333333333333333,0.3333333333333333,0.3333333333333333,expanding_prior_auc_min60,0.22685379605313166,DOWN,0.26171516759297125,0.0,0.016666650772094727,0.09548060054470262,1.0,0.23249999682108569,-0.16623456704826864,0.5740524055804446,False
2025-03-28,0.4290061115160005,0.7287893258502329,0.29421354173187786,0.4840029930327038,DOWN,0.03199401393459245,0.3333333333333333,0.3333333333333333,0.3333333333333333,expanding_prior_auc_min60,0.29421354173187786,DOWN,0.1991801793325272,0.0,0.01475412360573003,0.09394686375987313,1.0,0.2122950977934399,-0.10523331557265408,0.03199401393459245,False
2025-03-31,0.4406367969428629,0.5660371305605976,0.10536801101396531,0.3706806461724752,DOWN,0.2586387076550496,0.3333333333333333,0.3333333333333333,0.3333333333333333,expanding_prior_auc_min60,0.10536801101396531,DOWN,0.35699812519044594,0.0,-0.02250294893569116,0.1488510834087703,1.0,0.1677852354046978,-0.20814704178167565,0.2586387076550496,False
2025-04-01,0.2719151570182533,0.7978981897984065,0.30547592103419796,0.45842975595028584,DOWN,0.08314048809942831,0.3333333333333333,0.3333333333333333,0.3333333333333333,expanding_prior_auc_min60,0.30547592103419796,DOWN,0.3573268764361052,0.0,-0.026209662843816872,0.23680372962005056,1.0,0.19274196910064356,-0.12052314681605467,0.08314048809942831,False
2025-04-02,0.7022311035647231,0.8824815384503768,0.20572926586490003,0.5968139692933333,UP,0.1936279385866666,0.3333333333333333,0.3333333333333333,0.3333333333333333,expanding_prior_auc_min60,0.20572926586490003,DOWN,0.31802428136022115,0.0,-0.024636534923776487,0.2923362720766264,1.0,0.1946688065536375,-0.02568800928359477,0.1936279385866666,False
2025-04-07,0.10996517607985437,0.17882375948560886,0.08457410076702007,0.12445434544416109,DOWN,0.7510913091116778,0.3333333333333333,0.3333333333333333,0.3333333333333333,expanding_prior_auc_min60,0.08457410076702007,DOWN,0.6678387748278664,1.0,-0.113110538945426,0.0390357389686196,1.0,0.08630188839425612,-0.6288030358592468,0.7510913091116778,False
2025-04-08,0.2937260515898508,0.27819533133230884,0.08962657719290698,0.2205159867050222,DOWN,0.5589680265899556,0.3333333333333333,0.3333333333333333,0.3333333333333333,expanding_prior_auc_min60,0.08962657719290698,DOWN,0.8553861723140015,1.0,-0.13471874774053338,0.06605909505897566,1.0,0.05983518758237438,-0.7893270772550258,0.5589680265899556,False
2025-04-09,0.2875080351416592,0.31109946530126376,0.09386458992291552,0.23082403012194613,DOWN,0.5383519397561077,0.3333333333333333,0.3333333333333333,0.3333333333333333,expanding_prior_auc_min60,0.09386458992291552,DOWN,0.5647007193386784,1.0,-0.18356999050645906,0.06997275392116145,0.0,-0.09803920304293678,-0.49472796541751696,0.5383519397561077,False
2025-04-10,0.1551246920733087,0.44989266975543474,0.15939580429351957,0.254804388707421,DOWN,0.490391222585158,0.3333333333333333,0.3333333333333333,0.3333333333333333,expanding_prior_auc_min60,0.15939580429351957,DOWN,0.6326861140524853,1.0,-0.09763419286740405,0.07512541829377686,0.0,0.0018776247084095754,-0.5575606957587085,0.490391222585158,False
2025-04-11,0.2787071373989454,0.5426935336005936,0.25319471151847084,0.3581984608393366,DOWN,0.2836030783213268,0.3333333333333333,0.3333333333333333,0.3333333333333333,expanding_prior_auc_min60,0.25319471151847084,DOWN,0.4225254875472818,1.0,-0.07853804838035916,0.09090268930394307,0.0,0.03732507843897315,-0.33162279824333873,0.2836030783213268,False
2025-04-14,0.21592808837719446,0.522019029102131,0.3534162727290987,0.36378779673614137,DOWN,0.27242440652771727,0.3333333333333333,0.3333333333333333,0.3333333333333333,expanding_prior_auc_min60,0.3534162727290987,DOWN,0.47927259632271557,1.0,-0.09330235596324099,0.07701409097819109,0.0,0.03290748679753652,-0.40225850534452445,0.27242440652771727,False
2025-04-15,0.28182344038748447,0.5110139219529375,0.5386430816229633,0.4438268146544617,DOWN,0.11234637069107656,0.3333333333333333,0.3333333333333333,0.3333333333333333,expanding_prior_auc_min60,0.5386430816229633,UP,0.4055760217600473,1.0,-0.09913455744297028,0.08869089188169121,0.0,0.04956727872148514,-0.3168851298783561,0.11234637069107656,False
2025-04-16,0.25463842294882627,0.14328722021725634,0.30106515968174535,0.2329969342826093,DOWN,0.5340061314347814,0.3333333333333333,0.3333333333333333,0.3333333333333333,expanding_prior_auc_min60,0.30106515968174535,DOWN,0.6019450493043269,1.0,-0.11719355639704054,0.06489974012302885,0.0,0.028527361444985022,-0.5370453091812981,0.5340061314347814,False
2025-04-17,0.3828332629405885,0.1551282935608573,0.1806863223586982,0.23954929295338132,DOWN,0.5209014140932373,0.3333333333333333,0.3333333333333333,0.3333333333333333,expanding_prior_auc_min60,0.1806863223586982,DOWN,0.5275805089658584,1.0,-0.11970741946884667,0.0478893078630732,0.0,0.02694383276648815,-0.4796912011027852,0.5209014140932373,False
2025-04-18,0.220865203308562,0.12858428443976253,0.1272094475761829,0.1588863117748358,DOWN,0.6822273764503284,0.3333333333333333,0.3333333333333333,0.3333333333333333,expanding_prior_auc_min60,0.1272094475761829,DOWN,0.6111687499839142,1.0,-0.11801000501074377,0.0460662147167656,0.0,0.028924025884037308,-0.5651025352671486,0.6822273764503284,False
2025-04-21,0.16302176165783036,0.11876835219021079,0.1280077520428018,0.13659928863028098,DOWN,0.726801422739438,0.3333333333333333,0.3333333333333333,0.3333333333333333,expanding_prior_auc_min60,0.1280077520428018,DOWN,0.6150963978957783,1.0,-0.13206829191105396,0.04786822335120122,0.0,0.012523716088373327,-0.5672281745445771,0.726801422739438,False
2025-04-22,0.2164884290065425,0.1556420247515417,0.12143897236510227,0.16452314204106216,DOWN,0.6709537159178757,0.3333333333333333,0.3333333333333333,0.3333333333333333,expanding_prior_auc_min60,0.12143897236510227,DOWN,0.5876670530744558,1.0,-0.14280357655030695,0.05118615107847769,0.0,-0.03523240342224665,-0.5364809019959781,0.6709537159178757,False
2025-04-23,0.14599908450864213,0.09752020287367322,0.1171320011445825,0.12021709617563262,DOWN,0.7595658076487348,0.3333333333333333,0.3333333333333333,0.3333333333333333,expanding_prior_auc_min60,0.1171320011445825,DOWN,0.5353391804534002,1.0,-0.10733801365801543,0.04645917281600437,0.0,0.004683798905307013,-0.48888000763739586,0.7595658076487348,False
2025-04-24,0.15804980585010955,0.18065279205666876,0.10446612217104714,0.14772290669260846,DOWN,0.7045541866147831,0.3333333333333333,0.3333333333333333,0.3333333333333333,expanding_prior_auc_min60,0.10446612217104714,DOWN,0.74639048653608,1.0,-0.11149957099475494,0.04104347502976873,0.0,-0.022144510485341717,-0.7053470115063113,0.7045541866147831,False
2025-04-25,0.2883820509908827,0.18388962029134218,0.10242237874701336,0.1915646833430794,DOWN,0.6168706333138412,0.3333333333333333,0.3333333333333333,0.3333333333333333,expanding_prior_auc_min60,0.10242237874701336,DOWN,0.6347430487053937,1.0,-0.09137859475919397,0.044514050935308816,0.0,-0.005562152929045605,-0.5902289977700849,0.6168706333138412,False
2025-04-28,0.28249386709272917,0.185850436194267,0.10773527420029017,0.19202652582909543,DOWN,0.6159469483418092,0.3333333333333333,0.3333333333333333,0.3333333333333333,expanding_prior_auc_min60,0.10773527420029017,DOWN,0.5523125355873771,1.0,-0.08629643580331803,0.046101483752394534,0.0,-0.005193810009945232,-0.5062110518349826,0.6159469483418092,False
2025-04-29,0.3174213109435371,0.2183896130234007,0.09375957012524941,0.2183896130234007,DOWN,0.5632207739531986,0.0,1.0,0.0,expanding_prior_auc_min60,0.09375957012524941,DOWN,0.6051716906155014,1.0,-0.07856562770214126,0.04785905631624438,0.0,0.003223204056796769,-0.5573126342992569,0.5632207739531986,False
2025-04-30,0.27858405699065997,0.24925806092158018,0.09355456675157364,0.24925806092158018,DOWN,0.5014838781568396,0.0,1.0,0.0,expanding_prior_auc_min60,0.09355456675157364,DOWN,0.524152221170769,1.0,-0.08152605664243362,0.04674027633170101,0.0,-0.01244977793942148,-0.47741194483906796,0.5014838781568396,False
2025-05-02,0.49222604383971785,0.2869458636848275,0.11715616393723703,0.2869458636848275,DOWN,0.426108272630345,0.0,1.0,0.0,expanding_prior_auc_min60,0.11715616393723703,DOWN,0.48074290843586653,1.0,-0.053002020683873385,0.06202782016193873,0.0,0.018219484099701866,-0.4187150882739278,0.426108272630345,False
2025-05-05,0.3725476920775923,0.6592959752710371,0.12380900565589062,0.6592959752710371,UP,0.31859195054207423,0.0,1.0,0.0,expanding_prior_auc_min60,0.12380900565589062,DOWN,0.4879046031726138,1.0,-0.06500401900049935,0.07072289043507239,0.0,0.005314843539702352,-0.4171817127375414,0.31859195054207423,False
2025-05-06,0.255487002764465,0.3496279942159257,0.12502496662248705,0.3496279942159257,DOWN,0.30074401156814856,0.0,1.0,0.0,expanding_prior_auc_min60,0.12502496662248705,DOWN,0.5432082609942144,1.0,-0.06994710462307485,0.06516667940940034,0.0,-0.0016267147327827525,-0.478041581584814,0.30074401156814856,False
2025-05-07,0.32677589124998696,0.18992250461258922,0.14466987294048853,0.18992250461258922,DOWN,0.6201549907748216,0.0,1.0,0.0,expanding_prior_auc_min60,0.14466987294048853,DOWN,0.5293510288292963,1.0,-0.06843170875912008,0.07600298817495621,0.0,-0.012219928569597305,-0.4533480406543401,0.6201549907748216,False
2025-05-08,0.2737867787528194,0.16711949348541752,0.16911973911636927,0.16711949348541752,DOWN,0.6657610130291649,0.0,1.0,0.0,expanding_prior_auc_min60,0.16911973911636927,DOWN,0.3205301558154408,1.0,-0.0569071818872825,0.08271735751931893,0.0,-0.009072136633174965,-0.2378127982961219,0.6657610130291649,False
2025-05-09,0.3765296728520905,0.31195657740102806,0.162008822921563,0.18739055332685875,DOWN,0.6252188933462826,0.0,0.16927049353561155,0.8307295064643885,expanding_prior_auc_min60,0.162008822921563,DOWN,0.2629821406487652,0.0,-0.04868914036045635,0.08304654352065735,0.0,-0.00998750579526797,-0.17993559712810783,0.6252188933462826,False
2025-05-12,0.35475027763279354,0.5705200959944454,0.25594399777228005,0.30973774263078474,DOWN,0.3805245147384305,0.0,0.17100391658018949,0.8289960834198106,expanding_prior_auc_min60,0.25594399777228005,DOWN,0.2187306922105831,1.0,-0.05527431776877878,0.11039207984913824,0.0,0.0037974746704914075,-0.10833861236144487,0.3805245147384305,False
2025-05-13,0.283399447239997,0.4486221284884182,0.24159833811431236,0.2742970428652126,DOWN,0.45140591426957477,0.0,0.1579466045511556,0.8420533954488444,expanding_prior_auc_min60,0.24159833811431236,DOWN,0.2615952193169075,1.0,-0.0520921993757546,0.10560892408730774,0.0,0.01579849863484495,-0.15598629522959975,0.45140591426957477,False
2025-05-14,0.2756882124233967,0.6085337157327131,0.2868867926287389,0.33884824022183724,DOWN,0.3223035195563255,0.0,0.16154809469855086,0.8384519053014491,expanding_prior_auc_min60,0.2868867926287389,DOWN,0.20498899092910663,0.0,-0.030567636124517406,0.11815946431273647,0.0,0.03886468610579796,-0.08682952661637017,0.3223035195563255,False
2025-05-15,0.3736761167227138,0.5401385646190905,0.31054324327899585,0.35167015923352685,DOWN,0.2966596815329463,0.0,0.17912784857497396,0.820872151425026,expanding_prior_auc_min60,0.31054324327899585,DOWN,0.21761648892487617,0.0,-0.03352192309241253,0.1053788026273164,0.0,0.03569880830149219,-0.11223768629755977,0.2966596815329463,False
2025-05-16,0.5243442681135593,0.62050468471717,0.5556913072510913,0.5683840177189193,UP,0.13676803543783866,0.0,0.1958347329526369,0.8041652670473631,expanding_prior_auc_min60,0.5556913072510913,UP,0.1778563632607966,0.0,-0.02929602324913616,0.11770367821016309,0.0,0.040227373962999025,-0.06015268505063351,0.13676803543783866,False
2025-05-19,0.24372906364292285,0.44702085715965695,0.6523636263426947,0.6122209507605015,UP,0.22444190152100307,0.0,0.19549105986006732,0.8045089401399327,expanding_prior_auc_min60,0.6523636263426947,UP,0.18077223592785494,0.0,-0.04227780540699588,0.11038463391471776,0.0,0.02631581545817996,-0.07038760201313718,0.22444190152100307,False
2025-05-20,0.2443370030418632,0.5222947885202153,0.688960217435229,0.6586277616835728,UP,0.3172555233671457,0.0,0.1819960861056751,0.8180039138943249,expanding_prior_auc_min60,0.688960217435229,UP,0.16966196978037879,0.0,-0.04103666830432251,0.09148855582898202,0.0,0.027645844818277476,-0.07817341395139676,0.3172555233671457,False
2025-05-21,0.34604792470265966,0.3089238452441396,0.7125089679650295,0.6416314154210715,UP,0.283262830842143,0.0,0.1756198347107439,0.8243801652892561,expanding_prior_auc_min60,0.7125089679650295,UP,0.1459858814242562,0.0,-0.029720210785373347,0.09299523795622315,0.0,0.03977280542567341,-0.05299064346803305,0.283262830842143,False
2025-05-22,0.17116493461800134,0.17364788475635848,0.7029632700932322,0.616694908492098,UP,0.23338981698419592,0.0,0.16298102037262766,0.8370189796273724,expanding_prior_auc_min60,0.7029632700932322,UP,0.1781219741889044,0.0,-0.03979238939873886,0.09036441821934015,0.0,0.02897924100231819,-0.08775755596956426,0.23338981698419592,False
2025-05-23,0.15310695821922693,0.18293284226250148,0.753537390462572,0.6583444582028799,UP,0.3166889164057598,0.0,0.1668282045069058,0.8331717954930942,expanding_prior_auc_min60,0.753537390462572,UP,0.20347288059030239,0.0,-0.04227780540699588,0.07954193546964317,0.0,0.02631581545817996,-0.12393094512065922,0.3166889164057598,False
2025-05-26,0.15796513680211677,0.1899240286459817,0.5892533508772868,0.5194647460501981,UP,0.0389294921003962,0.0,0.1747645387950367,0.8252354612049633,expanding_prior_auc_min60,0.5892533508772868,UP,0.20092792261097547,0.0,-0.04433916485552014,0.07072523678311471,0.0,0.02410681809411286,-0.13020268582786076,0.0389294921003962,False
2025-05-27,0.14397311945208707,0.21205137019904644,0.7358809943332318,0.6448432461702887,UP,0.2896864923405773,0.0,0.1737926683955981,0.826207331604402,expanding_prior_auc_min60,0.7358809943332318,UP,0.19930114922100786,1.0,-0.05975243705912403,0.07743181133989105,0.0,0.01536494262324184,-0.12186933788111681,0.2896864923405773,False
2025-05-28,0.24477390108993882,0.358558431952808,0.7416503818057631,0.6741701032939752,UP,0.3483402065879504,0.0,0.17614642786852985,0.8238535721314701,expanding_prior_auc_min60,0.7416503818057631,UP,0.20326475496399252,1.0,-0.056934926753241966,0.10944656352400678,0.0,0.01840754682965362,-0.09381819143998574,0.3483402065879504,False
2025-05-29,0.2145831853903305,0.7921987680875147,0.7454955997252671,0.753456465981982,UP,0.506912931963964,0.0,0.17045666356011194,0.8295433364398881,expanding_prior_auc_min60,0.7454955997252671,UP,0.1820603190029357,1.0,-0.05410048000649925,0.10756132860012542,0.0,0.02146844054723296,-0.07449899040281029,0.506912931963964,False
2025-06-02,0.13320643627672335,0.4349727357301224,0.6935419314522978,0.6537620551873476,UP,0.3075241103746953,0.0,0.1538461538461539,0.846153846153846,expanding_prior_auc_min60,0.6935419314522978,UP,0.22980634565459968,1.0,-0.07398067091847449,0.18618826825652862,0.0,-0.004203462699509997,-0.04361807739807105,0.3075241103746953,False
2025-06-03,0.13589419699799285,0.6568736837193878,0.6615776475843453,0.6609231724880077,UP,0.3218463449760154,0.0,0.1391326794011357,0.8608673205988643,expanding_prior_auc_min60,0.6615776475843453,UP,0.25758803865991997,1.0,-0.08020259922741513,0.12218158397604618,0.0,-0.02701567254407533,-0.1354064546838738,0.3218463449760154,False
2025-06-04,0.46910457587665494,0.8398508378371244,0.7662839007084168,0.7756385788869214,UP,0.5512771577738429,0.0,0.12715872841271578,0.8728412715872842,expanding_prior_auc_min60,0.7662839007084168,UP,0.16798126240851058,1.0,-0.05639910108848789,0.1210930309346233,0.0,-0.000867616098784274,-0.04688823147388728,0.5512771577738429,False
2025-06-05,0.3251833667396116,0.6182511204109062,0.7926506366162943,0.7690290205568973,UP,0.5380580411137945,0.0,0.13544542194473827,0.8645545780552617,expanding_prior_auc_min60,0.7926506366162943,UP,0.16100677854871234,1.0,-0.0681720171672967,0.12093935838820662,0.0,-0.002605356990970864,-0.040067420160505726,0.5380580411137945,False
2025-06-06,0.268011455534445,0.5555663671485321,0.7836108717473331,0.7530260793658469,UP,0.5060521587316937,0.0,0.13411764705882367,0.8658823529411763,expanding_prior_auc_min60,0.7836108717473331,UP,0.1623432836834558,1.0,-0.06573793095430958,0.11356457589536208,0.0,-0.004788798706623298,-0.04877870778809372,0.5060521587316937,False
2025-06-09,0.4048491477701872,0.6278727820167556,0.7905238922469346,0.7713911914824747,UP,0.5427823829649494,0.0,0.11763031151391484,0.8823696884860852,expanding_prior_auc_min60,0.7905238922469346,UP,0.1501287505355358,1.0,-0.06124240982062579,0.10599247608306626,0.0,-0.007436573567586202,-0.04413627445246952,0.5427823829649494,False
2025-06-10,0.4323299873794948,0.5739352953556074,0.7643521978206547,0.7427017493945807,UP,0.48540349878916134,0.0,0.11370024480913961,0.8862997551908603,expanding_prior_auc_min60,0.7643521978206547,UP,0.20568098384743144,0.0,-0.04153641494093774,0.11302463776195781,0.0,0.013398890245074346,-0.09265634608547363,0.48540349878916134,False
2025-06-11,0.3113312332733839,0.30200054539105003,0.7367522722439265,0.6924390785170366,UP,0.38487815703407313,0.0,0.10192758530867413,0.8980724146913259,expanding_prior_auc_min60,0.7367522722439265,UP,0.18348412194002703,0.0,-0.033333407794388537,0.10954424611714379,0.0,0.022072061003536758,-0.07393987582288324,0.38487815703407313,False
2025-06-12,0.17020049445661778,0.3519057622581666,0.4706479538789547,0.46076173860130937,DOWN,0.07847652279738127,0.0,0.08325781377875897,0.916742186221241,expanding_prior_auc_min60,0.4706479538789547,DOWN,0.15766840654545894,0.0,-0.03809952495818325,0.13315450066048368,0.0,0.017032769036831708,-0.024513905884975262,0.07847652279738127,False
2025-06-13,0.33534080995445714,0.33362128498615506,0.5062694427187824,0.4937251439633009,DOWN,0.012549712073398167,0.0,0.07265816745585141,0.9273418325441486,expanding_prior_auc_min60,0.5062694427187824,UP,0.152263880772684,1.0,-0.05267819946965746,0.09146257111173275,0.0,0.0044267543512288565,-0.060801309660951236,0.012549712073398167,False
2025-06-16,0.47500630717655923,0.3020880287141181,0.7518428187535681,0.7234017963781487,UP,0.44680359275629744,0.0,0.06323673033682328,0.9367632696631767,expanding_prior_auc_min60,0.7518428187535681,UP,0.15018280168038148,0.0,-0.04846599216011005,0.1016475682150122,0.0,0.00889287527678384,-0.04853523346536928,0.44680359275629744,False
2025-06-17,0.44430277471241386,0.5299669253752336,0.7159519447466036,0.7061406563741501,UP,0.41228131274830027,0.0,0.05275311100655076,0.9472468889934492,expanding_prior_auc_min60,0.7159519447466036,UP,0.13152893896773127,1.0,-0.0521390395921878,0.10625374499032693,0.0,0.011140819699205107,-0.02527519397740434,0.41228131274830027,False
2025-06-18,0.385003910400309,0.5888281187501601,0.7188456551050596,0.7105662689530569,UP,0.4211325379061137,0.0,0.06367899580409726,0.9363210041959027,expanding_prior_auc_min60,0.7188456551050596,UP,0.12552243944654282,1.0,-0.052584273091862754,0.09918556896303551,0.0,0.01977530490146595,-0.026336870483507302,0.4211325379061137,False
2025-06-19,0.1868246124224015,0.7599882247969595,0.5836318865582243,0.594294659841496,UP,0.18858931968299197,0.0,0.06046152573681454,0.9395384742631855,expanding_prior_auc_min60,0.5836318865582243,UP,0.11910925969364679,1.0,-0.07025344329861238,0.1493684634614158,0.0,0.00889287527678384,0.030259203767769013,0.18858931968299197,False
2025-06-20,0.2497925836619747,0.6211216599820724,0.3369919357860059,0.35397943909689084,DOWN,0.29204112180621833,0.0,0.059787842890955484,0.9402121571090445,expanding_prior_auc_min60,0.3369919357860059,DOWN,0.12325539582525319,1.0,-0.08244675297137616,0.09115196118334183,0.0,0.005762458829464467,-0.03210343464191136,0.29204112180621833,False
2025-06-23,0.2046724515465438,0.6012554397833403,0.45224652109776425,0.46185249123749333,DOWN,0.07629501752501333,0.0,0.06446573953065637,0.9355342604693436,expanding_prior_auc_min60,0.45224652109776425,DOWN,0.14390309621028594,1.0,-0.08770382213659189,0.08213747933099468,0.0,-0.02071402422391555,-0.06176561687929126,0.07629501752501333,False
2025-06-24,0.17166509003206099,0.6220854183022093,0.40938364256126736,0.42233924623553587,DOWN,0.15532150752892826,0.0,0.06090971092807293,0.939090289071927,expanding_prior_auc_min60,0.40938364256126736,DOWN,0.11206030960786179,1.0,-0.06840677756013702,0.09742632295174183,0.0,-0.006300602789141241,-0.014633986656119952,0.15532150752892826,False
2025-06-25,0.4768116883531228,0.7683845040786479,0.4443721463967295,0.4618184792685074,DOWN,0.07636304146298523,0.0,0.05384465270582317,0.9461553472941768,expanding_prior_auc_min60,0.4443721463967295,DOWN,0.11841071265240535,1.0,-0.06037221435550366,0.100847299831095,0.0,0.002269597616983088,-0.017563412821310354,0.07636304146298523,False
2025-06-26,0.43454349210439946,0.6328352497996548,0.5253770939727421,0.5298799515945625,UP,0.05975990318912494,0.0,0.0419033584484112,0.9580966415515888,expanding_prior_auc_min60,0.5253770939727421,UP,0.11731209634062759,1.0,-0.062075167685935795,0.09574978438293784,0.0,0.00045311413774884457,-0.021562311957689748,0.05975990318912494,False
2025-06-27,0.4129238819676603,0.7537952195523698,0.6110921878520739,0.6144655089171025,UP,0.228931017834205,0.0,0.02363874841925728,0.9763612515807427,expanding_prior_auc_min60,0.6110921878520739,UP,0.11077620040381225,1.0,-0.06249996220719978,0.12712706872779847,0.0,-0.001358726754944306,0.016350868323986217,0.228931017834205,False
2025-06-30,0.5417147485746592,0.7496522754571748,0.4872383933782232,0.48930896930701506,DOWN,0.021382061385969875,0.0,0.007890496921838994,0.992109503078161,expanding_prior_auc_min60,0.4872383933782232,DOWN,0.11178209546434077,1.0,-0.06485253729277585,0.13297857288190448,0.0,-0.009070243197771721,0.02119647741756371,0.021382061385969875,False
2025-07-01,0.3282548915337182,0.4821691863784034,0.4661546592734408,0.4661546592734408,DOWN,0.0676906814531184,0.0,0.0,1.0,expanding_prior_auc_min60,0.4661546592734408,DOWN,0.11514127065953882,1.0,-0.053694356454120906,0.11705831651723342,0.0,0.0027535320523841555,0.001917045857694602,0.0676906814531184,False
2025-07-02,0.5229551423176804,0.4632945527574962,0.48228844298147755,0.48228844298147755,DOWN,0.0354231140370449,0.0,0.0,1.0,expanding_prior_auc_min60,0.48228844298147755,DOWN,0.10267259257986314,1.0,-0.05195398440306209,0.16492343327020692,0.0,0.004597718688263308,0.062250840690343784,0.0354231140370449,False
2025-07-03,0.3839371597546878,0.36869240902412614,0.7508937581324308,0.7508937581324308,UP,0.5017875162648615,0.0,0.0,1.0,expanding_prior_auc_min60,0.7508937581324308,UP,0.11432372978945864,0.0,-0.04846221120909555,0.12699976330667742,0.0,0.018173406972755046,0.012676033517218785,0.5017875162648615,False
2025-07-04,0.2455392059487487,0.6679802307032414,0.5742503672447518,0.5742503672447518,UP,0.14850073448950352,0.0,0.0,1.0,expanding_prior_auc_min60,0.5742503672447518,UP,0.10623808242465808,1.0,-0.05811809092000009,0.09744788735906457,0.0,0.007841331822000086,-0.008790195065593517,0.14850073448950352,False
2025-07-07,0.21463125060400406,0.40932776303692076,0.6051828318802829,0.6051828318802829,UP,0.21036566376056576,0.0,0.0,1.0,expanding_prior_auc_min60,0.6051828318802829,UP,0.11053304594830943,1.0,-0.06287291333967537,0.07681649375943046,0.0,0.0027535320523841555,-0.033716552188878965,0.21036566376056576,False
2025-07-08,0.5533559585165894,0.3662604439688376,0.44126393298026767,0.44126393298026767,DOWN,0.11747213403946466,0.0,0.0,1.0,expanding_prior_auc_min60,0.44126393298026767,DOWN,0.10999381327927908,1.0,-0.0654462370805503,0.07252349363964064,0.0,-0.0068649709799311065,-0.03747031963963844,0.11747213403946466,False
2025-07-09,0.47394599126436787,0.7157179171480017,0.6210303153365725,0.6210303153365725,UP,0.24206063067314498,0.0,0.0,1.0,expanding_prior_auc_min60,0.6210303153365725,UP,0.09922457843464393,1.0,-0.05898620468399096,0.11469351994297829,0.0,-0.005529992396974603,0.01546894150833436,0.24206063067314498,False
2025-07-10,0.339698610962192,0.7038266307982112,0.7780916887649011,0.7780916887649011,UP,0.5561833775298022,0.0,0.0,1.0,expanding_prior_auc_min60,0.7780916887649011,UP,0.09644697479074633,1.0,-0.06864562054253454,0.0744831467184944,0.0,0.00092766503984687,-0.02196382807225193,0.5561833775298022,False
2025-07-11,0.51505618891973,0.5869584125759464,0.7769754806577355,0.7769754806577355,UP,0.553950961315471,0.0,0.0,1.0,expanding_prior_auc_min60,0.7769754806577355,UP,0.09876223092547809,1.0,-0.061682229829631896,0.06871106027569394,0.0,0.008411229363757489,-0.030051170649784145,0.553950961315471,False
2025-07-14,0.24350119345952098,0.624606915156815,0.7937457956626157,0.7937457956626157,UP,0.5874915913252314,0.0,0.0,1.0,expanding_prior_auc_min60,0.7937457956626157,UP,0.10051017380455765,1.0,-0.07599626484923505,0.06854044360755364,0.0,-0.01436512822235192,-0.03196973019700401,0.5874915913252314,False
2025-07-15,0.2505335604002573,0.6439874320689394,0.7634548811138862,0.7634548811138862,UP,0.5269097622277723,0.0,0.0,1.0,expanding_prior_auc_min60,0.7634548811138862,UP,0.10856237400503048,1.0,-0.0639398486639503,0.08300008128670554,0.0,-0.00893279407468306,-0.02556229271832494,0.5269097622277723,False
2025-07-16,0.45512147397307534,0.7498926720402139,0.7828127158945252,0.7828127158945252,UP,0.5656254317890503,0.0,0.0,1.0,expanding_prior_auc_min60,0.7828127158945252,UP,0.10569518409509888,1.0,-0.06072109541167736,0.08510805521422132,0.0,-0.005692639452927528,-0.02058712888087756,0.5656254317890503,False
2025-07-17,0.713772727271402,0.7208223673673,0.752649551750492,0.752649551750492,UP,0.505299103500984,0.0,0.0,1.0,expanding_prior_auc_min60,0.752649551750492,UP,0.11044270991507728,1.0,-0.053084678070379754,0.09075583799310136,0.0,0.00239116391321903,-0.01968687192197592,0.505299103500984,False
2025-07-18,0.6055896784870982,0.35942409337864173,0.5669631418094098,0.5669631418094098,UP,0.13392628361881953,0.0,0.0,1.0,expanding_prior_auc_min60,0.5669631418094098,UP,0.15589336571321355,0.0,-0.04347833298104209,0.07317376711983632,0.0,0.012560304925142596,-0.08271959859337723,0.13392628361881953,False
2025-07-21,0.4879505287927249,0.4007584985817772,0.37823722442492036,0.37823722442492036,DOWN,0.24352555115015928,0.0,0.0,1.0,expanding_prior_auc_min60,0.37823722442492036,DOWN,0.14383575287540032,1.0,-0.05149189445698621,0.07647038153770781,0.0,0.0086620977805274,-0.0673653713376925,0.24352555115015928,False
2025-07-22,0.3564226386124192,0.2667303756101393,0.3435754891135256,0.3435754891135256,DOWN,0.3128490217729488,0.0,0.0,1.0,expanding_prior_auc_min60,0.3435754891135256,DOWN,0.11758975840519612,1.0,-0.059637407185099134,0.06666907224316174,0.0,-0.00477091977523858,-0.05092068616203438,0.3128490217729488,False
2025-07-23,0.3728064168426558,0.349885847911105,0.5759859830097247,0.5759859830097247,UP,0.1519719660194494,0.0,0.0,1.0,expanding_prior_auc_min60,0.5759859830097247,UP,0.12627169073934089,1.0,-0.05149189445698621,0.0726728557106582,0.0,0.003849851831692508,-0.05359883502868269,0.1519719660194494,False
2025-07-24,0.6127113860682105,0.6786107472292631,0.6379722445945555,0.6379722445945555,UP,0.27594448918911096,0.0,0.0,1.0,expanding_prior_auc_min60,0.6379722445945555,UP,0.12260769442892017,0.0,-0.047826166279146265,0.08000684902667235,0.0,0.007729460942753619,-0.04260084540224782,0.27594448918911096,False
2025-07-25,0.5071208204849248,0.7453799913375962,0.6060292924798631,0.6060292924798631,UP,0.2120585849597263,0.0,0.0,1.0,expanding_prior_auc_min60,0.6060292924798631,UP,0.11575943147306428,1.0,-0.05012052604951056,0.10026184351466913,0.0,0.005301234233810348,-0.015497587958395148,0.2120585849597263,False
2025-07-28,0.6057390313573635,0.5227502938946574,0.5983959875664852,0.5983959875664852,UP,0.1967919751329703,0.0,0.0,1.0,expanding_prior_auc_min60,0.5983959875664852,UP,0.11596923808483309,0.0,-0.044131994070014446,0.07208630938580932,0.0,0.011639173683325899,-0.04388292869902377,0.1967919751329703,False
2025-07-29,0.4817441353191196,0.7420299741037865,0.6316553597457437,0.6316553597457437,UP,0.26331071949148743,0.0,0.0,1.0,expanding_prior_auc_min60,0.6316553597457437,UP,0.10278718880525763,1.0,-0.055129505859565,0.07246167384090324,0.0,-0.006232074032189727,-0.030325514964354386,0.26331071949148743,False
2025-07-30,0.40155964940368283,0.5909255586573583,0.5682283000398408,0.5682283000398408,UP,0.13645660007968163,0.0,0.0,1.0,expanding_prior_auc_min60,0.5682283000398408,UP,0.1200241244018001,0.0,-0.048473099402823294,0.07309886672809177,0.0,0.0048473284313022,-0.04692525767370834,0.13645660007968163,False
2025-07-31,0.3966921796381328,0.7016373375834963,0.6028808011739648,0.6028808011739648,UP,0.20576160234792962,0.0,0.0,1.0,expanding_prior_auc_min60,0.6028808011739648,UP,0.12327540362088858,0.0,-0.03868760590478515,0.06973131876231534,0.0,0.015181168696579483,-0.053544084858573246,0.20576160234792962,False
2025-08-01,0.13924196346414877,0.3772199418693889,0.6083387256662635,0.6083387256662635,UP,0.21667745133252692,0.0,0.0,1.0,expanding_prior_auc_min60,0.6083387256662635,UP,0.11725692505362045,0.0,-0.04754980206515602,0.08155868793926255,0.0,0.0058223643052439655,-0.035698237114357906,0.21667745133252692,False
2025-08-04,0.3897141027065003,0.5274822215744209,0.25775786858743166,0.25775786858743166,DOWN,0.4844842628251367,0.0,0.0,1.0,expanding_prior_auc_min60,0.25775786858743166,DOWN,0.14232032489185076,1.0,-0.053063213013031296,0.08204632474792689,0.0,-0.007235871772435676,-0.06027400014392387,0.4844842628251367,False
2025-08-05,0.1403453914779904,0.21929333171467424,0.5738256838031152,0.5738256838031152,UP,0.14765136760623032,0.0,0.0,1.0,expanding_prior_auc_min60,0.5738256838031152,UP,0.13062596850038344,0.0,-0.04150392580413653,0.08192330569210604,0.0,0.004882831235591301,-0.0487026628082774,0.14765136760623032,False
2025-08-06,0.1324711145211448,0.20438387037199401,0.4004425600995272,0.4004425600995272,DOWN,0.19911487980094555,0.0,0.0,1.0,expanding_prior_auc_min60,0.4004425600995272,DOWN,0.1309773765255502,0.0,-0.04616135891454254,0.06344306506109891,0.0,-0.013119555819466222,-0.06753431146445128,0.19911487980094555,False
2025-08-07,0.3017874332356133,0.1975407734822686,0.67195887783864,0.67195887783864,UP,0.3439177556772799,0.0,0.0,1.0,expanding_prior_auc_min60,0.67195887783864,UP,0.18200618820644085,0.0,-0.022410396645878072,0.08337179666318685,0.0,0.011454160513456824,-0.098634391543254,0.3439177556772799,False
2025-08-08,0.23141426396802806,0.22465243418186678,0.6771693195039405,0.6771693195039405,UP,0.3543386390078811,0.0,0.0,1.0,expanding_prior_auc_min60,0.6771693195039405,UP,0.16380979529892792,0.0,-0.02338314486483395,0.09585707271487626,0.0,0.010447715447122752,-0.06795272258405166,0.3543386390078811,False
2025-08-11,0.5240749328621106,0.3316732614414532,0.6508784952486489,0.6508784952486489,UP,0.3017569904972979,0.0,0.0,1.0,expanding_prior_auc_min60,0.6508784952486489,UP,0.16697534541454673,0.0,-0.020060160873469957,0.10802480186104932,0.0,0.018555612937562582,-0.05895054355349741,0.3017569904972979,False
2025-08-12,0.5331427470026717,0.47841365504234734,0.2236050696890742,0.2236050696890742,DOWN,0.5527898606218515,0.0,0.0,1.0,expanding_prior_auc_min60,0.2236050696890742,DOWN,0.17369756877857193,0.0,-0.027121999614123538,0.03955105201800219,0.0,0.02009038782500361,-0.13414651676056974,0.5527898606218515,False
2025-08-13,0.2459864381660761,0.343827820271378,0.17141395562248926,0.17141395562248926,DOWN,0.6571720887550214,0.0,0.0,1.0,expanding_prior_auc_min60,0.17141395562248926,DOWN,0.169613356501385,0.0,-0.03787878933834454,0.045041612862995496,0.0,0.02575758830976338,-0.12457174363838952,0.6571720887550214,False
2025-08-14,0.4601018114028084,0.3548551260703029,0.2397261458876776,0.2397261458876776,DOWN,0.5205477082246448,0.0,0.0,1.0,expanding_prior_auc_min60,0.2397261458876776,DOWN,0.17988793089747063,0.0,-0.039858679129294416,0.06037494470356267,0.0,0.024722491355341658,-0.11951298619390796,0.5205477082246448,False
2025-08-15,0.5623318659809323,0.4771165904743994,0.2708225836912333,0.2708225836912333,DOWN,0.4583548326175334,0.0,0.0,1.0,expanding_prior_auc_min60,0.2708225836912333,DOWN,0.17183090213964716,0.0,-0.04646465210826578,0.04194998800096206,0.0,0.02575758830976338,-0.1298809141386851,0.4583548326175334,False
2025-08-18,0.48032141718388255,0.5386592355702662,0.29711386916333055,0.29711386916333055,DOWN,0.4057722616733389,0.0,0.0,1.0,expanding_prior_auc_min60,0.29711386916333055,DOWN,0.17504567832170043,0.0,-0.04211060183964799,0.04938860722881281,0.0,0.030441421072535668,-0.12565707109288762,0.4057722616733389,False
2025-08-19,0.6306057791665776,0.5509784740723234,0.2587875309920642,0.2587875309920642,DOWN,0.4824249380158716,0.0,0.0,1.0,expanding_prior_auc_min60,0.2587875309920642,DOWN,0.1508796363963926,1.0,-0.053562472170445075,0.04779028881730563,0.0,0.02627582245370408,-0.10308934757908697,0.4824249380158716,False
2025-08-20,0.344333915128762,0.4074667830880437,0.20899005383175007,0.20899005383175007,DOWN,0.5820198923364999,0.0,0.0,1.0,expanding_prior_auc_min60,0.20899005383175007,DOWN,0.24801052374622562,1.0,-0.07779418834331042,0.06878783890310652,0.0,-0.0034465631051148193,-0.1792226848431191,0.5820198923364999,False
2025-08-21,0.2964119896726608,0.3894495250729398,0.23863378207766645,0.23863378207766645,DOWN,0.5227324358446671,0.0,0.0,1.0,expanding_prior_auc_min60,0.23863378207766645,DOWN,0.17308062604062413,1.0,-0.07352208663380622,0.0627258200182721,0.0,0.0054645114226310465,-0.11035480602235204,0.5227324358446671,False
2025-08-22,0.3575993793346104,0.24753999093498658,0.1863942436380095,0.1863942436380095,DOWN,0.627211512723981,0.0,0.0,1.0,expanding_prior_auc_min60,0.1863942436380095,DOWN,0.18354127266351072,1.0,-0.07855732068024879,0.05124030835342216,0.0,-0.009387378271058178,-0.13230096431008856,0.627211512723981,False
2025-08-25,0.4204429382021397,0.5507602010080355,0.20734080491679582,0.20734080491679582,DOWN,0.5853183901664083,0.0,0.0,1.0,expanding_prior_auc_min60,0.20734080491679582,DOWN,0.18001709234741892,1.0,-0.06562338577017746,0.032222468442322245,0.0,0.012115082159935175,-0.14779462390509668,0.5853183901664083,False
2025-08-26,0.3757649054775755,0.4311525754971126,0.21066617494454626,0.21066617494454626,DOWN,0.5786676501109075,0.0,0.0,1.0,expanding_prior_auc_min60,0.21066617494454626,DOWN,0.17645962103172552,1.0,-0.07719469237410825,0.038554327444171844,0.0,0.011604417042266224,-0.13790529358755368,0.5786676501109075,False
2025-08-27,0.29398262617631676,0.38338142401170305,0.18692826669046073,0.18692826669046073,DOWN,0.6261434666190786,0.0,0.0,1.0,expanding_prior_auc_min60,0.18692826669046073,DOWN,0.15700400080209687,1.0,-0.06826277649147527,0.024693119285919753,0.0,0.02139582752165259,-0.13231088151617712,0.6261434666190786,False
2025-08-28,0.4617423833653572,0.45525500922258705,0.20800332169420727,0.20800332169420727,DOWN,0.5839933566115855,0.0,0.0,1.0,expanding_prior_auc_min60,0.20800332169420727,DOWN,0.15242461799082793,1.0,-0.07579585298670155,0.026455885283009503,0.0,0.013137863037146591,-0.12596873270781844,0.5839933566115855,False
2025-08-29,0.3470099029673712,0.4229195308738546,0.24964310518462518,0.24964310518462518,DOWN,0.5007137896307496,0.0,0.0,1.0,expanding_prior_auc_min60,0.24964310518462518,DOWN,0.14133133426430167,1.0,-0.07672885367958948,0.024789804447360668,0.0,0.012115082159935175,-0.11654152981694099,0.5007137896307496,False
2025-09-01,0.34859020830817883,0.3684037670767232,0.27059765549180864,0.27059765549180864,DOWN,0.4588046890163827,0.0,0.0,1.0,expanding_prior_auc_min60,0.27059765549180864,DOWN,0.14079936455057307,1.0,-0.08778046825458286,0.041194091655965395,0.0,0.0,-0.09960527289460767,0.4588046890163827,False
2025-09-02,0.3973697874548396,0.36697520182771903,0.3815124289695526,0.3815124289695526,DOWN,0.23697514206089476,0.0,0.0,1.0,expanding_prior_auc_min60,0.3815124289695526,DOWN,0.13477804601569185,1.0,-0.08778046825458286,0.04349407553355302,0.0,-0.0019949630773440363,-0.09128397048213882,0.23697514206089476,False
2025-09-03,0.3557918348275864,0.4041123459386276,0.4651396417133956,0.4651396417133956,DOWN,0.06972071657320877,0.0,0.0,1.0,expanding_prior_auc_min60,0.4651396417133956,DOWN,0.13010927685856874,1.0,-0.09295355267747041,0.08187870644946274,0.0,-0.005497281813759858,-0.048230570409106,0.06972071657320877,False
2025-09-04,0.4059013636471417,0.5701023317342304,0.3835844942003979,0.3835844942003979,DOWN,0.23283101159920416,0.0,0.0,1.0,expanding_prior_auc_min60,0.3835844942003979,DOWN,0.11475133201416243,1.0,-0.09899494226723948,0.08974959257200435,0.0,-0.010552718014984808,-0.025001739442158083,0.23283101159920416,False
2025-09-05,0.38187798190970257,0.5369258483259356,0.3602750628981842,0.3602750628981842,DOWN,0.27944987420363165,0.0,0.0,1.0,expanding_prior_auc_min60,0.3602750628981842,DOWN,0.12308027034649284,1.0,-0.10970034478546498,0.07251013243645948,0.0,-0.007618060663371784,-0.050570137910033355,0.27944987420363165,False
2025-09-08,0.34200814955679065,0.5007887428625519,0.380576266587981,0.380576266587981,DOWN,0.238847466824038,0.0,0.0,1.0,expanding_prior_auc_min60,0.380576266587981,DOWN,0.12253445693321216,1.0,-0.10286592296342223,0.052091429865977854,0.0,-0.00870010585101133,-0.0704430270672343,0.238847466824038,False
2025-09-09,0.2896072082755504,0.4833096659562106,0.29111878249782613,0.29111878249782613,DOWN,0.41776243500434773,0.0,0.0,1.0,expanding_prior_auc_min60,0.29111878249782613,DOWN,0.1338464543600761,1.0,-0.0949922598279408,0.04174489327018117,0.0,-0.01652047435768289,-0.09210156108989495,0.41776243500434773,False
2025-09-10,0.46868779464850674,0.327055594378157,0.2043326824301992,0.2043326824301992,DOWN,0.5913346351396016,0.0,0.0,1.0,expanding_prior_auc_min60,0.2043326824301992,DOWN,0.22464691799886696,1.0,-0.07978995334855343,0.035858177156406365,0.0,-0.0010497927147489206,-0.1887887408424606,0.5913346351396016,False
2025-09-11,0.3446762790615117,0.2418120729420727,0.18619738657637086,0.18619738657637086,DOWN,0.6276052268472583,0.0,0.0,1.0,expanding_prior_auc_min60,0.18619738657637086,DOWN,0.29389419818236767,1.0,-0.07882290834874428,0.037321377458021526,0.0,-0.0052548806022851835,-0.2565728207243462,0.6276052268472583,False
2025-09-12,0.36346955447091844,0.2744181369167039,0.16914049391606667,0.16914049391606667,DOWN,0.6617190121678667,0.0,0.0,1.0,expanding_prior_auc_min60,0.16914049391606667,DOWN,0.4146441583010825,1.0,-0.07150415964670409,0.0287317837791975,0.0,0.0026483658173610536,-0.385912374521885,0.6617190121678667,False
2025-09-15,0.4613035874274508,0.17055650474263617,0.1662005487334418,0.1662005487334418,DOWN,0.6675989025331164,0.0,0.0,1.0,expanding_prior_auc_min60,0.1662005487334418,DOWN,0.48215506677043,1.0,-0.08716321140677086,0.031603291577707304,0.0,-0.004226092045237939,-0.4505517751927227,0.6675989025331164,False
2025-09-16,0.3226638709399539,0.36207741428812723,0.26320469089813553,0.26320469089813553,DOWN,0.47359061820372894,0.0,0.0,1.0,expanding_prior_auc_min60,0.26320469089813553,DOWN,0.2905185770337581,1.0,-0.07741585109604832,0.030856984115128053,0.0,0.006406878919713588,-0.25966159291863006,0.47359061820372894,False
2025-09-17,0.4646975922955876,0.26516582026091456,0.2661771193177347,0.2661771193177347,DOWN,0.4676457613645306,0.0,0.0,1.0,expanding_prior_auc_min60,0.2661771193177347,DOWN,0.28188602670203605,1.0,-0.08435013901383903,0.04044139877427994,0.0,-0.009018571504171513,-0.24144462792775612,0.4676457613645306,False
2025-09-18,0.3828296752237938,0.4970161861935573,0.25233869553090377,0.25233869553090377,DOWN,0.49532260893819247,0.0,0.0,1.0,expanding_prior_auc_min60,0.25233869553090377,DOWN,0.20344457525685425,1.0,-0.07721182646174751,0.08141450383957242,0.0,0.0016086159388282173,-0.12203007141728182,0.49532260893819247,False
2025-09-19,0.42200700488024234,0.4257257256373315,0.35597858800843996,0.35597858800843996,DOWN,0.2880428239831201,0.0,0.0,1.0,expanding_prior_auc_min60,0.35597858800843996,DOWN,0.20072094930188888,1.0,-0.07721182646174751,0.09881921247870488,0.0,0.0016086159388282173,-0.101901736823184,0.2880428239831201,False
2025-09-22,0.46075561169421214,0.7281316833641394,0.3938227517879838,0.3938227517879838,DOWN,0.21235449642403237,0.0,0.0,1.0,expanding_prior_auc_min60,0.3938227517879838,DOWN,0.21562869397141807,1.0,-0.07023236781924724,0.0861405097502915,0.0,0.00918422875158531,-0.12948818422112657,0.21235449642403237,False
2025-09-23,0.432557372525241,0.6505453615432226,0.4202330688903272,0.4202330688903272,DOWN,0.15953386221934562,0.0,0.0,1.0,expanding_prior_auc_min60,0.4202330688903272,DOWN,0.19323556929529262,1.0,-0.07162390966196652,0.11702616286287029,0.0,0.021323092953885237,-0.07620940643242233,0.15953386221934562,False
2025-09-24,0.47715409798460606,0.5690613372313663,0.35277567926267894,0.35277567926267894,DOWN,0.2944486414746421,0.0,0.0,1.0,expanding_prior_auc_min60,0.35277567926267894,DOWN,0.26070383805496766,1.0,-0.07263790073724075,0.10825430148254635,0.0,0.020207583289208797,-0.15244953657242133,0.2944486414746421,False
2025-09-25,0.5614144506579846,0.49636477338534846,0.39271224610694927,0.39271224610694927,DOWN,0.21457550778610146,0.0,0.0,1.0,expanding_prior_auc_min60,0.39271224610694927,DOWN,0.26623155754302075,1.0,-0.08169934368925258,0.1023059331452047,0.0,0.01742917669859989,-0.16392562439781605,0.21457550778610146,False
2025-09-26,0.20809063748662696,0.34687651899842903,0.17390512508025294,0.17390512508025294,DOWN,0.6521897498394942,0.0,0.0,1.0,expanding_prior_auc_min60,0.17390512508025294,DOWN,0.26425414086639837,1.0,-0.09743038892349165,0.1094854267104733,0.0,-0.011777367082920653,-0.15476871415592508,0.6521897498394942,False
2025-09-30,0.27391605474738884,0.4184458235362436,0.19864638090358375,0.19864638090358375,DOWN,0.6027072381928325,0.0,0.0,1.0,expanding_prior_auc_min60,0.19864638090358375,DOWN,0.18270530541988672,1.0,-0.0893824323056519,0.09190580563885645,0.0,-0.0027085178515855457,-0.09079949978103027,0.6027072381928325,False
2025-10-01,0.19985480763865926,0.4181899039293312,0.29053449927386205,0.29053449927386205,DOWN,0.4189310014522759,0.0,0.0,1.0,expanding_prior_auc_min60,0.29053449927386205,DOWN,0.18745938819421615,1.0,-0.08690930987132184,0.10479252243154805,0.0,-0.014122771919435118,-0.0826668657626681,0.4189310014522759,False
2025-10-02,0.24286683123715494,0.4996216052370017,0.27720064808483863,0.27720064808483863,DOWN,0.44559870383032274,0.0,0.0,1.0,expanding_prior_auc_min60,0.27720064808483863,DOWN,0.20005960443404167,1.0,-0.07382921106068874,0.11785439685872025,0.0,-0.01212117454426187,-0.08220520757532142,0.44559870383032274,False
2025-10-03,0.2788214561638552,0.3402098521280116,0.27015740727508186,0.27015740727508186,DOWN,0.4596851854498363,0.0,0.0,1.0,expanding_prior_auc_min60,0.27015740727508186,DOWN,0.19994684901289952,1.0,-0.062465187962662316,0.15743709092769648,0.0,-0.0033463170619725258,-0.04250975808520305,0.4596851854498363,False
2025-10-07,0.5057632018293023,0.5037577285055671,0.2260291440926967,0.2260291440926967,DOWN,0.5479417118146066,0.0,0.0,1.0,expanding_prior_auc_min60,0.2260291440926967,DOWN,0.22655322313806045,0.0,-0.041072515259604536,0.16606604672403527,0.0,0.01939533024929685,-0.06048717641402518,0.5479417118146066,False
2025-10-08,0.3776162272369376,0.46685596670518054,0.22116911681836185,0.22116911681836185,DOWN,0.5576617663632764,0.0,0.0,1.0,expanding_prior_auc_min60,0.22116911681836185,DOWN,0.25209100686400066,0.0,-0.04759207766248319,0.10003861376138289,0.0,0.01246465866617652,-0.15205239310261776,0.5576617663632764,False
2025-10-09,0.3956092729811762,0.5688132559416967,0.18967192855641382,0.18967192855641382,DOWN,0.6206561428871724,0.0,0.0,1.0,expanding_prior_auc_min60,0.18967192855641382,DOWN,0.2685494167071532,0.0,-0.04161923668651146,0.0783236695862652,0.0,0.018814133778859876,-0.19022574712088802,0.6206561428871724,False
2025-10-13,0.16087329700022152,0.37951668558787177,0.2422987161127177,0.2422987161127177,DOWN,0.5154025677745646,0.0,0.0,1.0,expanding_prior_auc_min60,0.2422987161127177,DOWN,0.3730774038111442,1.0,-0.05402368976315175,0.09581579617498495,0.0,0.005627483336728689,-0.27726160763615926,0.5154025677745646,False
2025-10-14,0.19508827869976414,0.3733102755222397,0.27660865418467584,0.27660865418467584,DOWN,0.4467826916306483,0.0,0.0,1.0,expanding_prior_auc_min60,0.27660865418467584,DOWN,0.48706127414783223,1.0,-0.05931736561331291,0.10281629772695107,0.0,-0.015668756211290713,-0.3842449764208812,0.4467826916306483,False
2025-10-15,0.3675494138622738,0.42738934067859735,0.22959753148356676,0.22959753148356676,DOWN,0.5408049370328665,0.0,0.0,1.0,expanding_prior_auc_min60,0.22959753148356676,DOWN,0.5097410483741783,0.0,-0.04434341557016708,0.07539625108967944,0.0,-0.003979516442125797,-0.4343447972844989,0.5408049370328665,False
2025-10-16,0.39232197356604914,0.43893799687588564,0.3162510149559648,0.3162510149559648,DOWN,0.3674979700880704,0.0,0.0,1.0,expanding_prior_auc_min60,0.3162510149559648,DOWN,0.3585341781678943,0.0,-0.027199143635819212,0.10906636336066178,0.0,0.013888875091518038,-0.2494678148072325,0.3674979700880704,False
2025-10-17,0.32992561307327395,0.3504169929278248,0.22526840300843345,0.22526840300843345,DOWN,0.5494631939831331,0.0,0.0,1.0,expanding_prior_auc_min60,0.22526840300843345,DOWN,0.4115356453158227,0.0,-0.040525169707211095,0.08898759527042623,0.0,-0.0034247358289551943,-0.3225480500453965,0.5494631939831331,False
2025-10-20,0.39681614737798165,0.4108688953050758,0.2238858710381313,0.2238858710381313,DOWN,0.5522282579237374,0.0,0.0,1.0,expanding_prior_auc_min60,0.2238858710381313,DOWN,0.4875585377521545,0.0,-0.026071886267211575,0.10676460603283425,0.0,0.030127488462806218,-0.3807939317193203,0.5522282579237374,False
2025-10-21,0.29815816198053247,0.4026432899720186,0.21169060425464714,0.21169060425464714,DOWN,0.5766187914907057,0.0,0.0,1.0,expanding_prior_auc_min60,0.21169060425464714,DOWN,0.39396393445572564,0.0,-0.023242280058641263,0.10103484775025444,0.0,0.03951193151365695,-0.2929290867054712,0.5766187914907057,False
2025-10-22,0.3434233751279177,0.4023973102894192,0.2934777632834138,0.2934777632834138,DOWN,0.4130444734331724,0.0,0.0,1.0,expanding_prior_auc_min60,0.2934777632834138,DOWN,0.35945112723437656,0.0,-0.026071886267211575,0.11441567833298769,0.0,0.03650053026722433,-0.24503544890138887,0.4130444734331724,False
2025-10-23,0.23408493593433644,0.3921612589782652,0.2989733087725007,0.2989733087725007,DOWN,0.40205338245499855,0.0,0.0,1.0,expanding_prior_auc_min60,0.2989733087725007,DOWN,0.4850805502408111,0.0,-0.033352498220977855,0.09904161949798465,0.0,0.031627438971422395,-0.38603893074282647,0.40205338245499855,False
2025-10-27,0.46874322184121875,0.6643738899338726,0.2552979803632319,0.2552979803632319,DOWN,0.48940403927353615,0.0,0.0,1.0,expanding_prior_auc_min60,0.2552979803632319,DOWN,0.19150431300748347,0.0,-0.010011783326088097,0.1444248992339331,1.0,0.05653716240883089,-0.04707941377355038,0.48940403927353615,False
2025-10-28,0.28723040562959534,0.47347245692445705,0.26150456687150286,0.26150456687150286,DOWN,0.4769908662569943,0.0,0.0,1.0,expanding_prior_auc_min60,0.26150456687150286,DOWN,0.27868934083909813,0.0,-0.016383890236718823,0.08760279613510218,0.0,0.049736709998859485,-0.19108654470399594,0.4769908662569943,False
2025-10-29,0.4305944851592702,0.6352890266091535,0.295287955835584,0.295287955835584,DOWN,0.40942408832883204,0.0,0.0,1.0,expanding_prior_auc_min60,0.295287955835584,DOWN,0.19604212648716446,0.0,-0.0029656668208232206,0.10799138344602033,1.0,0.06405693265769896,-0.08805074304114413,0.40942408832883204,False
2025-10-30,0.3340906943808778,0.45480419373247305,0.28640478682382714,0.28640478682382714,DOWN,0.4271904263523457,0.0,0.0,1.0,expanding_prior_auc_min60,0.28640478682382714,DOWN,0.24159733726642488,0.0,-0.00473652614547071,0.11815917569305859,1.0,0.06216703270295598,-0.12343816157336629,0.4271904263523457,False
2025-10-31,0.4248095253850099,0.5516841567076922,0.32911953839995883,0.32911953839995883,DOWN,0.34176092320008233,0.0,0.0,1.0,expanding_prior_auc_min60,0.32911953839995883,DOWN,0.23746667725829812,0.0,0.00713865812289427,0.10895161263737989,1.0,0.06722195740723569,-0.12851506462091822,0.34176092320008233,False
2025-11-03,0.35024490192664504,0.4273636589647154,0.31955086673175437,0.31955086673175437,DOWN,0.36089826653649126,0.0,0.0,1.0,expanding_prior_auc_min60,0.31955086673175437,DOWN,0.42993173039288474,0.0,0.00708794623282305,0.06844705465247727,1.0,0.05965742532048646,-0.36148467574040744,0.36089826653649126,False
2025-11-04,0.11153698351933108,0.3235724369063607,0.19610648555842158,0.19610648555842158,DOWN,0.6077870288831568,0.0,0.0,1.0,expanding_prior_auc_min60,0.19610648555842158,DOWN,0.5725417271744769,0.0,0.0005865237143294344,0.0390457009110447,1.0,0.05219949189572559,-0.5334960262634323,0.6077870288831568,False
2025-11-05,0.3973916692647808,0.28306953014318503,0.1818780930772437,0.1818780930772437,DOWN,0.6362438138455127,0.0,0.0,1.0,expanding_prior_auc_min60,0.1818780930772437,DOWN,0.7041798975813423,0.0,-0.008715841168498772,0.04532889966238647,0.0,0.0424172857884455,-0.6588509979189557,0.6362438138455127,False
2025-11-06,0.30875977699759205,0.2613166016487054,0.2151819347808338,0.2151819347808338,DOWN,0.5696361304383324,0.0,0.0,1.0,expanding_prior_auc_min60,0.2151819347808338,DOWN,0.5035843223481642,0.0,0.0005861799059139194,0.0352797783238814,1.0,0.05158271369656364,-0.4683045440242828,0.5696361304383324,False
2025-11-07,0.27659203818421,0.32360154686656484,0.1708826196868521,0.1708826196868521,DOWN,0.6582347606262958,0.0,0.0,1.0,expanding_prior_auc_min60,0.1708826196868521,DOWN,0.6566933627001955,0.0,-0.01562502587007053,0.037485401321992726,0.0,0.03819443409641621,-0.6192079613782028,0.6582347606262958,False
2025-11-10,0.36625362485774204,0.38358230901907675,0.1764863478249703,0.1764863478249703,DOWN,0.6470273043500594,0.0,0.0,1.0,expanding_prior_auc_min60,0.1764863478249703,DOWN,0.5761913209816675,0.0,-0.016949205446076587,0.03627659342385225,0.0,0.048509637293870256,-0.5399147275578152,0.6470273043500594,False
2025-11-11,0.3441752937029762,0.3367693795213629,0.17275575339347213,0.17275575339347213,DOWN,0.6544884932130557,0.0,0.0,1.0,expanding_prior_auc_min60,0.17275575339347213,DOWN,0.5265510229223833,0.0,-0.023228782490140154,0.04047622155960211,0.0,0.04181191924582417,-0.4860748013627812,0.6544884932130557,False
2025-11-12,0.35287992599309304,0.4527706497082242,0.2419913147282256,0.2419913147282256,DOWN,0.5160173705435488,0.0,0.0,1.0,expanding_prior_auc_min60,0.2419913147282256,DOWN,0.35613297083789397,0.0,-0.017574648062325893,0.0690124550508106,1.0,0.05096665815976498,-0.28712051578708336,0.5160173705435488,False
2025-11-13,0.42567639616302433,0.5053523074084053,0.20532286932455454,0.20532286932455454,DOWN,0.5893542613508909,0.0,0.0,1.0,expanding_prior_auc_min60,0.20532286932455454,DOWN,0.34195931225769516,0.0,-0.019298240721892457,0.08242467344692253,0.0,0.04912281484497205,-0.25953463881077266,0.5893542613508909,False
2025-11-14,0.3330348457026788,0.3256939479284559,0.1384557350238192,0.1384557350238192,DOWN,0.7230885299523616,0.0,0.0,1.0,expanding_prior_auc_min60,0.1384557350238192,DOWN,0.59853719627569,0.0,-0.03951882376228799,0.06329003598375718,0.0,0.02749149339943724,-0.5352471602919329,0.7230885299523616,False
2025-11-17,0.3770602189852513,0.3656274763954516,0.13467374056404094,0.13467374056404094,DOWN,0.7306525188719182,0.0,0.0,1.0,expanding_prior_auc_min60,0.13467374056404094,DOWN,0.4851263454496487,0.0,-0.03731341077402328,0.06391190015827708,0.0,0.02985077241597245,-0.42121444529137164,0.7306525188719182,False
2025-11-18,0.3817956519712569,0.3360524297685868,0.09007144684971699,0.09007144684971699,DOWN,0.819857106300566,0.0,0.0,1.0,expanding_prior_auc_min60,0.09007144684971699,DOWN,0.5997961996123338,1.0,-0.056805410004311385,0.11254018589258613,0.0,0.008998866211084255,-0.48725601371974764,0.819857106300566,False
2025-11-19,0.176734911437698,0.1345879458897091,0.08179310042090734,0.08179310042090734,DOWN,0.8364137991581853,0.0,0.0,1.0,expanding_prior_auc_min60,0.08179310042090734,DOWN,0.6545289785075405,1.0,-0.06260474958611917,0.10034530759481308,0.0,0.0027949215268341376,-0.5541836709127275,0.8364137991581853,False
2025-11-20,0.5379761257012946,0.3457683345069319,0.13289440500913194,0.13289440500913194,DOWN,0.7342111899817361,0.0,0.0,1.0,expanding_prior_auc_min60,0.13289440500913194,DOWN,0.3556627733085641,0.0,-0.03454233462755585,0.1336378376313998,0.0,0.03281517946370904,-0.2220249356771643,0.7342111899817361,False
2025-11-21,0.3571336104661765,0.14434235544884047,0.06191106649840468,0.06191106649840468,DOWN,0.8761778670031907,0.0,0.0,1.0,expanding_prior_auc_min60,0.06191106649840468,DOWN,0.5714046740392102,1.0,-0.06521739361561307,0.17528029577638632,0.0,-0.0005574263424825698,-0.39612437826282393,0.8761778670031906,False
2025-11-24,0.24832393606014613,0.16667079441021174,0.0632147041047406,0.0632147041047406,DOWN,0.8735705917905188,0.0,0.0,1.0,expanding_prior_auc_min60,0.0632147041047406,DOWN,0.5425280617923832,1.0,-0.06469603054481021,0.1323275595211494,0.0,-0.011154532043243681,-0.41020050227123384,0.8735705917905188,False
2025-11-25,0.4769286830685543,0.306001980792804,0.140567836245642,0.140567836245642,DOWN,0.718864327508716,0.0,0.0,1.0,expanding_prior_auc_min60,0.140567836245642,DOWN,0.537278393789591,1.0,-0.05414546583522184,0.12687307087110533,0.0,-0.016356402462835762,-0.41040532291848564,0.718864327508716,False
2025-11-26,0.21358675402879457,0.15985313302679793,0.12989422037832465,0.12989422037832465,DOWN,0.7402115592433507,0.0,0.0,1.0,expanding_prior_auc_min60,0.12989422037832465,DOWN,0.4024223552738311,0.0,-0.03841743439087286,0.08943972754026702,0.0,-0.0045871514481795606,-0.31298262773356406,0.7402115592433507,False
2025-11-27,0.2760329110556642,0.13102848316891597,0.21572067181481078,0.21572067181481078,DOWN,0.5685586563703784,0.0,0.0,1.0,expanding_prior_auc_min60,0.21572067181481078,DOWN,0.3096092605172583,0.0,-0.035900452970438645,0.10202671416257453,0.0,0.00521135785769089,-0.20758254635468376,0.5685586563703784,False
2025-11-28,0.23835601496829656,0.19481368023587442,0.18425805867296097,0.18425805867296097,DOWN,0.6314838826540781,0.0,0.0,1.0,expanding_prior_auc_min60,0.18425805867296097,DOWN,0.3949853437277582,0.0,-0.03679912600655255,0.05976737775457803,0.0,0.014018677532314339,-0.33521796597318015,0.6314838826540781,False
2025-12-01,0.2755217660101915,0.3631238672913573,0.22166998759433704,0.22166998759433704,DOWN,0.5566600248113259,0.0,0.0,1.0,expanding_prior_auc_min60,0.22166998759433704,DOWN,0.3669268727194565,1.0,-0.05011525395423244,0.09684720290507298,0.0,-0.0034563001832637053,-0.2700796698143835,0.5566600248113259,False
2025-12-02,0.2927805366902263,0.301235122717162,0.25828332520461794,0.25828332520461794,DOWN,0.4834333495907641,0.0,0.0,1.0,expanding_prior_auc_min60,0.25828332520461794,DOWN,0.3110418049293301,0.0,-0.04855492425620567,0.0883046895398236,0.0,-0.0005779376863661589,-0.2227371153895065,0.4834333495907641,False
2025-12-03,0.26495504754493737,0.3275401271485406,0.20834041932859482,0.20834041932859482,DOWN,0.5833191613428104,0.0,0.0,1.0,expanding_prior_auc_min60,0.20834041932859482,DOWN,0.2900880908016915,1.0,-0.057109530941174325,0.08720566245863212,0.0,0.007575819887599922,-0.2028824283430594,0.5833191613428104,False
2025-12-04,0.39707970743765364,0.40456005411815943,0.2194265243665643,0.2194265243665643,DOWN,0.5611469512668714,0.0,0.0,1.0,expanding_prior_auc_min60,0.2194265243665643,DOWN,0.317854472686097,1.0,-0.08279884010957417,0.08854708101163088,0.0,0.008163341114352018,-0.22930739167446612,0.5611469512668714,False
2025-12-05,0.34109798032280314,0.2954504193560533,0.19249553578180495,0.19249553578180495,DOWN,0.6150089284363901,0.0,0.0,1.0,expanding_prior_auc_min60,0.19249553578180495,DOWN,0.30280526352668635,1.0,-0.08465611491366076,0.07213471597415583,0.0,0.016460945495467172,-0.23067054755253052,0.6150089284363901,False
2025-12-08,0.4244663177488521,0.44268534674818216,0.1531740829007707,0.1531740829007707,DOWN,0.6936518341984586,0.0,0.0,1.0,expanding_prior_auc_min60,0.1531740829007707,DOWN,0.3251575934259845,1.0,-0.07431629147916363,0.04587905891360477,0.0,0.02794299817066892,-0.2792785345123797,0.6936518341984586,False
2025-12-09,0.4618909307379816,0.36834839005260245,0.14592475888235398,0.14592475888235398,DOWN,0.708150482235292,0.0,0.0,1.0,expanding_prior_auc_min60,0.14592475888235398,DOWN,0.45261097401044686,1.0,-0.07651250704791313,0.04512867092156013,0.0,0.025504169015970968,-0.4074823030888867,0.708150482235292,False
2025-12-10,0.4774238915769821,0.4014520765596871,0.134622218386176,0.134622218386176,DOWN,0.730755563227648,0.0,0.0,1.0,expanding_prior_auc_min60,0.134622218386176,DOWN,0.37632881275794267,1.0,-0.07155639416717563,0.029501089558761653,0.0,0.031007778388159712,-0.34682772319918104,0.730755563227648,False
2025-12-11,0.2979914784971946,0.37698587938108097,0.14422365514451688,0.14422365514451688,DOWN,0.7115526897109663,0.0,0.0,1.0,expanding_prior_auc_min60,0.14422365514451688,DOWN,0.4981712576043831,1.0,-0.08318588422540607,0.03406120394278024,0.0,0.02005900514950354,-0.46411005366160285,0.7115526897109663,False
2025-12-12,0.2886231024207023,0.33297344598558637,0.14182202441042452,0.14182202441042452,DOWN,0.716355951179151,0.0,0.0,1.0,expanding_prior_auc_min60,0.14182202441042452,DOWN,0.45123122488156886,1.0,-0.07966707353747637,0.0397630288411002,0.0,0.02794299817066892,-0.41146819604046864,0.716355951179151,False
2025-12-15,0.20074137419940746,0.18196025943423366,0.12007337656219984,0.12011515858861177,DOWN,0.7597696828227765,0.0,0.0006751354159867676,0.9993248645840133,expanding_prior_auc_min60,0.12007337656219984,DOWN,0.5620782449943327,1.0,-0.09523808722873683,0.04503273521482783,0.0,0.016460945495467172,-0.5170455097795048,0.7597696828227765,False
2025-12-16,0.33956227058110466,0.5158214465146213,0.13459290877939187,0.13707327720004658,DOWN,0.7258534455999068,0.0,0.006506250647944342,0.9934937493520557,expanding_prior_auc_min60,0.13459290877939187,DOWN,0.5284162215426152,1.0,-0.10523257786805895,0.05857300021705115,0.0,0.005232566778823111,-0.4698432213255641,0.7258534455999068,False
2025-12-17,0.2618227007877358,0.4515675950938825,0.13199574391600552,0.13199574391600552,DOWN,0.7360085121679889,0.0,0.0,1.0,expanding_prior_auc_min60,0.13199574391600552,DOWN,0.5214300463075852,1.0,-0.12449337088685852,0.08151286907384545,0.0,0.0011581040667940634,-0.4399171772337397,0.7360085121679889,False
2025-12-18,0.22767927869643062,0.22883784318712438,0.13712944403596067,0.13712944403596067,DOWN,0.7257411119280787,0.0,0.0,1.0,expanding_prior_auc_min60,0.13712944403596067,DOWN,0.38944934355249056,1.0,-0.13071145534333373,0.07392757618346847,0.0,-0.010989041295364377,-0.3155217673690221,0.7257411119280787,False
2025-12-19,0.32555509343192046,0.40285291889516794,0.19597544055223518,0.19597544055223518,DOWN,0.6080491188955297,0.0,0.0,1.0,expanding_prior_auc_min60,0.19597544055223518,DOWN,0.25033165475992114,1.0,-0.1210526668023747,0.10198850541289264,0.0,-0.013450265327804578,-0.1483431493470285,0.6080491188955297,False
2025-12-22,0.18508362817807228,0.14853676116681447,0.16905360334930783,0.16905360334930783,DOWN,0.6618927933013843,0.0,0.0,1.0,expanding_prior_auc_min60,0.16905360334930783,DOWN,0.22848286770265533,1.0,-0.10906941403245474,0.0830278872397438,0.0,-0.0029639088276092185,-0.14545498046291153,0.6618927933013843,False
2025-12-23,0.20672549866879344,0.24131011771680358,0.1993277439120958,0.1993277439120958,DOWN,0.6013445121758084,0.0,0.0,1.0,expanding_prior_auc_min60,0.1993277439120958,DOWN,0.25893900757864974,1.0,-0.10879904618958913,0.05251447533171353,0.0,-0.0017835184209965549,-0.20642453224693622,0.6013445121758084,False
2025-12-24,0.3604775209788108,0.3722328219150823,0.19760663356320574,0.19760663356320574,DOWN,0.6047867328735885,0.0,0.0,1.0,expanding_prior_auc_min60,0.19760663356320574,DOWN,0.3355801170301198,1.0,-0.11316262469333604,0.035396174630998145,0.0,-0.008338373398633747,-0.30018394239912166,0.6047867328735885,False
2025-12-26,0.43450585915073126,0.31666317832138,0.17360210619997907,0.17360210619997907,DOWN,0.6527957876000419,0.0,0.0,1.0,expanding_prior_auc_min60,0.17360210619997907,DOWN,0.28760698287248604,1.0,-0.10630627895747646,0.0405769112684316,0.0,-0.007807757582283803,-0.24703007160405444,0.6527957876000419,False
2025-12-29,0.38002255539222596,0.2388548255436588,0.15958580961038898,0.15983895807829188,DOWN,0.6803220838434163,0.0,0.003193536149306871,0.9968064638506932,expanding_prior_auc_min60,0.15958580961038898,DOWN,0.38278529971389963,1.0,-0.10794419391617083,0.029141215166741032,0.0,0.0018193260801648847,-0.3536440845471586,0.6803220838434163,False
2025-12-30,0.3439579582467322,0.4259306277246643,0.17300325674760045,0.17385985661834946,DOWN,0.6522802867633011,0.0,0.003386742476466404,0.9966132575235336,expanding_prior_auc_min60,0.17300325674760045,DOWN,0.33515106208274237,1.0,-0.1210653719479825,0.026848390045132495,0.0,-0.003632044287433245,-0.30830267203760986,0.6522802867633011,False
2025-12-31,0.3469677674701805,0.38431127855686176,0.1755246470706463,0.18064616056021804,DOWN,0.6387076788795639,0.0,0.02452989184755276,0.9754701081524473,expanding_prior_auc_min60,0.1755246470706463,DOWN,0.3319204465310791,1.0,-0.11786140550512292,0.02338500439239562,0.0,-0.017010862385831382,-0.3085354421386835,0.6387076788795639,False
2026-01-02,0.4840558114463843,0.5509843171513528,0.1346282071816889,0.15072014664169353,DOWN,0.6985597067166129,0.0,0.03864946154189284,0.9613505384581071,expanding_prior_auc_min60,0.1346282071816889,DOWN,0.4032428223207277,1.0,-0.10259578591485541,0.03213131391772436,0.0,-0.02781216034931122,-0.37111150840300333,0.6985597067166129,False
2026-01-05,0.31220129280720976,0.47083124278244454,0.18262000402699044,0.1944111843837035,DOWN,0.6111776312325929,0.0,0.04091159112194728,0.9590884088780527,expanding_prior_auc_min60,0.18262000402699044,DOWN,0.31757659690529516,1.0,-0.0769230209590096,0.0810273949208448,0.0,-0.004450076087813226,-0.23654920198445034,0.6111776312325929,False
2026-01-06,0.5185227878151227,0.4366637841222909,0.16961280959176886,0.18290673401672355,DOWN,0.634186531966553,0.0,0.049780475238203274,0.9502195247617967,expanding_prior_auc_min60,0.16961280959176886,DOWN,0.29810220851408986,1.0,-0.06743733189728884,0.07171241701175952,0.0,0.0057803567342271656,-0.22638979150233035,0.634186531966553,False
2026-01-07,0.5537793608792758,0.43655061361854297,0.11149147742605336,0.13174328082066142,DOWN,0.7365134383586771,0.0,0.062301904914358684,0.9376980950856413,expanding_prior_auc_min60,0.11149147742605336,DOWN,0.6113161614377618,1.0,-0.06923076264721884,0.037339833389063326,0.0,0.0038461195176413554,-0.5739763280486985,0.7365134383586771,False
2026-01-08,0.4746831103781055,0.3807430594570863,0.15268852421769727,0.1664098550842037,DOWN,0.6671802898315926,0.0,0.060166884434476,0.939833115565524,expanding_prior_auc_min60,0.15268852421769727,DOWN,0.5819346711625001,1.0,-0.07101725198656217,0.049648209431583615,0.0,0.0019193686981149316,-0.5322864617309164,0.6671802898315926,False
2026-01-09,0.4040356629459005,0.3642225160451687,0.14691346245402856,0.1598936739340632,DOWN,0.6802126521318737,0.0,0.05973157245650929,0.9402684275434907,expanding_prior_auc_min60,0.14691346245402856,DOWN,0.6490079542871432,1.0,-0.07279689660002309,0.0371656920130289,0.0,-0.0076628280158580475,-0.6118422622741143,0.6802126521318737,False
2026-01-12,0.5621562118244061,0.37602405678563444,0.1559516186171276,0.1665101292749938,DOWN,0.6669797414500124,0.0,0.04797743300222663,0.9520225669977733,expanding_prior_auc_min60,0.1559516186171276,DOWN,0.3969666152232479,1.0,-0.06563703388630693,0.04699189963807188,0.0,-0.003861030872843396,-0.349974715585176,0.6669797414500124,False
2026-01-13,0.39497081186159794,0.4450657984800772,0.18758883724696426,0.198532686311102,DOWN,0.602934627377796,0.0,0.04250418760468998,0.95749581239531,expanding_prior_auc_min60,0.18758883724696426,DOWN,0.541656564234418,1.0,-0.07235141593533156,0.04572655983594062,0.0,-0.0058139019105275525,-0.49593000439847734,0.602934627377796,False
2026-01-14,0.4269584214752111,0.30511367532219313,0.17175473943753358,0.17708700703879648,DOWN,0.645825985922407,0.0,0.0399843292531574,0.9600156707468426,expanding_prior_auc_min60,0.17175473943753358,DOWN,0.5666188920598354,1.0,-0.0818713580749536,0.05612578689486218,0.0,0.0,-0.5104931051649733,0.645825985922407,False
2026-01-15,0.394729452287111,0.471811218551986,0.17568375652947044,0.186799891124105,DOWN,0.62640021775179,0.0,0.03753834419378957,0.9624616558062105,expanding_prior_auc_min60,0.17568375652947044,DOWN,0.3470444519391716,1.0,-0.08252114551216927,0.06184246530265061,0.0,-0.012995500875750632,-0.28520198663652097,0.62640021775179,False
2026-01-16,0.5392304921972448,0.5887107868249617,0.21750072119555064,0.23171459543876993,DOWN,0.5365708091224601,0.0,0.03829064877084824,0.9617093512291518,expanding_prior_auc_min60,0.21750072119555064,DOWN,0.2374628503407598,1.0,-0.09523806820651015,0.17342539861912026,0.0,0.004629609481086927,-0.06403745172163955,0.5365708091224601,False
2026-01-19,0.5834165398182888,0.577567710186806,0.2519083556128221,0.2653601796483892,DOWN,0.4692796407032216,0.0,0.041306426014276004,0.958693573985724,expanding_prior_auc_min60,0.2519083556128221,DOWN,0.2793201919314163,1.0,-0.1057884351853926,0.2098863198158152,0.0,0.010645365951745145,-0.06943387211560106,0.4692796407032216,False
2026-01-20,0.6882295357688896,0.692548857720149,0.21790710413533623,0.23818069202220166,DOWN,0.5236386159555967,0.0,0.042713452269518455,0.9572865477304815,expanding_prior_auc_min60,0.21790710413533623,DOWN,0.29005909056378437,1.0,-0.10837766745845734,0.15659234548191048,0.0,0.009973378916936726,-0.1334667450818739,0.5236386159555967,False
2026-01-21,0.43811906759816505,0.4668429730899505,0.17237024139455004,0.184047360518546,DOWN,0.631905278962908,0.0,0.03965433083316744,0.9603456691668326,expanding_prior_auc_min60,0.17237024139455004,DOWN,0.49059416039669274,1.0,-0.11718234247155102,0.08238399815416757,0.0,-0.0052666179009884795,-0.40821016224252515,0.631905278962908,False
2026-01-22,0.4252999058237667,0.5770244947974749,0.21967595427786105,0.23666172303560054,DOWN,0.526676553928799,0.0,0.047532777755411544,0.9524672222445885,expanding_prior_auc_min60,0.21967595427786105,DOWN,0.22723486267161982,1.0,-0.1054035989213492,0.3585758903855442,0.0,0.008005329379009885,0.1313410277139244,0.526676553928799,False
2026-01-23,0.5832090520281301,0.5752962805443992,0.27621979554519765,0.2890112106055989,DOWN,0.42197757878880215,0.0,0.042769711769333585,0.9572302882306665,expanding_prior_auc_min60,0.27621979554519765,DOWN,0.1876354922149278,1.0,-0.09939559850811774,0.38033236198655773,0.0,0.01477497033458075,0.19269686977162992,0.42197757878880215,False
2026-01-26,0.6824657924596567,0.7156436296492642,0.3644716889700539,0.37559898476479076,DOWN,0.2488020304704185,0.0,0.0316861756472207,0.9683138243527794,expanding_prior_auc_min60,0.3644716889700539,DOWN,0.22430321737731754,1.0,-0.09879033976634077,0.47538486608164326,0.0,0.01545695836474592,0.2510816487043257,0.2488020304704185,False
2026-01-27,0.6882453893843186,0.8020066301147906,0.3981160081229995,0.406464304533177,DOWN,0.187071390933646,0.0,0.02066969609001504,0.979330303909985,expanding_prior_auc_min60,0.3981160081229995,DOWN,0.1698343696183298,1.0,-0.08837526766577941,0.6505646440709139,0.0,0.027192360128685644,0.4807302744525841,0.187071390933646,False
2026-01-28,0.6657049245334756,0.5915313834266908,0.34687416003296895,0.34890077662103225,DOWN,0.3021984467579355,0.0,0.008283493779384112,0.9917165062206159,expanding_prior_auc_min60,0.34687416003296895,DOWN,0.18132011682270385,1.0,-0.07644632061688805,0.6157075604810893,0.0,0.04063355236315491,0.43438744365838544,0.3021984467579355,False
2026-01-29,0.6118767269939758,0.6491420070801378,0.3411866719213261,0.34242063274773443,DOWN,0.31515873450453114,0.0,0.00400694738986065,0.9959930526101394,expanding_prior_auc_min60,0.3411866719213261,DOWN,0.1927234921067989,1.0,-0.0827633411503752,0.5599409464903038,0.0,0.03351571648110352,0.3672174543835049,0.31515873450453114,False
2026-01-30,0.186146148971215,0.6126054349773052,0.3075847188074343,0.3075847188074343,DOWN,0.38483056238513136,0.0,0.0,1.0,expanding_prior_auc_min60,0.3075847188074343,DOWN,0.273722791106758,1.0,-0.09514169206795209,0.4244698778119667,0.0,0.0195681489760291,0.1507470867052087,0.38483056238513136,False
2026-02-02,0.4549047629892034,0.6125425457322362,0.18923275198843797,0.18923275198843797,DOWN,0.621534496023124,0.0,0.0,1.0,expanding_prior_auc_min60,0.18923275198843797,DOWN,0.39605527389593354,1.0,-0.11250826260038271,0.27708734045550687,0.0,-0.0033090164259832466,-0.11896793344042667,0.621534496023124,False
2026-02-03,0.3737831497152423,0.5698690542255035,0.3201259583169973,0.3220238942624488,DOWN,0.35595221147510236,0.0,0.007599553207055569,0.9924004467929445,expanding_prior_auc_min60,0.3201259583169973,DOWN,0.3081039508221899,1.0,-0.09391894090602282,0.23575810815855855,0.0,0.017567582806154336,-0.07234584266363134,0.35595221147510236,False
2026-02-04,0.20747513041462967,0.3502831013782552,0.431555510867791,0.42871873400763205,DOWN,0.1425625319847359,0.0,0.03490454974789677,0.9650954502521032,expanding_prior_auc_min60,0.431555510867791,DOWN,0.28980085880772544,1.0,-0.08961301669014277,0.3158136663439957,0.0,0.022403318916211612,0.026012807536270277,0.1425625319847359,False
2026-02-05,0.29155105211954807,0.4787569485385162,0.21604505856206654,0.22907580581371423,DOWN,0.5418483883725715,0.0,0.04960090406572701,0.950399095934273,expanding_prior_auc_min60,0.21604505856206654,DOWN,0.39921112650185986,1.0,-0.10600001017252603,0.3209436045650669,0.0,0.004000027974446541,-0.07826752193679298,0.5418483883725715,False
2026-02-06,0.34191147886028045,0.34160295647171907,0.18030811007030212,0.19093700047256443,DOWN,0.6181259990548711,0.0,0.06589727222784324,0.9341027277721567,expanding_prior_auc_min60,0.18030811007030212,DOWN,0.5276675689514148,1.0,-0.10956178793032101,0.22461597429612656,0.0,-0.01593630266303725,-0.3030515946552882,0.6181259990548711,False
2026-02-09,0.40088120502861146,0.4054085679156755,0.5199455016809,0.5108803256381322,UP,0.021760651276264475,0.0,0.07914631328746301,0.920853686712537,expanding_prior_auc_min60,0.5199455016809,UP,0.1696203603243584,1.0,-0.0827633411503752,0.5514779210457352,0.0,0.013679877621797232,0.38185756072137683,0.021760651276264475,False
2026-02-10,0.2826500095561353,0.41911374321253747,0.6118575095351767,0.5982601267344757,UP,0.1965202534689514,0.0,0.07054642056718921,0.9294535794328108,expanding_prior_auc_min60,0.6118575095351767,UP,0.1450001427279552,1.0,-0.06615597715724153,0.6184047633212576,0.0,0.032033429606182384,0.4734046205933024,0.1965202534689514,False
2026-02-11,0.3946653240775014,0.4994676437834512,0.6313409090433015,0.6230896509028236,UP,0.2461793018056473,0.0,0.06256960517523551,0.9374303948247645,expanding_prior_auc_min60,0.6313409090433015,UP,0.1391181404770351,1.0,-0.050955432498048236,0.6084531949894396,0.0,0.0488322416698439,0.46933505451240454,0.2461793018056473,False
2026-02-23,0.382960037351768,0.5848224382687427,0.6444799877567176,0.6405345241878176,UP,0.2810690483756353,0.0,0.06613519332863627,0.9338648066713637,expanding_prior_auc_min60,0.6444799877567176,UP,0.12952652446400642,1.0,-0.05028328922814718,0.6259203744126713,0.0,0.04957505771519499,0.4963938499486649,0.2810690483756353,False
2026-02-24,0.6352267813643219,0.6676588097748869,0.514656024037997,0.5242432514467037,UP,0.04848650289340739,0.0,0.06266047616409602,0.937339523835904,expanding_prior_auc_min60,0.514656024037997,UP,0.14716510114423412,0.0,-0.019736875127226328,0.16290464522544898,1.0,0.08333328685797792,0.015739544081214862,0.04848650289340739,False
2026-02-25,0.6090151445858587,0.6768313862597991,0.44736893944102374,0.462622849099493,DOWN,0.07475430180101394,0.0,0.06647671490453705,0.933523285095463,expanding_prior_auc_min60,0.44736893944102374,DOWN,0.16287547348500211,0.0,-0.002232123058618085,0.2065425471157063,1.0,0.10267858314929801,0.043667073630704184,0.07475430180101394,False
2026-02-26,0.6739594701983506,0.6500837680019425,0.3049394884185429,0.3278566000848803,DOWN,0.34428679983023935,0.0,0.06639864260244768,0.9336013573975523,expanding_prior_auc_min60,0.3049394884185429,DOWN,0.15710629465824447,0.0,0.009694266660711826,0.21357061944411773,1.0,0.10514540368799596,0.056464324785873266,0.34428679983023935,False
2026-03-02,0.4118797200286038,0.7214158669269415,0.45106585137305305,0.46889749732573516,DOWN,0.062205005348529685,0.0,0.06595762872862765,0.9340423712713724,expanding_prior_auc_min60,0.45106585137305305,DOWN,0.17570106714883735,0.0,0.015509604042733827,0.2804455567255997,1.0,0.09453469250940949,0.10474448957676233,0.062205005348529685,False
2026-03-03,0.34591194908610284,0.606618254024305,0.40365616715852193,0.41631682226875244,DOWN,0.16736635546249512,0.0,0.06237940940468803,0.937620590595312,expanding_prior_auc_min60,0.40365616715852193,DOWN,0.2395375992000086,0.0,-0.009366002404111229,0.18063839084274555,1.0,0.06772331214935035,-0.05889920835726306,0.16736635546249512,False
2026-03-04,0.4052955767933295,0.535240629530255,0.1736672521891594,0.19349044716659342,DOWN,0.6130191056668132,0.0,0.05482481902624569,0.9451751809737543,expanding_prior_auc_min60,0.1736672521891594,DOWN,0.44302608956961115,1.0,-0.051724137931034475,0.10209800004583469,0.0,0.022068944470635676,-0.34092808952377646,0.6130191056668132,False
2026-03-05,0.2743646436100035,0.6037816026941505,0.23799622990370564,0.263979505168039,DOWN,0.47204098966392205,0.0,0.07103421076167228,0.9289657892383277,expanding_prior_auc_min60,0.23799622990370564,DOWN,0.2942882385420425,0.0,-0.02826852503984878,0.16184076618074006,0.0,0.04734982998985671,-0.13244747236130244,0.47204098966392205,False
2026-03-06,0.34199778220640986,0.34125937083731406,0.29404056296338565,0.2981497260201103,DOWN,0.4037005479597794,0.0,0.08702386277298384,0.9129761372270162,expanding_prior_auc_min60,0.29404056296338565,DOWN,0.20612635220962758,0.0,-0.026203958113164783,0.1492435103314423,0.0,0.04957505771519499,-0.05688284187818529,0.4037005479597794,False
2026-03-09,0.5475664949569193,0.24685106525655257,0.11984138835949987,0.13269162057959316,DOWN,0.7346167588408137,0.0,0.10117522171565735,0.8988247782843426,expanding_prior_auc_min60,0.11984138835949987,DOWN,0.6695141874447481,1.0,-0.09311741854643041,0.21430686267387417,0.0,0.0,-0.45520732477087394,0.7346167588408137,False
2026-03-10,0.3335083332821185,0.3391647378327733,0.15475292663926404,0.17646127758298516,DOWN,0.6470774448340297,0.0,0.11771670590525163,0.8822832940947484,expanding_prior_auc_min60,0.15475292663926404,DOWN,0.4643137148243643,1.0,-0.07182320405601383,0.21163041362725563,0.0,0.023480674263569812,-0.2526833011971087,0.6470774448340297,False
2026-03-11,0.3240433024075952,0.19759249844478216,0.4013872445047937,0.3751748402008068,DOWN,0.24965031959838635,0.0,0.12862159015752123,0.8713784098424788,expanding_prior_auc_min60,0.4013872445047937,DOWN,0.16671723039478933,0.0,-0.047516255203240765,0.19065888306562345,1.0,0.06695459528541603,0.023941652670834118,0.24965031959838635,False
2026-03-12,0.3516406227236828,0.37709960387796954,0.27178669477719675,0.28495705912500213,DOWN,0.43008588174999574,0.0,0.12505935369426352,0.8749406463057364,expanding_prior_auc_min60,0.27178669477719675,DOWN,0.25080543233753794,1.0,-0.06501767498913213,0.2104949104008281,0.0,0.04734982998985671,-0.04031052193670984,0.43008588174999574,False
2026-03-13,0.33977157267315805,0.3823581926141073,0.15331777436395214,0.18042456343679006,DOWN,0.6391508731264199,0.0,0.1183493694254096,0.8816506305745904,expanding_prior_auc_min60,0.15331777436395214,DOWN,0.3625447554243268,1.0,-0.09225348475622108,0.12734580552102617,0.0,0.04366196435823522,-0.23519894990330062,0.6391508731264199,False
2026-03-16,0.24714839012477433,0.2829125192997325,0.1269882969424569,0.14412333183249282,DOWN,0.7117533363350144,0.0,0.10989334839056453,0.8901066516094355,expanding_prior_auc_min60,0.1269882969424569,DOWN,0.4012264749761859,1.0,-0.10189738973366547,0.0989155811493312,0.0,0.041461712689216945,-0.3023108938268547,0.7117533363350144,False
2026-03-17,0.18668550157874192,0.5190304290898664,0.3000274448577926,0.3257524855280157,DOWN,0.34849502894396855,0.0,0.11746433849030442,0.8825356615096955,expanding_prior_auc_min60,0.3000274448577926,DOWN,0.21899600619159323,1.0,-0.09721227154591627,0.12404403168884907,1.0,0.059328087011091934,-0.09495197450274416,0.34849502894396855,False
2026-03-18,0.32499906641295806,0.43524776390029263,0.308253334843264,0.3235566480358318,DOWN,0.35288670392833643,0.0,0.12050381505865572,0.8794961849413443,expanding_prior_auc_min60,0.308253334843264,DOWN,0.17441342766206716,1.0,-0.08145453713156958,0.14139184303043045,1.0,0.07781815962357963,-0.03302158463163671,0.35288670392833643,False
2026-03-19,0.24736815952852448,0.4127798731487126,0.14666274436167076,0.18055944528964687,DOWN,0.6388811094207063,0.0,0.12737511892780742,0.8726248810721926,expanding_prior_auc_min60,0.14666274436167076,DOWN,0.28884229205827966,1.0,-0.10369318508935621,0.10815813857250549,1.0,0.05255680221079051,-0.18068415348577416,0.6388811094207063,False
2026-03-20,0.25452541845220966,0.4132937833215262,0.13552070776116,0.17141658195123696,DOWN,0.657166836097526,0.0,0.12922733464235986,0.8707726653576402,expanding_prior_auc_min60,0.13552070776116,DOWN,0.41650976155872144,1.0,-0.12181305106014206,0.10303922635452097,0.0,0.04957505771519499,-0.3134705352042005,0.657166836097526,False
2026-03-23,0.291414463321761,0.4416290006563975,0.12545607084971272,0.1669490696564551,DOWN,0.6661018606870899,0.0,0.1312351403142329,0.8687648596857671,expanding_prior_auc_min60,0.12545607084971272,DOWN,0.49381537571686374,1.0,-0.14944903635548246,0.18837583865495824,0.0,0.02066110382938313,-0.3054395370619055,0.6661018606870899,False
2026-03-24,0.3065139006533687,0.2902314921283201,0.10623095516499842,0.1279984709689379,DOWN,0.7440030580621242,0.0,0.11830137108936035,0.8816986289106397,expanding_prior_auc_min60,0.10623095516499842,DOWN,0.44127399376537435,1.0,-0.14886284034046238,0.15979716710103714,0.0,0.021364539011194283,-0.2814768266643372,0.7440030580621242,False
2026-03-25,0.46268479886313346,0.2395463865689372,0.1457147150795203,0.15720354241938891,DOWN,0.6855929151612221,0.0,0.12244082576280677,0.8775591742371932,expanding_prior_auc_min60,0.1457147150795203,DOWN,0.3291075695845555,1.0,-0.14751772109450423,0.12391840755180102,1.0,0.05106377970746134,-0.2051891620327545,0.6855929151612221,False
2026-03-26,0.3283970474517699,0.28535823024230567,0.15005441988668383,0.16667848814409664,DOWN,0.6666430237118067,0.0,0.12286474574307572,0.8771352542569243,expanding_prior_auc_min60,0.15005441988668383,DOWN,0.361898639490407,1.0,-0.17477093837724678,0.13832286246155479,0.0,0.0443974723799041,-0.22357577702885223,0.6666430237118067,False
2026-03-27,0.35122678297913607,0.17924626528098495,0.09268474056252439,0.10324799603895941,DOWN,0.7935040079220812,0.0,0.12203176308171297,0.8779682369182871,expanding_prior_auc_min60,0.09268474056252439,DOWN,0.46696506220064654,1.0,-0.17766852342951467,0.10942872204099698,0.0,0.04073033237559609,-0.3575363401596496,0.7935040079220812,False
2026-03-30,0.4077246546277826,0.3392519893598064,0.09850055657584306,0.12792162173140856,DOWN,0.7441567565371829,0.0,0.12220515082859881,0.8777948491714012,expanding_prior_auc_min60,0.09850055657584306,DOWN,0.3334932624207509,1.0,-0.19352619359693102,0.18964533995859922,0.0,0.02066110382938313,-0.14384792246215167,0.7441567565371829,False
2026-03-31,0.32937888278639293,0.3142626630448541,0.07478177431156943,0.10376529578436622,DOWN,0.7924694084312676,0.0,0.12102644860766484,0.8789735513923351,expanding_prior_auc_min60,0.07478177431156943,DOWN,0.5108216766853569,1.0,-0.20985153311193327,0.18385009615036138,0.0,-0.022267201788223057,-0.32697158053499553,0.7924694084312676,False
2026-04-01,0.5225277001675942,0.28105260733629545,0.1368695930195416,0.15281863947669044,DOWN,0.6943627210466191,0.0,0.11061668070075566,0.8893833192992443,expanding_prior_auc_min60,0.1368695930195416,DOWN,0.39082215580454793,1.0,-0.18953325601872006,0.15020554120691165,0.0,0.02475243417944384,-0.24061661459763628,0.6943627210466191,False
2026-04-02,0.29832400578672036,0.3387477139470829,0.1591247390829329,0.17651747038825738,DOWN,0.6469650592234852,0.0,0.0968291017253151,0.9031708982746849,expanding_prior_auc_min60,0.1591247390829329,DOWN,0.32126172218363036,1.0,-0.20979986265510042,0.1845513704188902,0.0,-0.017943425327036633,-0.13671035176474017,0.6469650592234852,False
2026-04-07,0.2968848611702456,0.35683327621012306,0.09437235362412014,0.11732024615112502,DOWN,0.76535950769775,0.0,0.08743355887383705,0.9125664411261629,expanding_prior_auc_min60,0.09437235362412014,DOWN,0.33257056355767683,1.0,-0.20449753626308165,0.17432321715401422,0.0,-0.05340824312409509,-0.15824734640366261,0.76535950769775,False
2026-04-08,0.35208996966389067,0.26721150468526006,0.20479706593303354,0.21087565006362127,DOWN,0.5782486998727574,0.0,0.09739067196804498,0.902609328031955,expanding_prior_auc_min60,0.20479706593303354,DOWN,0.21022031252386997,1.0,-0.17485115336055612,0.1086460157864148,0.0,0.002232194016530853,-0.10157429673745516,0.5782486998727574,False
2026-04-09,0.3526879450594837,0.3451556924993605,0.18018991224266362,0.19672713413254214,DOWN,0.6065457317349157,0.0,0.10024637754657707,0.8997536224534229,expanding_prior_auc_min60,0.18018991224266362,DOWN,0.23858866111307034,1.0,-0.17668894337489827,0.1023587666477429,0.0,-0.01633261044302381,-0.13622989446532743,0.6065457317349157,False
2026-04-10,0.4195071949914545,0.5283822829397994,0.21113798601995062,0.24424071689510485,DOWN,0.5115185662097903,0.0,0.10434460507738483,0.8956553949226151,expanding_prior_auc_min60,0.21113798601995062,DOWN,0.187816356575558,1.0,-0.16175354978785617,0.09497631820633107,0.0,0.0015117504501660495,-0.09284003836922694,0.5115185662097903,False
2026-04-13,0.5551742142152496,0.504728149352686,0.1999515317878879,0.23377703886799145,DOWN,0.5324459222640171,0.0,0.11098458717198649,0.8890154128280136,expanding_prior_auc_min60,0.1999515317878879,DOWN,0.22157944902405965,1.0,-0.16301885640846103,0.08066724021193102,0.0,-0.027169785409603464,-0.14091220881212863,0.5324459222640171,False
2026-04-14,0.5735638296944097,0.6556058166508894,0.2336879619768439,0.2817589122865402,DOWN,0.4364821754269196,0.0,0.11393438266990077,0.8860656173300993,expanding_prior_auc_min60,0.2336879619768439,DOWN,0.1642635462119619,1.0,-0.13964314529031763,0.12062453351070854,0.0,-0.00853379421425271,-0.043639012701253366,0.4364821754269196,False
2026-04-15,0.39952611968001045,0.569045901717868,0.23413865423807123,0.2728856552754845,DOWN,0.45422868944903105,0.0,0.11569472243132226,0.8843052775686777,expanding_prior_auc_min60,0.23413865423807123,DOWN,0.16013763248940563,1.0,-0.13223784160364738,0.16330435851659772,0.0,-0.005477284529484483,0.0031667260271920905,0.45422868944903105,False
2026-04-16,0.5565621790144252,0.6602941086791942,0.2941467507154582,0.3384987490905187,DOWN,0.3230025018189626,0.0,0.12113155375943802,0.8788684462405619,expanding_prior_auc_min60,0.2941467507154582,DOWN,0.14826324694265838,1.0,-0.1219319040300102,0.15191569472495708,0.0,0.006334119000884542,0.003652447782298701,0.3230025018189626,False
2026-04-17,0.45350741346077894,0.4958347122522768,0.30067384415042836,0.3248388880383287,DOWN,0.35032222392334256,0.0,0.1238211539174409,0.8761788460825591,expanding_prior_auc_min60,0.30067384415042836,DOWN,0.18000708281085562,1.0,-0.1274586845552257,0.12722727758380029,0.0,-0.00708105053640995,-0.05277980522705533,0.35032222392334256,False
2026-04-20,0.5198640339510376,0.6607958193592506,0.32402727522277835,0.36446001607476697,DOWN,0.27107996785046606,0.0,0.12006091885946343,0.8799390811405365,expanding_prior_auc_min60,0.32402727522277835,DOWN,0.16783254255985958,1.0,-0.12123611306224746,0.12972166322937034,0.0,-0.011093529682433267,-0.038110879330489233,0.27107996785046606,False
2026-04-21,0.4599870517934047,0.7428929189920844,0.3904655591355378,0.4315700699950521,DOWN,0.1368598600098958,0.0,0.11663257607538069,0.8833674239246193,expanding_prior_auc_min60,0.3904655591355378,DOWN,0.15591569945228723,1.0,-0.10564512147119343,0.16920917604041844,0.0,0.0064516069489635175,0.013293476588131209,0.1368598600098958,False
2026-04-22,0.6476296440796231,0.6746942871150764,0.3782159673917758,0.41054627631685703,DOWN,0.17890744736628594,0.0,0.10904780138815764,0.8909521986118424,expanding_prior_auc_min60,0.3782159673917758,DOWN,0.16856967620679872,1.0,-0.10202430687956687,0.15310187598397018,0.0,0.010526247510215025,-0.015467800222828537,0.17890744736628594,False
2026-04-23,0.44880474372841894,0.5363313571010475,0.33305380642347554,0.354009511084125,DOWN,0.29198097783175003,0.0,0.10308912415955009,0.8969108758404499,expanding_prior_auc_min60,0.33305380642347554,DOWN,0.17566164938763723,1.0,-0.11217946072772078,0.16867130415367693,0.0,-0.036858902351388,-0.0069903452339603045,0.29198097783175003,False
2026-04-24,0.48217853371525154,0.48019502353858606,0.4147040619091702,0.42096395956108057,DOWN,0.15807208087783886,0.0,0.09558414621138536,0.9044158537886147,expanding_prior_auc_min60,0.4147040619091702,DOWN,0.1627318782301508,1.0,-0.11148087367354376,0.2138141705941073,0.0,-0.003327863061894254,0.05108229236395648,0.15807208087783886,False
2026-04-27,0.5676956669314254,0.5699916013337077,0.3625695654937594,0.3817677492782253,DOWN,0.23646450144354936,0.0,0.09255614383844764,0.9074438561615523,expanding_prior_auc_min60,0.3625695654937594,DOWN,0.172202458221147,1.0,-0.08795898630365695,0.1962191569325681,0.0,0.02305717363021298,0.02401669871142112,0.23646450144354936,False
2026-04-28,0.5809708403173692,0.5270863429765363,0.4630945969318394,0.46854326598391477,DOWN,0.06291346803217046,0.0,0.08514643510851493,0.9148535648914851,expanding_prior_auc_min60,0.4630945969318394,DOWN,0.1872113162748786,1.0,-0.11167510396825342,0.21693358718300254,0.0,0.013536366458805515,0.029722270908123932,0.06291346803217046,False
2026-04-29,0.4301191977126442,0.5261286592583859,0.43840189515039746,0.4450987720816039,DOWN,0.10980245583679216,0.0,0.07633789983365682,0.9236621001663432,expanding_prior_auc_min60,0.43840189515039746,DOWN,0.16185879040884082,1.0,-0.11986590683953136,0.22281845012094414,0.0,0.004191050778000083,0.06095965971210332,0.10980245583679216,False
2026-04-30,0.3451657206992233,0.5490814627465928,0.5682152796066224,0.566898717276847,UP,0.13379743455369408,0.0,0.06880813898274535,0.9311918610172546,expanding_prior_auc_min60,0.5682152796066224,UP,0.16586486399847425,1.0,-0.1360600353130169,0.25931662086905416,0.0,-0.02086811431992197,0.09345175687057991,0.13379743455369408,False
2026-05-04,0.6367231373818899,0.7504384312071738,0.45325027136038076,0.47249239316383634,DOWN,0.05501521367232731,0.0,0.06474726924980902,0.935252730750191,expanding_prior_auc_min60,0.45325027136038076,DOWN,0.13749165871195784,1.0,-0.1082024229485663,0.2968462665051137,0.0,0.023560166072478683,0.15935460779315586,0.05501521367232731,False
2026-05-05,0.5190827274239656,0.7276485075590678,0.5759285422251602,0.5853610346000262,UP,0.1707220692000524,0.0,0.06217040950481963,0.9378295904951803,expanding_prior_auc_min60,0.5759285422251602,UP,0.14986854444959802,1.0,-0.11004368994506586,0.29321914736509436,0.0,0.024454125557680895,0.14335060291549634,0.1707220692000524,False
2026-05-06,0.6144398477854769,0.8045044046454192,0.523085431020698,0.5390094932759874,UP,0.0780189865519747,0.0,0.05658489209233055,0.9434151079076695,expanding_prior_auc_min60,0.523085431020698,UP,0.13400201737696738,1.0,-0.11484092509781063,0.32946675447160423,0.0,0.0362190687690187,0.19546473709463685,0.0780189865519747,False
2026-05-07,0.5838474052328155,0.7590670947446239,0.5191871793257211,0.5318197125021532,UP,0.06363942500430642,0.0,0.05266190441318056,0.9473380955868195,expanding_prior_auc_min60,0.5191871793257211,UP,0.14567072033996145,1.0,-0.09648328945915574,0.32831711373448996,1.0,0.0577095925015918,0.1826463933945285,0.06363942500430642,False
2026-05-08,0.5510799153630629,0.6759947114469244,0.5420370534558542,0.5485737064841594,UP,0.09714741296831875,0.0,0.0487964116895872,0.9512035883104129,expanding_prior_auc_min60,0.5420370534558542,UP,0.16479567500429398,1.0,-0.10455756626396151,0.3308151689574608,0.0,0.04825737105474759,0.16601949395316684,0.09714741296831875,False
2026-05-11,0.6360077822205337,0.7985961260896122,0.6227363485400108,0.6304856234784159,UP,0.2609712469568317,0.0,0.044065078702942406,0.9559349212970576,expanding_prior_auc_min60,0.6227363485400108,UP,0.15370950938576172,1.0,-0.10215048434008644,0.41282240489063043,1.0,0.05107524217004311,0.2591128955048687,0.2609712469568317,False
2026-05-12,0.5373614271897588,0.7234281320712104,0.5476958996491079,0.5539533786854105,UP,0.107906757370821,0.0,0.03560803245970489,0.9643919675402951,expanding_prior_auc_min60,0.5476958996491079,UP,0.16033779271272747,1.0,-0.10615518076126695,0.4262359193527563,0.0,0.04638710993040385,0.2658981266400288,0.107906757370821,False
2026-05-13,0.30599569152395395,0.6635916979309018,0.6239391187088004,0.6250305252447748,UP,0.2500610504895495,0.0,0.027524225596049254,0.9724757744039507,expanding_prior_auc_min60,0.6239391187088004,UP,0.17153944868607726,1.0,-0.11405834783308932,0.5821536597181809,0.0,0.03713519956119171,0.4106142110321036,0.2500610504895495,False
2026-05-14,0.2202396061632814,0.5083836096257787,0.671796571332352,0.6688234884819291,UP,0.33764697696385815,0.0,0.018193678269912802,0.9818063217300872,expanding_prior_auc_min60,0.671796571332352,UP,0.17620482672270246,1.0,-0.11484092509781063,0.5225831843200623,0.0,0.0362190687690187,0.3463783575973599,0.33764697696385815,False
2026-05-15,0.2841112563092069,0.5099884175742895,0.6652454714988048,0.6596694216469793,UP,0.31933884329395856,0.0,0.035914953368473126,0.9640850466315268,expanding_prior_auc_min60,0.6652454714988048,UP,0.171807107100602,1.0,-0.12565441322774562,0.4801454399221245,0.0,0.023560166072478683,0.30833833282152245,0.31933884329395856,False
2026-05-18,0.34356759033904827,0.46921227609226007,0.6105421893725742,0.603542752894892,UP,0.20708550578978402,0.0,0.0495255131431345,0.9504744868568655,expanding_prior_auc_min60,0.6105421893725742,UP,0.18261766185582634,1.0,-0.12641671974788415,0.4558044721861128,0.0,0.022667765401444884,0.27318681033028647,0.20708550578978402,False
2026-05-19,0.2601496523093187,0.4133757250710662,0.5663003221302647,0.5561601773905248,UP,0.11232035478104963,0.0,0.0663081344318644,0.9336918655681357,expanding_prior_auc_min60,0.5663003221302647,UP,0.18035513725597582,1.0,-0.14065175052403012,0.4019427071940464,0.0,0.006003404437415538,0.22158756993807058,0.11232035478104963,False
2026-05-20,0.3046493637061636,0.28209288066868354,0.5461325916482248,0.5250159563539482,UP,0.05003191270789631,0.0,0.07997522499906422,0.9200247750009358,expanding_prior_auc_min60,0.5461325916482248,UP,0.19734978904594208,1.0,-0.14577997878989213,0.39369490110191363,0.0,-0.037510622127391424,0.19634511205597155,0.05003191270789631,False
2026-05-21,0.45528024528795463,0.46194430324207936,0.5586498820548793,0.5498106234125978,UP,0.09962124682519558,0.0,0.09140381300433979,0.9085961869956602,expanding_prior_auc_min60,0.5586498820548793,UP,0.14354182420476014,1.0,-0.11248888471040441,0.31540849596578446,0.0,-0.018600534885432007,0.17186667176102433,0.09962124682519558,False
2026-05-22,0.402018751971869,0.4140290603547915,0.6292852112091913,0.6100074271849361,UP,0.22001485436987211,0.0,0.08955741309940514,0.9104425869005949,expanding_prior_auc_min60,0.6292852112091913,UP,0.1320393740488611,1.0,-0.12906140027277835,0.33645978169649443,0.0,-0.022563177050670902,0.20442040764763333,0.22001485436987211,False
2026-05-25,0.5084692331364432,0.43968909041938836,0.5246273532746965,0.517181156016395,UP,0.034362312032790054,0.0,0.08766599419375883,0.9123340058062411,expanding_prior_auc_min60,0.5246273532746965,UP,0.1339682162706533,1.0,-0.0964420091024103,0.3947216361211847,0.0,0.014044907700759168,0.2607534198505314,0.034362312032790054,False
2026-05-26,0.4575786815565528,0.3951006383572496,0.41795534439775517,0.41597919827852725,DOWN,0.1680416034429455,0.0,0.08646561087793177,0.9135343891220682,expanding_prior_auc_min60,0.41795534439775517,DOWN,0.1401683847529339,1.0,-0.09981349084379265,0.34807295474409694,0.0,0.010261161747874947,0.20790456999116305,0.1680416034429455,False
2026-05-27,0.4482491538652069,0.4952161047032356,0.4508098228966885,0.4546751431653968,DOWN,0.09064971366920638,0.0,0.08704444757494662,0.9129555524250534,expanding_prior_auc_min60,0.4508098228966885,DOWN,0.15444999918139707,1.0,-0.08095241728283109,0.34534580829881806,0.0,0.03142856416248141,0.190895809117421,0.09064971366920638,False
2026-05-28,0.3200292216803232,0.5460665201352075,0.6052954339852694,0.5998066439212525,UP,0.19961328784250498,0.0,0.09267078707389122,0.9073292129261088,expanding_prior_auc_min60,0.6052954339852694,UP,0.17076162249792648,1.0,-0.10065237369814117,0.33228539987741956,0.0,0.009319700441374312,0.16152377737949308,0.19961328784250498,False
2026-05-29,0.4140751026824857,0.6537064271892062,0.5032254907237461,0.5169919941695321,UP,0.03398398833906424,0.0,0.09148337170898632,0.9085166282910137,expanding_prior_auc_min60,0.5032254907237461,UP,0.14299714392336688,1.0,-0.06763292146275757,0.29891739943227974,0.0,0.04637676565652127,0.15592025550891286,0.03398398833906424,False
2026-06-01,0.455448935575942,0.5558188583148266,0.5384307708955072,0.5400359817502345,UP,0.08007196350046897,0.0,0.09231670027974721,0.9076832997202527,expanding_prior_auc_min60,0.5384307708955072,UP,0.15406795521897448,1.0,-0.05577305612578498,0.26132491570763633,1.0,0.059686853301285314,0.10725696048866185,0.08007196350046897,False
2026-06-02,0.5570216614799333,0.6322429888061815,0.45303513943847085,0.4695353134913177,DOWN,0.06092937301736456,0.0,0.09207283113470499,0.907927168865295,expanding_prior_auc_min60,0.45303513943847085,DOWN,0.16137436590273518,1.0,-0.0529931289587664,0.33051914885850314,1.0,0.06280670948748757,0.16914478295576796,0.06092937301736456,False
2026-06-03,0.5120295597405655,0.720560415242822,0.3666679729862263,0.39976778579442596,DOWN,0.2004644284111481,0.0,0.09353071401338398,0.906469285986616,expanding_prior_auc_min60,0.3666679729862263,DOWN,0.1596164422531318,0.0,-0.036926229773444286,0.2552603484291975,1.0,0.08083826636103408,0.09564390617606569,0.2004644284111481,False
2026-06-04,0.36907554601930626,0.603153303891499,0.510530987687335,0.5190686284665138,UP,0.03813725693302761,0.0,0.09217693023741239,0.9078230697625876,expanding_prior_auc_min60,0.510530987687335,UP,0.17286240976145364,0.0,-0.04832354124279181,0.38186826541628605,1.0,0.06804729359182615,0.2090058556548324,0.03813725693302761,False
2026-06-05,0.27282284926356226,0.5006026449647137,0.5121718898639214,0.5111422018574311,UP,0.022284403714862178,0.0,0.08900217909301866,0.9109978209069813,expanding_prior_auc_min60,0.5121718898639214,UP,0.21963249399163576,1.0,-0.06943107762531964,0.4301193430176062,0.0,0.04435873126551848,0.21048684902597042,0.022284403714862178,False
2026-06-08,0.6075451119049423,0.625341499573287,0.35236538558153746,0.379750415058062,DOWN,0.24049916988387599,0.0,0.10032024075686065,0.8996797592431394,expanding_prior_auc_min60,0.35236538558153746,DOWN,0.2772576227982249,1.0,-0.10399264546233455,0.23310291847451287,0.0,0.005570980816359317,-0.044154704323712046,0.24049916988387599,False
2026-06-09,0.33059028617754993,0.5641878129153653,0.359775609337273,0.3818067156974047,DOWN,0.23638656860519058,0.0,0.10777784288067287,0.8922221571193272,expanding_prior_auc_min60,0.359775609337273,DOWN,0.2411459624833752,1.0,-0.08007627940094342,0.2315273402636792,0.0,0.0324118360349257,-0.009618622219696005,0.23638656860519058,False
2026-06-10,0.3423797404028246,0.2970711315440946,0.4956510171974908,0.4721704224091894,DOWN,0.055659155181621234,0.0,0.11824256374729054,0.8817574362527094,expanding_prior_auc_min60,0.4956510171974908,DOWN,0.27759758515500027,1.0,-0.10813309697722251,0.19609245655340768,0.0,0.0009242355974019567,-0.08150512860159259,0.055659155181621234,False
2026-06-11,0.3341462410199159,0.47416561267511365,0.3774243022708535,0.39011013541116296,DOWN,0.21977972917767408,0.0,0.13113149994865925,0.8688685000513408,expanding_prior_auc_min60,0.3774243022708535,DOWN,0.25422041375734455,1.0,-0.10895663097770203,0.16751925190225106,0.0,-0.02585408448233628,-0.0867011618550935,0.21977972917767408,False
2026-06-12,0.45356777711790197,0.41012820316005205,0.4693903466779815,0.46106202198298685,DOWN,0.0778759560340263,0.0,0.1405336391937113,0.8594663608062887,expanding_prior_auc_min60,0.4693903466779815,DOWN,0.1869498117296829,1.0,-0.08530810956714308,0.1937558770715256,0.0,-0.009478708972683103,0.006806065341842721,0.0778759560340263,False
2026-06-15,0.3697659271023655,0.3680564362147378,0.49128897237365554,0.473448804673802,DOWN,0.05310239065239597,0.0,0.14476832382032057,0.8552316761796794,expanding_prior_auc_min60,0.49128897237365554,DOWN,0.15075144700409704,1.0,-0.05669598725898517,0.22713608442193797,0.0,0.021505403408915047,0.07638463741784093,0.05310239065239597,False
2026-06-16,0.28656760327356506,0.3334114389666281,0.501172339520118,0.4775068601169787,DOWN,0.044986279766042636,0.0,0.14106671652965805,0.8589332834703419,expanding_prior_auc_min60,0.501172339520118,UP,0.17022726413927108,1.0,-0.0529931289587664,0.3410234059647932,0.0,0.02551523450328297,0.1707961418255221,0.044986279766042636,False
2026-06-17,0.38429682374039237,0.4870878369431432,0.5882289203465769,0.5742617216162428,UP,0.14852344323248556,0.0,0.13809619454659622,0.8619038054534038,expanding_prior_auc_min60,0.5882289203465769,UP,0.15815738516172637,1.0,-0.050196873675321996,0.26776094889705643,0.0,0.02854330376066838,0.10960356373533006,0.14852344323248556,False
2026-06-18,0.4153593447150081,0.6271103599000478,0.4291131269320614,0.4574488770646574,DOWN,0.08510224587068516,0.0,0.14311184912961689,0.8568881508703831,expanding_prior_auc_min60,0.4291131269320614,DOWN,0.16102207029158355,0.0,-0.037886353395579886,0.2779295146709052,1.0,0.07976073898636882,0.11690744437932166,0.08510224587068516,False
2026-06-22,0.6085710674894416,0.5547227580084054,0.41933480934366646,0.438651743359247,DOWN,0.12269651328150599,0.0,0.14267838611998646,0.8573216138800136,expanding_prior_auc_min60,0.41933480934366646,DOWN,0.15329081028691027,0.0,0.01761658891338236,0.2608473223021471,1.0,0.12953368387701336,0.1075565120152368,0.12269651328150599,False
2026-06-23,0.30961001393191934,0.6665346288734199,0.5284700324148206,0.5484064593734231,UP,0.09681291874684628,0.0,0.14439927012411727,0.8556007298758828,expanding_prior_auc_min60,0.5284700324148206,UP,0.16093462953721988,0.0,0.0030550598348104696,0.23741577541458164,1.0,0.10997962904981406,0.07648114587736177,0.09681291874684628,False
2026-06-24,0.5272453315047129,0.7058906065360046,0.42961309006961534,0.4702208390573891,DOWN,0.05955832188522181,0.0,0.1469817359991866,0.8530182640008134,expanding_prior_auc_min60,0.42961309006961534,DOWN,0.2700269607499169,0.0,-0.018924261066255332,0.168718539071938,1.0,0.08565733664788988,-0.10130842167797888,0.05955832188522181,False
2026-06-25,0.3208843829100808,0.6053630068084611,0.3965177552558053,0.4279282439464599,DOWN,0.1441435121070802,0.0,0.15040077979812297,0.8495992202018771,expanding_prior_auc_min60,0.3965177552558053,DOWN,0.20842125139424106,0.0,-0.018924261066255332,0.14004895853390018,1.0,0.08565733664788988,-0.06837229286034088,0.1441435121070802,False
2026-06-26,0.23592698341666393,0.3508458867661269,0.2601731147955443,0.27372611356980375,DOWN,0.4525477728603925,0.0,0.14947153902669405,0.8505284609733059,expanding_prior_auc_min60,0.2601731147955443,DOWN,0.2679952444156246,1.0,-0.05741621423413246,0.12197576843066088,0.0,0.04306218349077473,-0.14601947598496373,0.4525477728603925,False
2026-06-29,0.34265953842555474,0.6414740057991951,0.19889033983529175,0.2695438528135966,DOWN,0.4609122943728068,0.0,0.1596387720826264,0.8403612279173737,expanding_prior_auc_min60,0.19889033983529175,DOWN,0.21755833398643906,0.0,-0.04461687870271436,0.11313353498802928,1.0,0.057225914151370016,-0.10442479899840978,0.4609122943728068,False
2026-06-30,0.4247099317400124,0.5783595998461505,0.3798484005920165,0.4127833138155,DOWN,0.17443337236900003,0.0,0.16590959778203848,0.8340904022179615,expanding_prior_auc_min60,0.3798484005920165,DOWN,0.17962891827859384,0.0,-0.0090542457457633,0.1402184017396461,1.0,0.11468816815370464,-0.039410516538947754,0.17443337236900003,False
2026-07-01,0.2908407199591888,0.37429046638086977,0.3184147441117692,0.3282794554497259,DOWN,0.34344108910054816,0.0,0.1765473614899821,0.8234526385100179,expanding_prior_auc_min60,0.3184147441117692,DOWN,0.1766958830503876,0.0,0.0030456580517121967,0.18117110226320796,1.0,0.16040607741279111,0.004475219212820347,0.34344108910054816,False
2026-07-02,0.3816291541643374,0.5286788283770784,0.3930276415173786,0.41624760569388525,DOWN,0.1675047886122295,0.0,0.17117405836280963,0.8288259416371904,expanding_prior_auc_min60,0.3930276415173786,DOWN,0.19175981272982953,0.0,-0.002020152006058873,0.15596323086476696,1.0,0.16060608220749995,-0.03579658186506257,0.1675047886122295,False
2026-07-03,0.3236169215454263,0.5749453177695667,0.41351060184499094,0.44056617236269435,DOWN,0.1188676552746113,0.0,0.16759450012191993,0.8324054998780801,expanding_prior_auc_min60,0.41351060184499094,DOWN,0.18455192192026346,0.0,0.004048579088026694,0.15460473430934352,1.0,0.16295542895025084,-0.02994718761091994,0.1188676552746113,False
2026-07-06,0.3004626827635306,0.4770921366833435,0.32908770350327327,0.3543674596694108,DOWN,0.2912650806611784,0.0,0.17080404703405586,0.8291959529659442,expanding_prior_auc_min60,0.32908770350327327,DOWN,0.19040141275410696,0.0,0.022177446102500387,0.15469653009950934,1.0,0.1582660970513583,-0.03570488265459762,0.2912650806611784,False
2026-07-07,0.32822599860677726,0.6891547244585438,0.2315995711058373,0.30789424700068224,DOWN,0.3842115059986355,0.0,0.16674421725075228,0.8332557827492477,expanding_prior_auc_min60,0.2315995711058373,DOWN,0.21587508552579196,0.0,-0.003929269219441034,0.16226302510641694,1.0,0.12868363719756903,-0.053612060419375024,0.3842115059986355,False
2026-07-08,0.3960264554024097,0.5828383180930664,0.2177221812857913,0.28122266235067866,DOWN,0.43755467529864267,0.0,0.1739185827834441,0.8260814172165559,expanding_prior_auc_min60,0.2177221812857913,DOWN,0.20562575715856132,0.0,-0.001968455156468263,0.15639813768970862,1.0,0.1309055062677804,-0.04922761946885271,0.43755467529864267,False
2026-07-09,0.2892247215400806,0.4414600394317025,0.3049119773724118,0.3280450121319298,DOWN,0.34390997573614035,0.0,0.16941313124951882,0.8305868687504812,expanding_prior_auc_min60,0.3049119773724118,DOWN,0.24666114408485074,0.0,-0.00685599359086031,0.21952339272204893,1.0,0.12536726035149948,-0.027137751362801804,0.34390997573614035,False
2026-07-10,0.374947952965203,0.3293093581226032,0.2648992602064559,0.27610822668072044,DOWN,0.4477835466385591,0.0,0.17402498733749794,0.8259750126625021,expanding_prior_auc_min60,0.2648992602064559,DOWN,0.24933610105241277,0.0,-0.00685599359086031,0.19996326565470693,1.0,0.12536726035149948,-0.049372835397705844,0.4477835466385591,False
2026-07-13,0.26714316043564085,0.3490349354498259,0.30030838964205153,0.3091076854020787,DOWN,0.38178462919584255,0.0,0.18058525623261576,0.8194147437673842,expanding_prior_auc_min60,0.30030838964205153,DOWN,0.19518680438604408,0.0,-0.008797576045042499,0.23310646920678393,1.0,0.12316718331019527,0.03791966482073986,0.38178462919584255,False
2026-07-14,0.35626743114334725,0.3652016396646276,0.2267988953462749,0.252038351417718,DOWN,0.49592329716456396,0.0,0.18236239603304075,0.8176376039669593,expanding_prior_auc_min60,0.2267988953462749,DOWN,0.2178047158031309,0.0,-0.02028985801033878,0.31889334804781994,1.0,0.11014486450545946,0.10108863224468903,0.49592329716456396,False
2026-07-15,0.4100753372840668,0.5259700736544934,0.32980469361855325,0.3673754152545629,DOWN,0.2652491694908742,0.0,0.19152575051278764,0.8084742494872124,expanding_prior_auc_min60,0.32980469361855325,DOWN,0.1869919864115079,0.0,-0.008866916482367926,0.32473955116724995,1.0,0.13201972442851417,0.13774756475574204,0.2652491694908742,False
2026-07-16,0.34952575651305484,0.36621566230637626,0.2888747805838184,0.3034517610249843,DOWN,0.39309647795003144,0.0,0.1884770397815919,0.8115229602184081,expanding_prior_auc_min60,0.2888747805838184,DOWN,0.19548529029558992,0.0,-0.018737724617803764,0.23056215222130289,1.0,0.13313603373636895,0.035076861925712965,0.39309647795003144,False
2026-07-17,0.3511114683596357,0.35977175074929074,0.09004300016039643,0.14114233556244737,DOWN,0.7177153288751053,0.0,0.1894471215637436,0.8105528784362563,expanding_prior_auc_min60,0.09004300016039643,DOWN,0.3848144125165386,1.0,-0.08125578214591345,0.2352419888125517,1.0,0.06094181459479242,-0.14957242370398688,0.7177153288751053,False
2026-07-20,0.18643961099789355,0.1669035399627002,0.07725707573879464,0.09351782686881106,DOWN,0.8129643462623779,0.0,0.18138753458700554,0.8186124654129945,expanding_prior_auc_min60,0.07725707573879464,DOWN,0.505417587587901,1.0,-0.08715594885435718,0.17890571364622915,1.0,0.054128456260207125,-0.32651187394167186,0.8129643462623779,False
2026-07-21,0.43907181952140845,0.28298644613630386,0.21690980168306093,0.2284560010394018,DOWN,0.5430879979211964,0.0,0.17473949308232814,0.8252605069176718,expanding_prior_auc_min60,0.21690980168306093,DOWN,0.2618033660895109,1.0,-0.05057249581311474,0.27629584745007885,1.0,0.0963740718509909,0.014492481360567966,0.5430879979211964,False
2026-07-22,0.4353844525152273,0.16647407195262623,0.3216752486777174,0.29554288502357295,DOWN,0.4089142299528541,0.0,0.168377355156481,0.831622644843519,expanding_prior_auc_min60,0.3216752486777174,DOWN,0.20378149960364314,0.0,-0.04234846193632591,0.3019627386526051,1.0,0.10587097126539913,0.09818123904896195,0.4089142299528541,False
2026-07-23,0.3943598837583798,0.18483065496273401,0.2553522489979723,0.24323401394227637,DOWN,0.5135319721154472,0.0,0.1718372254835973,0.8281627745164027,expanding_prior_auc_min60,0.2553522489979723,DOWN,0.19340692996194686,0.0,-0.038647396856210436,0.20296586973273606,1.0,0.11014486450545946,0.009558939770789199,0.5135319721154472,False
2026-07-24,0.24624828028183118,0.1582991821461241,0.12366243283032735,0.1294395153439329,DOWN,0.7411209693121342,0.0,0.1667905512995352,0.8332094487004648,expanding_prior_auc_min60,0.12366243283032735,DOWN,0.2751800004978578,1.0,-0.0586565660794367,0.22262492971685624,1.0,0.08703879875648801,-0.05255507078100155,0.7411209693121342,False
2026-07-27,0.27676627405998216,0.2399965271383592,0.11591909593252779,0.13714733575051266,DOWN,0.7257053284989747,0.0,0.17108864691733863,0.8289113530826614,expanding_prior_auc_min60,0.11591909593252779,DOWN,0.23810677303557923,1.0,-0.05776520701821186,0.16465982703300827,1.0,0.08806811690782324,-0.07344694600257096,0.7257053284989747,False
2026-07-28,0.357978651445338,0.3020115414320128,0.0784830112886904,0.11907110233195486,DOWN,0.7618577953360903,0.0,0.181579018200675,0.818420981799325,expanding_prior_auc_min60,0.0784830112886904,DOWN,0.752720664105071,1.0,-0.10198557059763536,0.17841388314701484,0.0,0.037003596591629995,-0.5743067809580562,0.7618577953360903,False
2026-07-29,0.2715315718658272,0.251123654980118,0.0690792899578699,0.10043987951426717,DOWN,0.7991202409714657,0.0,0.17226893868736126,0.8277310613126387,expanding_prior_auc_min60,0.0690792899578699,DOWN,0.571832516770782,1.0,-0.12948385445278288,0.1664111389021578,0.0,0.005249296967666295,-0.40542137786862414,0.7991202409714657,False
2026-07-30,0.17483721054980714,0.12240812104344503,0.07104154858425318,0.07920725583353083,DOWN,0.8415854883329383,0.0,0.1589692840760379,0.8410307159239622,expanding_prior_auc_min60,0.07104154858425318,DOWN,0.8490962538446309,1.0,-0.13402959029851746,0.12517067625498482,0.0,-0.0748476652574862,-0.7239255775896462,0.8415854883329383,False
2026-07-31,0.4133031693642885,0.16123222128137435,0.139455549499644,0.14262583809380389,DOWN,0.7147483238123922,0.0,0.14558186971526174,0.8544181302847382,expanding_prior_auc_min60,0.139455549499644,DOWN,0.21760413260899109,1.0,-0.052681921376126484,0.21326218432010655,0.0,0.01819928560290629,-0.0043419482888845395,0.7147483238123922,False
2026-08-03,0.3936937909094623,0.14968869426221953,0.18408140652427513,0.1788062008729845,DOWN,0.642387598254031,0.0,0.15338149579760266,0.8466185042023974,expanding_prior_auc_min60,0.18408140652427513,DOWN,,,,,,,,0.642387598254031,True
2026-08-04,0.24387172731519005,0.2075045215676919,0.19056650349595455,0.19297939857600055,DOWN,0.6140412028479989,0.0,0.1424543928236875,0.8575456071763126,expanding_prior_auc_min60,0.19056650349595455,DOWN,,,,,,,,0.6140412028479989,True
2026-08-05,0.3048204627392567,0.1830192679357957,0.34728886276886073,0.3227767915120717,DOWN,0.35444641697585655,0.0,0.14921855308463397,0.8507814469153661,expanding_prior_auc_min60,0.34728886276886073,DOWN,,,,,,,,0.35444641697585655,True
2026-08-06,0.19259935928254482,0.12510519532059103,0.25991575985802956,0.23868565668747802,DOWN,0.522628686625044,0.0,0.15748100487076938,0.8425189951292306,expanding_prior_auc_min60,0.25991575985802956,DOWN,,,,,,,,0.522628686625044,True
2026-08-07,0.2312500325879835,0.26377958109093,0.18139028318572298,0.19509708496220068,DOWN,0.6098058300755986,0.0,0.16636628937229275,0.8336337106277072,expanding_prior_auc_min60,0.18139028318572298,DOWN,,,,,,,,0.6098058300755986,True
2026-08-10,0.30708131001209726,0.5222390582094478,0.21068283962595083,0.26542474148902884,DOWN,0.4691505170219423,0.0,0.17570473191632738,0.8242952680836726,expanding_prior_auc_min60,0.21068283962595083,DOWN,,,,,,,,0.4691505170219423,True
2026-08-11,0.2681713728723666,0.40491859478270936,0.20998923031354355,0.24567413747443484,DOWN,0.5086517250511303,0.0,0.18306583647912092,0.8169341635208791,expanding_prior_auc_min60,0.20998923031354355,DOWN,,,,,,,,0.5086517250511303,True
2026-08-12,0.29441203970753416,0.6412062900248423,0.21171216952925093,0.29253789448966533,DOWN,0.41492421102066934,0.0,0.18818819886789123,0.8118118011321088,expanding_prior_auc_min60,0.21171216952925093,DOWN,,,,,,,,0.41492421102066934,True
2026-08-13,0.38669258032355536,0.6694371363062057,0.16923391101535148,0.2667338949908791,DOWN,0.46653221001824186,0.0,0.19492074230195947,0.8050792576980406,expanding_prior_auc_min60,0.16923391101535148,DOWN,,,,,,,,0.46653221001824186,True
2026-08-14,0.299004306127035,0.4091624159020408,0.19347442027928607,0.23693022603283956,DOWN,0.5261395479343209,0.0,0.20147530987101886,0.7985246901289812,expanding_prior_auc_min60,0.19347442027928607,DOWN,,,,,,,,0.5261395479343209,True
2026-08-17,0.280230106188038,0.4090492659007118,0.17574230110279124,0.22359701658339873,DOWN,0.5528059668332026,0.0,0.2051148173911438,0.7948851826088562,expanding_prior_auc_min60,0.17574230110279124,DOWN,,,,,,,,0.5528059668332026,True
2026-08-18,0.13854228435416907,0.396403720619819,0.13969627314323924,0.1915321274357122,DOWN,0.6169357451285755,0.0,0.20192579063060537,0.7980742093693947,expanding_prior_auc_min60,0.13969627314323924,DOWN,,,,,,,,0.6169357451285755,True
2026-08-19,0.25886010165935014,0.48988354250360255,0.17019762941318456,0.23459217559474813,DOWN,0.5308156488105038,0.0,0.2014306653648221,0.7985693346351779,expanding_prior_auc_min60,0.17019762941318456,DOWN,,,,,,,,0.5308156488105038,True
2026-08-20,0.23493551612096256,0.5220988740576372,0.14687206803861708,0.22562112068754414,DOWN,0.5487577586249117,0.0,0.20987054065890828,0.7901294593410917,expanding_prior_auc_min60,0.14687206803861708,DOWN,,,,,,,,0.5487577586249117,True
2026-08-21,0.3010270282321209,0.36011559273140786,0.18211268346020848,0.22096733557789044,DOWN,0.5580653288442191,0.0,0.21828099482623797,0.781719005173762,expanding_prior_auc_min60,0.18211268346020848,DOWN,,,,,,,,0.5580653288442191,True
2026-08-24,0.31833927475245394,0.4241884503265039,0.16775057789968462,0.22296979293338515,DOWN,0.5540604141332297,0.0,0.21533174687158838,0.7846682531284116,expanding_prior_auc_min60,0.16775057789968462,DOWN,,,,,,,,0.5540604141332297,True
2026-08-25,0.32196501346976913,0.49883895647917076,0.14020381918802527,0.21638953292315283,DOWN,0.5672209341536943,0.0,0.21243237433614556,0.7875676256638544,expanding_prior_auc_min60,0.14020381918802527,DOWN,,,,,,,,0.5672209341536943,True
2026-08-26,0.1933110145997324,0.4225720008279297,0.22675194715006308,0.26761555835438655,DOWN,0.4647688832912269,0.0,0.20867939946307074,0.7913206005369292,expanding_prior_auc_min60,0.22675194715006308,DOWN,,,,,,,,0.4647688832912269,True
2026-08-27,0.26308119575406275,0.39280351826781834,0.3066150467608954,0.3243893482775404,DOWN,0.3512213034449192,0.0,0.2062259743777597,0.7937740256222403,expanding_prior_auc_min60,0.3066150467608954,DOWN,,,,,,,,0.3512213034449192,True
2026-08-28,0.23443113032977606,0.41885130952152094,0.2439579593814192,0.27949753942878264,DOWN,0.4410049211424347,0.0,0.2032071546396345,0.7967928453603655,expanding_prior_auc_min60,0.2439579593814192,DOWN,,,,,,,,0.4410049211424347,True
