date,prob_up_h1,prob_up_h5,prob_up_h20,ensemble_prob_up,direction,prob_magnitude,ensemble_weight_h1,ensemble_weight_h5,ensemble_weight_h20,horizon_ensemble_method,h20_prob_up,h20_direction,prob_fwd_mdd_gt5_h20,actual_fwd_mdd_gt5_h20,forward_mdd_h20,prob_fwd_mdd_gt8_h20,actual_fwd_mdd_gt8_h20,forward_mdd_gt8_h20,prob_fwd_gain_gt5_h20,actual_fwd_gain_gt5_h20,forward_gain_h20,tail_reward_risk_score_h20,confidence,is_live
2025-01-02,0.6168287069475031,0.5897720067478494,0.7314498155194458,0.6460168430715993,UP,0.2920336861431987,0.3333333333333333,0.3333333333333333,0.3333333333333333,expanding_prior_auc_min60,0.7314498155194458,UP,0.15755531507921908,0.0,0.0,0.05187783689977992,0.0,0.0,0.45558196503608406,1.0,0.06572776224889876,0.298026649956865,0.2920336861431987,False
2025-01-03,0.9460243277724696,0.8170606157309822,0.7399341504082876,0.8343396979705797,UP,0.6686793959411594,0.3333333333333333,0.3333333333333333,0.3333333333333333,expanding_prior_auc_min60,0.7399341504082876,UP,0.16344075916162923,0.0,-0.009302515111986875,0.05592155415550886,0.0,-0.009302515111986875,0.4167514262095551,1.0,0.05581381363531457,0.2533106670479258,0.6686793959411594,False
2025-01-06,0.9109775839969951,0.7162568138866048,0.751786233521998,0.7930068771351992,UP,0.5860137542703985,0.3333333333333333,0.3333333333333333,0.3333333333333333,expanding_prior_auc_min60,0.751786233521998,UP,0.1198432993187846,1.0,-0.05333332150031833,0.0577247827622878,0.0,-0.05333332150031833,0.2681521138565731,0.0,0.008888960873063567,0.14830881453778852,0.5860137542703985,False
2025-01-07,0.33831483514743427,0.4268608351297825,0.7225786393486434,0.49591810320862006,DOWN,0.00816379358275987,0.3333333333333333,0.3333333333333333,0.3333333333333333,expanding_prior_auc_min60,0.7225786393486434,UP,0.1416251533333863,1.0,-0.0575222499754815,0.06234622133734606,0.0,-0.0575222499754815,0.24172445206643603,0.0,0.004424703503007166,0.10009929873304974,0.00816379358275987,False
2025-01-08,0.4594525341350015,0.495464372654689,0.7568008688442083,0.5705725918779662,UP,0.14114518375593232,0.3333333333333333,0.3333333333333333,0.3333333333333333,expanding_prior_auc_min60,0.7568008688442083,UP,0.15080524778859938,0.0,-0.04072396963521763,0.05468443957026417,0.0,-0.04072396963521763,0.31007750026804426,0.0,0.02714931309014501,0.15927225247944488,0.14114518375593232,False
2025-01-09,0.4382327132109643,0.435388549330985,0.6662131962601552,0.5132781529340348,UP,0.026556305868069563,0.3333333333333333,0.3333333333333333,0.3333333333333333,expanding_prior_auc_min60,0.6662131962601552,UP,0.19863326604577916,0.0,-0.036363698248583765,0.06131183788096557,0.0,-0.036363698248583765,0.2787286029383865,0.0,0.03181809414783965,0.08009533689260737,0.026556305868069563,False
2025-01-10,0.5002127232418176,0.4150804735270195,0.6400469084497499,0.5184467017395289,UP,0.036893403479057785,0.3333333333333333,0.3333333333333333,0.3333333333333333,expanding_prior_auc_min60,0.6400469084497499,UP,0.23054864574690304,0.0,-0.036363698248583765,0.059591048039715135,0.0,-0.036363698248583765,0.2857771249519949,0.0,0.03181809414783965,0.055228479205091885,0.036893403479057785,False
2025-01-13,0.4762816093870936,0.525496648556758,0.7387527490855001,0.5801770023431172,UP,0.1603540046862344,0.3333333333333333,0.3333333333333333,0.3333333333333333,expanding_prior_auc_min60,0.7387527490855001,UP,0.30435356569313227,0.0,-0.01395359852662481,0.09215864443919604,0.0,-0.01395359852662481,0.43231581718142903,1.0,0.05581381363531457,0.12796225148829676,0.1603540046862344,False
2025-01-14,0.37754890716636946,0.5515310074004347,0.6669325271350335,0.5320041472339458,UP,0.06400829446789169,0.3333333333333333,0.3333333333333333,0.3333333333333333,expanding_prior_auc_min60,0.6669325271350335,UP,0.271186486276097,0.0,-0.027522927376394613,0.09958225218648303,0.0,-0.027522927376394613,0.34251910447645384,0.0,0.04128439106459192,0.07133261820035686,0.06400829446789169,False
2025-01-15,0.8307369657927937,0.9605085554200707,0.7516897864729264,0.8476451025619303,UP,0.6952902051238605,0.3333333333333333,0.3333333333333333,0.3333333333333333,expanding_prior_auc_min60,0.7516897864729264,UP,0.2460177132832637,0.0,-0.004694756457531257,0.07644151582055268,0.0,-0.004694756457531257,0.506698106294245,1.0,0.06572776224889876,0.26068039301098134,0.6952902051238605,False
2025-01-16,0.7518245858730599,0.8074597743182242,0.6123345480288985,0.7238729694067275,UP,0.44774593881345504,0.3333333333333333,0.3333333333333333,0.3333333333333333,expanding_prior_auc_min60,0.6123345480288985,UP,0.25065953560159543,0.0,-0.04072396963521763,0.08402446181662063,0.0,-0.04072396963521763,0.23800232364715898,0.0,0.02714931309014501,-0.012657211954436448,0.44774593881345504,False
2025-01-17,0.6094498167124868,0.5400311704082187,0.6467699501621212,0.5987503124276088,UP,0.19750062485521758,0.3333333333333333,0.3333333333333333,0.3333333333333333,expanding_prior_auc_min60,0.6467699501621212,UP,0.3098673720468874,1.0,-0.05803573418388408,0.08058322735584766,0.0,-0.05803573418388408,0.23407923428877653,0.0,0.01339285316322325,-0.07578813775811089,0.19750062485521758,False
2025-01-20,0.36013811123554995,0.4461295463677479,0.4559809534666393,0.42074953702331236,DOWN,0.15850092595337528,0.3333333333333333,0.3333333333333333,0.3333333333333333,expanding_prior_auc_min60,0.4559809534666393,DOWN,0.49554494915325886,1.0,-0.05803573418388408,0.07077039956903325,0.0,-0.05803573418388408,0.18957431409307784,0.0,0.01339285316322325,-0.305970635060181,0.15850092595337528,False
2025-01-21,0.7141456330579699,0.499886283276912,0.512356886819036,0.5754629343846392,UP,0.1509258687692785,0.3333333333333333,0.3333333333333333,0.3333333333333333,expanding_prior_auc_min60,0.512356886819036,UP,0.44018019126498653,1.0,-0.07142842020248119,0.08220165726473327,0.0,-0.07142842020248119,0.22555963660306463,0.0,0.01339285316322325,-0.2146205546619219,0.1509258687692785,False
2025-01-22,0.7525453803454475,0.5731469363359241,0.5648040643442196,0.6301654603418637,UP,0.26033092068372743,0.3333333333333333,0.3333333333333333,0.3333333333333333,expanding_prior_auc_min60,0.5648040643442196,UP,0.517149009047531,1.0,-0.10132151954130286,0.07800938856760485,1.0,-0.10132151954130286,0.19851368996533203,0.0,-0.008810643408538543,-0.318635319082199,0.26033092068372743,False
2025-02-03,0.47309955338363974,0.49962332631703976,0.6031184069557514,0.5252804288854769,UP,0.05056085777095376,0.3333333333333333,0.3333333333333333,0.3333333333333333,expanding_prior_auc_min60,0.6031184069557514,UP,0.5118778302058915,1.0,-0.0654205040643826,0.36380611704747146,0.0,-0.0654205040643826,0.42389594458684615,1.0,0.0514018162908183,-0.08798188561904535,0.05056085777095376,False
2025-02-04,0.5417055148526223,0.46788986254776765,0.6649466180882448,0.5581806651628782,UP,0.11636133032575646,0.3333333333333333,0.3333333333333333,0.3333333333333333,expanding_prior_auc_min60,0.6649466180882448,UP,0.6448672791677956,1.0,-0.08675799919443317,0.2845114541622507,1.0,-0.08675799919443317,0.32222675981132765,0.0,0.02739713693245882,-0.322640519356468,0.11636133032575646,False
2025-02-05,0.8180891606089793,0.5456456460508595,0.6642966691440504,0.6760104919346297,UP,0.3520209838692594,0.3333333333333333,0.3333333333333333,0.3333333333333333,expanding_prior_auc_min60,0.6642966691440504,UP,0.6449817959166327,1.0,-0.09909910315076098,0.4015661580328075,1.0,-0.09909910315076098,0.25121632308742525,0.0,0.013513396521776189,-0.3937654728292075,0.3520209838692594,False
2025-02-06,0.5232898786585416,0.4409891391390355,0.6135933017074284,0.5259574398350018,UP,0.05191487967000352,0.3333333333333333,0.3333333333333333,0.3333333333333333,expanding_prior_auc_min60,0.6135933017074284,UP,0.6186152133331141,1.0,-0.1031389492064203,0.2118497822960145,1.0,-0.1031389492064203,0.15032133664995365,0.0,0.008968570213337523,-0.46829387668316047,0.05191487967000352,False
2025-02-07,0.12524889298656594,0.23874236322345022,0.6109945833557205,0.32499527985524557,DOWN,0.35000944028950887,0.3333333333333333,0.3333333333333333,0.3333333333333333,expanding_prior_auc_min60,0.6109945833557205,UP,0.6497120720732281,1.0,-0.11288884905107166,0.3348261013779972,1.0,-0.11288884905107166,0.14854580053767538,0.0,-0.01333321944056387,-0.5011662715355527,0.35000944028950887,False
2025-02-10,0.41141594983802654,0.4224570933711372,0.6291393744042703,0.4876708058711446,DOWN,0.024658388257710828,0.3333333333333333,0.3333333333333333,0.3333333333333333,expanding_prior_auc_min60,0.6291393744042703,UP,0.6322985112518429,1.0,-0.12126695815586797,0.19031255539727876,1.0,-0.12126695815586797,0.35024174097846394,0.0,0.00452492316248132,-0.28205677027337894,0.024658388257710828,False
2025-02-11,0.61221023392826,0.3393062160154995,0.5909010176736226,0.5141391558724606,UP,0.028278311744921236,0.3333333333333333,0.3333333333333333,0.3333333333333333,expanding_prior_auc_min60,0.5909010176736226,UP,0.6389895028687038,1.0,-0.12522524669903334,0.24689576154892556,1.0,-0.12522524669903334,0.1737896099567396,0.0,-0.009008968492389968,-0.46519989291196423,0.028278311744921236,False
2025-02-12,0.32659120805170727,0.37123723536435244,0.651831140415927,0.4498865279439956,DOWN,0.10022694411200883,0.3333333333333333,0.3333333333333333,0.3333333333333333,expanding_prior_auc_min60,0.651831140415927,UP,0.6296323383249444,1.0,-0.12272733976929906,0.11349017235586645,1.0,-0.12272733976929906,0.2527947586862455,0.0,0.0,-0.37683757963869885,0.10022694411200883,False
2025-02-13,0.40864376838012906,0.4562018596969416,0.7014613632254566,0.5221023304341758,UP,0.04420466086835151,0.3333333333333333,0.3333333333333333,0.3333333333333333,expanding_prior_auc_min60,0.7014613632254566,UP,0.6591387478643111,1.0,-0.12018349915879334,0.298824084545627,1.0,-0.12018349915879334,0.2005714304977375,0.0,0.009174385456547363,-0.45856731736657363,0.04420466086835151,False
2025-02-14,0.7553396410163705,0.7552369972468115,0.7535767916335588,0.7547178099655802,UP,0.5094356199311605,0.3333333333333333,0.3333333333333333,0.3333333333333333,expanding_prior_auc_min60,0.7535767916335588,UP,0.4635524336065885,1.0,-0.09528303997174314,0.17334098862354572,1.0,-0.09528303997174314,0.40628256680374103,0.0,0.03773591570024126,-0.05726986680284746,0.5094356199311605,False
2025-02-17,0.4985066255136602,0.5421666313765694,0.6687125213359959,0.5697952594087419,UP,0.13959051881748374,0.3333333333333333,0.3333333333333333,0.3333333333333333,expanding_prior_auc_min60,0.6687125213359959,UP,0.6292101492603026,1.0,-0.11612911425922257,0.3242918006444674,1.0,-0.11612911425922257,0.2314175600615221,0.0,0.013824879491970199,-0.3977925891987805,0.13959051881748374,False
2025-02-18,0.33697398787498806,0.3668057457090236,0.7172681031076348,0.47368261223054875,DOWN,0.0526347755389025,0.3333333333333333,0.3333333333333333,0.3333333333333333,expanding_prior_auc_min60,0.7172681031076348,UP,0.6432259082202526,1.0,-0.1305118215205111,0.22591041714881044,1.0,-0.1305118215205111,0.23854291495493715,0.0,-0.0045454906450072,-0.4046829932653154,0.0526347755389025,False
2025-02-19,0.4078497815594001,0.41284528885182836,0.7204664331585326,0.5137205011899203,UP,0.027441002379840596,0.3333333333333333,0.3333333333333333,0.3333333333333333,expanding_prior_auc_min60,0.7204664331585326,UP,0.6445126093956128,1.0,-0.12253480182122911,0.27924699469727526,1.0,-0.12253480182122911,0.24302635310334048,0.0,0.004587192728273681,-0.40148625629227236,0.027441002379840596,False
2025-02-20,0.4344058986300249,0.44793210223599933,0.7397545124015423,0.5406975044225222,UP,0.08139500884504436,0.3333333333333333,0.3333333333333333,0.3333333333333333,expanding_prior_auc_min60,0.7397545124015423,UP,0.6019075965423666,1.0,-0.11441026301180668,0.22647985832473094,1.0,-0.11441026301180668,0.2972855323421579,0.0,0.013888766912309558,-0.3046220642002087,0.08139500884504436,False
2025-02-21,0.09158332568347588,0.25174010056864954,0.6324096472141713,0.3252443578220989,DOWN,0.34951128435580225,0.3333333333333333,0.3333333333333333,0.3333333333333333,expanding_prior_auc_min60,0.6324096472141713,UP,0.7001759688816075,1.0,-0.12654152418991405,0.482091127843074,1.0,-0.12654152418991405,0.22649225353383337,0.0,-0.01826475795497262,-0.4736837153477741,0.34951128435580225,False
2025-02-24,0.16460595673754683,0.30379471278439096,0.7623400169848367,0.4102468955022581,DOWN,0.17950620899548375,0.3333333333333333,0.3333333333333333,0.3333333333333333,expanding_prior_auc_min60,0.7623400169848367,UP,0.6888736783198982,1.0,-0.11029120846206253,0.32441923884643903,1.0,-0.11029120846206253,0.29416044144898956,0.0,-0.01395359852662481,-0.39471323687090865,0.17950620899548375,False
2025-02-25,0.3191771353038537,0.2855256921729179,0.7670015035771584,0.4572347770179766,DOWN,0.0855304459640468,0.3333333333333333,0.3333333333333333,0.3333333333333333,expanding_prior_auc_min60,0.7670015035771584,UP,0.347623910951652,1.0,-0.09342455541155104,0.35788665961105676,1.0,-0.09342455541155104,0.47483630604426014,0.0,0.004739374616428149,0.12721239509260812,0.0855304459640468,False
2025-02-26,0.6864470800642276,0.6768615475640211,0.7694963619394346,0.7109349965225611,UP,0.4218699930451222,0.3333333333333333,0.3333333333333333,0.3333333333333333,expanding_prior_auc_min60,0.7694963619394346,UP,0.45055457964850604,1.0,-0.09770088891505269,0.3002016243111091,1.0,-0.09770088891505269,0.4795313821668285,0.0,-0.018867781244481074,0.028976802518322464,0.4218699930451222,False
2025-02-27,0.2357556777150986,0.21667650776694278,0.7331946873535153,0.3952089576118522,DOWN,0.20958208477629559,0.3333333333333333,0.3333333333333333,0.3333333333333333,expanding_prior_auc_min60,0.7331946873535153,UP,0.46690033502592376,1.0,-0.08034911723780158,0.40947611924388155,1.0,-0.08034911723780158,0.5371810515695549,0.0,-0.019230860385565207,0.0702807165436311,0.20958208477629559,False
2025-03-03,0.23760521210163524,0.1806286012129582,0.7311742264549865,0.3831360132565267,DOWN,0.23372797348694663,0.3333333333333333,0.3333333333333333,0.3333333333333333,expanding_prior_auc_min60,0.7311742264549865,UP,0.45575999315158305,1.0,-0.10368493003357038,0.24715393490443271,1.0,-0.10368493003357038,0.46883795483471985,0.0,0.0,0.013077961683136796,0.23372797348694663,False
2025-03-04,0.7570636120826111,0.699405908122755,0.7645588992735638,0.7403428064929766,UP,0.48068561298595314,0.3333333333333333,0.3333333333333333,0.3333333333333333,expanding_prior_auc_min60,0.7645588992735638,UP,0.420899505736441,1.0,-0.08575859731307756,0.3241003123800337,1.0,-0.08575859731307756,0.582396679772032,0.0,0.020000034944368528,0.161497174035591,0.48068561298595314,False
2025-03-05,0.733545484259956,0.6825928421669679,0.7846235512899824,0.7335872925723022,UP,0.4671745851446043,0.3333333333333333,0.3333333333333333,0.3333333333333333,expanding_prior_auc_min60,0.7846235512899824,UP,0.402762516899515,1.0,-0.10368493003357038,0.35570780602549645,1.0,-0.10368493003357038,0.5893235135647831,0.0,-0.014705999309188034,0.1865609966652681,0.4671745851446043,False
2025-03-06,0.1988987391510273,0.21933003187029104,0.7657168340443066,0.3946485350218749,DOWN,0.21070292995625017,0.3333333333333333,0.3333333333333333,0.3333333333333333,expanding_prior_auc_min60,0.7657168340443066,UP,0.4125987912196393,1.0,-0.15228611815593562,0.3473391560243826,1.0,-0.15228611815593562,0.5224547759301914,0.0,0.0,0.10985598471055208,0.21070292995625017,False
2025-03-07,0.7317721461134109,0.5876989250370435,0.7797687221058854,0.6997465977521132,UP,0.39949319550422646,0.3333333333333333,0.3333333333333333,0.3333333333333333,expanding_prior_auc_min60,0.7797687221058854,UP,0.41631145318022894,1.0,-0.1842753681049285,0.2599876957637025,1.0,-0.1842753681049285,0.6368933034351204,0.0,-0.006965155842086679,0.22058185025489147,0.39949319550422646,False
2025-03-10,0.211483626977241,0.2534454840277563,0.7650648269054672,0.40999797930348814,DOWN,0.18000404139302373,0.3333333333333333,0.3333333333333333,0.3333333333333333,expanding_prior_auc_min60,0.7650648269054672,UP,0.5359716865975986,1.0,-0.20976070158852833,0.343347305545906,1.0,-0.20976070158852833,0.531287503474831,0.0,-0.003392520173921554,-0.004684183122767638,0.18000404139302373,False
2025-03-11,0.3163076921290839,0.30027715813424827,0.6233454997746083,0.4133101166793135,DOWN,0.173379766641373,0.3333333333333333,0.3333333333333333,0.3333333333333333,expanding_prior_auc_min60,0.6233454997746083,UP,0.5178175592188535,1.0,-0.1877870406233434,0.3626422088291822,1.0,-0.1877870406233434,0.6562330289407392,0.0,0.024319484178541018,0.13841546972188568,0.173379766641373,False
2025-03-12,0.8381532175695325,0.8178714149063924,0.4647167758443951,0.70691380277344,UP,0.4138276055468799,0.3333333333333333,0.3333333333333333,0.3333333333333333,expanding_prior_auc_min60,0.4647167758443951,DOWN,0.5021407373388996,1.0,-0.2017623638885615,0.20503150654531832,1.0,-0.2017623638885615,0.6449525927412126,0.0,0.006694554961401922,0.142811855402313,0.4138276055468799,False
2025-03-13,0.26100959122610773,0.3758783570343717,0.5216539391714163,0.3861806291439652,DOWN,0.22763874171206955,0.3333333333333333,0.3333333333333333,0.3333333333333333,expanding_prior_auc_min60,0.5216539391714163,UP,0.33119288499312416,1.0,-0.18273700288012995,0.2130649406914632,1.0,-0.18273700288012995,0.680853546167179,0.0,0.030688321312315026,0.3496606611740548,0.22763874171206955,False
2025-03-14,0.9271955920442834,0.8704417372823571,0.6882028899081257,0.8286134064115886,UP,0.6572268128231773,0.3333333333333333,0.3333333333333333,0.3333333333333333,expanding_prior_auc_min60,0.6882028899081257,UP,0.3663943726114148,1.0,-0.17762377372778615,0.16798052399931668,1.0,-0.17762377372778615,0.7822118531317791,0.0,0.03713685206690309,0.4158174805203643,0.6572268128231773,False
2025-03-17,0.8413412578255361,0.7790542618813588,0.4968401162122147,0.7057452119730365,UP,0.41149042394607305,0.3333333333333333,0.3333333333333333,0.3333333333333333,expanding_prior_auc_min60,0.4968401162122147,DOWN,0.304235538505603,1.0,-0.1869497323462107,0.12775417261884112,1.0,-0.1869497323462107,0.6893891048410155,0.0,0.02537545253342799,0.3851535663354125,0.41149042394607305,False
2025-03-18,0.2658767885133071,0.21845135990837772,0.41895053189623555,0.3010928934393068,DOWN,0.39781421312138643,0.3333333333333333,0.3333333333333333,0.3333333333333333,expanding_prior_auc_min60,0.41895053189623555,DOWN,0.4246992159628237,1.0,-0.19155501687492138,0.22240685766663915,1.0,-0.19155501687492138,0.5946751056866394,0.0,0.019567514333864278,0.16997588972381572,0.39781421312138643,False
2025-03-19,0.8608193855878162,0.7940504705765646,0.7767594218559333,0.8105430926734379,UP,0.6210861853468759,0.3333333333333333,0.3333333333333333,0.3333333333333333,expanding_prior_auc_min60,0.7767594218559333,UP,0.3481206913847191,1.0,-0.1754200904200366,0.19752899509162095,1.0,-0.1754200904200366,0.7397009215036144,0.0,0.0399160194306194,0.3915802301188953,0.6210861853468759,False
2025-03-20,0.4349508814572598,0.2970232204067894,0.29460301211133866,0.34219237132512925,DOWN,0.3156152573497415,0.3333333333333333,0.3333333333333333,0.3333333333333333,expanding_prior_auc_min60,0.29460301211133866,DOWN,0.3840084317650702,1.0,-0.2030456920010023,0.2629047466424122,1.0,-0.2030456920010023,0.6114739107764143,0.0,0.005076090277981837,0.22746547901134412,0.3156152573497415,False
2025-03-21,0.2025260454052565,0.3318125218281606,0.339845800956731,0.29139478939671604,DOWN,0.4172104212065679,0.3333333333333333,0.3333333333333333,0.3333333333333333,expanding_prior_auc_min60,0.339845800956731,DOWN,0.23354766514011177,1.0,-0.19238679360605127,0.19276473588477153,1.0,-0.19238679360605127,0.6355502111303747,0.0,0.018518522068539767,0.4020025459902629,0.4172104212065679,False
2025-03-24,0.9169997783138972,0.8638604298945566,0.2968775969296086,0.692579268379354,UP,0.38515853675870804,0.3333333333333333,0.3333333333333333,0.3333333333333333,expanding_prior_auc_min60,0.2968775969296086,DOWN,0.20680741657026253,1.0,-0.19238679360605127,0.1420309777406036,1.0,-0.19238679360605127,0.6835351750096622,0.0,0.018518522068539767,0.4767277584393997,0.38515853675870804,False
2025-03-25,0.3043453797522659,0.25897259199699385,0.2319646294456718,0.2650942003983105,DOWN,0.469811599203379,0.3333333333333333,0.3333333333333333,0.3333333333333333,expanding_prior_auc_min60,0.2319646294456718,DOWN,0.5390257755915004,1.0,-0.20707067284967684,0.30915411830631134,1.0,-0.20707067284967684,0.39308151002244474,0.0,-0.010100970176474822,-0.1459442655690557,0.469811599203379,False
2025-03-26,0.1581829371937307,0.2993555445089601,0.2586203223488308,0.23871960135050718,DOWN,0.5225607972989856,0.3333333333333333,0.3333333333333333,0.3333333333333333,expanding_prior_auc_min60,0.2586203223488308,DOWN,0.5371223682846439,1.0,-0.19897958957320816,0.31689509847190733,1.0,-0.19897958957320816,0.3497318498652572,0.0,-0.022449067416665303,-0.1873905184193867,0.5225607972989856,False
2025-03-27,0.2830952470268274,0.5547721495896087,0.33157274946708926,0.38981338202784177,DOWN,0.22037323594431646,0.3333333333333333,0.3333333333333333,0.3333333333333333,expanding_prior_auc_min60,0.33157274946708926,DOWN,0.5351576259908899,1.0,-0.1805844752150486,0.337086873668216,1.0,-0.1805844752150486,0.44975879660163454,0.0,-0.006263049505587315,-0.08539882938925536,0.22037323594431646,False
2025-03-28,0.15268567013542325,0.4218388646015264,0.6203064972590895,0.3982770106653464,DOWN,0.20344597866930725,0.3333333333333333,0.3333333333333333,0.3333333333333333,expanding_prior_auc_min60,0.6203064972590895,UP,0.5815975598122872,1.0,-0.1754200904200366,0.4799183888206627,1.0,-0.1754200904200366,0.5006529785775403,0.0,-0.008403211121553622,-0.0809445812347469,0.20344597866930725,False
2025-03-31,0.508595773191495,0.5465335991926583,0.4904380111044645,0.5151891278295393,UP,0.03037825565907859,0.3333333333333333,0.3333333333333333,0.3333333333333333,expanding_prior_auc_min60,0.4904380111044645,DOWN,0.5822416723339173,1.0,-0.13736266436423084,0.23720989347572602,1.0,-0.13736266436423084,0.6295518149025428,0.0,0.03736266436423086,0.047310142568625424,0.03037825565907859,False
2025-04-01,0.3810589662416799,0.29809329069715135,0.5902029519798021,0.4231184029728777,DOWN,0.15376319405424455,0.3333333333333333,0.3333333333333333,0.3333333333333333,expanding_prior_auc_min60,0.5902029519798021,UP,0.6309525974482864,1.0,-0.16843225106385107,0.4287212291757116,1.0,-0.16843225106385107,0.6238363463989883,0.0,0.00635580116953216,-0.007116251049298028,0.15376319405424455,False
2025-04-02,0.5932861039008668,0.37711327080322204,0.5612611434205184,0.5105535060415356,UP,0.021107012083071197,0.3333333333333333,0.3333333333333333,0.3333333333333333,expanding_prior_auc_min60,0.5612611434205184,UP,0.5285140037603985,1.0,-0.16666662270971655,0.3517625404888626,1.0,-0.16666662270971655,0.584715877119531,0.0,0.008492548703531444,0.056201873359132515,0.021107012083071197,False
2025-04-07,0.8237516737088649,0.7883477966568523,0.9194142840928466,0.8438379181528546,UP,0.6876758363057092,0.3333333333333333,0.3333333333333333,0.3333333333333333,expanding_prior_auc_min60,0.9194142840928466,UP,0.209732305936162,1.0,-0.07429242890486798,0.07532367979232397,0.0,-0.07429242890486798,0.8888104587370088,1.0,0.12028296618039525,0.6790781528008468,0.6876758363057092,False
2025-04-08,0.18077426347527653,0.25524197744488164,0.9184800831021916,0.4514987746741166,DOWN,0.09700245065176683,0.3333333333333333,0.3333333333333333,0.3333333333333333,expanding_prior_auc_min60,0.9184800831021916,UP,0.31898389018127127,0.0,-0.037990115950750414,0.08699479181308792,0.0,-0.037990115950750414,0.749813540945991,1.0,0.1642156984009342,0.4308296507647197,0.09700245065176683,False
2025-04-09,0.6724424456191483,0.7722673591736774,0.8577887034695302,0.7674995027541186,UP,0.5349990055082372,0.3333333333333333,0.3333333333333333,0.3333333333333333,expanding_prior_auc_min60,0.8577887034695302,UP,0.33664584935384273,0.0,0.039490359278684384,0.06809658133767388,0.0,0.039490359278684384,0.794932270523002,1.0,0.21019099460867152,0.45828642116915924,0.5349990055082372,False
2025-04-10,0.15887852950280257,0.18416289960001822,0.8500199556301944,0.3976871282443384,DOWN,0.20462574351132323,0.3333333333333333,0.3333333333333333,0.3333333333333333,expanding_prior_auc_min60,0.8500199556301944,UP,0.35535039677321634,1.0,-0.05446113697277477,0.14524311946634738,0.0,-0.05446113697277477,0.8940142540830386,1.0,0.1008111877844664,0.5386638573098222,0.20462574351132323,False
2025-04-11,0.7137901904576901,0.5182677017194648,0.8513195389706862,0.7137901904576901,UP,0.4275803809153802,1.0,0.0,0.0,expanding_prior_auc_min60,0.8513195389706862,UP,0.31192312422430324,1.0,-0.08211480631027102,0.07294838033399866,1.0,-0.08211480631027102,0.8132322829154325,1.0,0.0764904269852833,0.5013091586911292,0.4275803809153802,False
2025-04-14,0.3200039495124522,0.5408231158362534,0.8670603648706713,0.3200039495124522,DOWN,0.3599921009750956,1.0,0.0,0.0,expanding_prior_auc_min60,0.8670603648706713,UP,0.3172891399746265,1.0,-0.05664739975705557,0.08648911852933863,0.0,-0.05664739975705557,0.8927718785594734,1.0,0.12023128908112146,0.5754827385848469,0.3599921009750956,False
2025-04-15,0.5599288428227909,0.5189551820676159,0.8753801739186938,0.5599288428227909,UP,0.11985768564558175,1.0,0.0,0.0,expanding_prior_auc_min60,0.8753801739186938,UP,0.2650484504682638,1.0,-0.06955530596197135,0.07357615277211713,0.0,-0.06955530596197135,0.9002101814640671,1.0,0.1391106119239427,0.6351617309958033,0.11985768564558175,False
2025-04-16,0.15600104530177297,0.5157657845651393,0.9297763949672513,0.15600104530177297,DOWN,0.6879979093964541,1.0,0.0,0.0,expanding_prior_auc_min60,0.9297763949672513,UP,0.20078079972814813,0.0,-0.045614079694078935,0.0693552217777616,0.0,-0.045614079694078935,0.899250563580382,1.0,0.16842101057415415,0.6984697638522339,0.6879979093964541,False
2025-04-17,0.5150559659709111,0.8082161309211795,0.9241450781478215,0.6324504340260588,UP,0.26490086805211766,0.5995551848762859,0.4004448151237141,0.0,expanding_prior_auc_min60,0.9241450781478215,UP,0.1966672582045071,0.0,-0.03659976014967692,0.05829515888199334,0.0,-0.03659976014967692,0.9427926520388499,1.0,0.1794569239584718,0.7461253938343428,0.26490086805211766,False
2025-04-18,0.5630146754936431,0.8131113637065474,0.9088349233803085,0.6643662368283995,UP,0.3287324736567989,0.594750486066105,0.40524951393389497,0.0,expanding_prior_auc_min60,0.9088349233803085,UP,0.20108123036320985,0.0,-0.039999962002575384,0.05302629727572483,0.0,-0.039999962002575384,0.9315696924588984,1.0,0.17529417679237147,0.7304884620956886,0.3287324736567989,False
2025-04-21,0.43408437454316245,0.729736758500214,0.9046454030168016,0.5534673147418566,UP,0.10693462948371324,0.5962050479659365,0.4037949520340635,0.0,expanding_prior_auc_min60,0.9046454030168016,UP,0.20531637493003785,0.0,-0.02275455667242432,0.0608432539012127,0.0,-0.02275455667242432,0.9065875911657342,1.0,0.19640711810353095,0.7012712162356963,0.10693462948371324,False
2025-04-22,0.8846398325826006,0.8641926395902999,0.8918182554586248,0.8763640986477764,UP,0.7527281972955528,0.5952630789986508,0.40473692100134917,0.0,expanding_prior_auc_min60,0.8918182554586248,UP,0.27738290032063356,0.0,0.058823618960744506,0.05482329051327399,0.0,0.058823618960744506,0.9420103984733412,1.0,0.22426471903485945,0.6646274981527076,0.7527281972955528,False
2025-04-23,0.9144027988926209,0.841173508251038,0.8907503115954942,0.8850674759685162,UP,0.7701349519370324,0.5994045187780811,0.4005954812219189,0.0,expanding_prior_auc_min60,0.8907503115954942,UP,0.19837181575474389,0.0,-0.01030917419743893,0.0540029590229976,0.0,-0.01030917419743893,0.8152581209004067,1.0,0.14432993284736262,0.6168863051456628,0.7701349519370324,False
2025-04-24,0.8852352743167251,0.826138894609371,0.9052843894435885,0.8622221658011069,UP,0.7244443316022138,0.6105834464043419,0.389416553595658,0.0,expanding_prior_auc_min60,0.9052843894435885,UP,0.11388877235374055,0.0,0.02777770988362649,0.043094961619517716,0.0,0.02777770988362649,0.9336471499900045,1.0,0.15624991463308913,0.819758377636264,0.7244443316022138,False
2025-04-25,0.7614258231676915,0.5987755230072817,0.8373359743579021,0.6928470751891348,UP,0.3856941503782696,0.5783669141039237,0.4216330858960763,0.0,expanding_prior_auc_min60,0.8373359743579021,UP,0.14669357879885014,0.0,0.0101351722343479,0.044922027541089496,0.0,0.0101351722343479,0.786636071157986,1.0,0.12499999125687333,0.6399424923591358,0.3856941503782696,False
2025-04-28,0.5233845437997039,0.4681315529512131,0.8128279404990298,0.4996294633713728,DOWN,0.0007410732572543655,0.5700670667137309,0.4299329332862691,0.0,expanding_prior_auc_min60,0.8128279404990298,UP,0.16277183834302375,0.0,0.0055742177576039165,0.04637323974308653,0.0,0.0055742177576039165,0.6999983756208723,1.0,0.11371232502324657,0.5372265372778485,0.0007410732572543655,False
2025-04-29,0.23650260651735888,0.6064653008459728,0.800940981458604,0.39821026520258523,DOWN,0.20357946959482953,0.5629082035455395,0.4370917964544605,0.0,expanding_prior_auc_min60,0.800940981458604,UP,0.12843881757409575,0.0,0.006651816452007964,0.0415274920163526,0.0,0.006651816452007964,0.7144320257579063,1.0,0.10753866333883044,0.5859932081838106,0.20357946959482953,False
2025-04-30,0.5980526655390108,0.6222231201047044,0.8435716960318589,0.6090082553891529,UP,0.21801651077830586,0.5467362924281983,0.45326370757180173,0.0,expanding_prior_auc_min60,0.8435716960318589,UP,0.13998155799203463,0.0,0.01101317201393881,0.04232532580114296,0.0,0.01101317201393881,0.6692735117695185,1.0,0.1002202005082582,0.529291953777484,0.21801651077830586,False
2025-05-02,0.8653528992134687,0.7049659665880019,0.7465599257092724,0.7884334596799119,UP,0.5768669193598237,0.5204133012932041,0.47958669870679593,0.0,expanding_prior_auc_min60,0.7465599257092724,UP,0.11989372251426239,0.0,-0.033684196073854755,0.04709736649538014,0.0,-0.033684196073854755,0.5539450748425196,1.0,0.051578947712527246,0.43405135232825726,0.5768669193598237,False
2025-05-05,0.4496455427736788,0.6430192215252948,0.7789388797694826,0.5442506444480117,UP,0.08850128889602349,0.5107653622505108,0.4892346377494892,0.0,expanding_prior_auc_min60,0.7789388797694826,UP,0.12294916783204653,0.0,-0.0213220090592251,0.045738047875658695,0.0,-0.0213220090592251,0.6347563647766993,1.0,0.06503191573752631,0.5118071969446527,0.08850128889602349,False
2025-05-06,0.2388169305671711,0.5945362072903388,0.8410723657757275,0.41903345420716415,DOWN,0.1619330915856717,0.4933743110575269,0.5066256889424731,0.0,expanding_prior_auc_min60,0.8410723657757275,UP,0.1184930545063836,0.0,-0.0021739583940239005,0.044584954890994684,0.0,-0.0021739583940239005,0.6388445317084683,1.0,0.08586949998011773,0.5203514772020847,0.1619330915856717,False
2025-05-07,0.868743561332693,0.8045662109098246,0.7637798295440061,0.8367000462391319,UP,0.6734000924782637,0.5007036768825064,0.4992963231174936,0.0,expanding_prior_auc_min60,0.7637798295440061,UP,0.11205846659675983,0.0,-0.01077588630229187,0.037403298198004115,0.0,-0.01077588630229187,0.6130297095066862,1.0,0.07650857856982607,0.5009712429099265,0.6734000924782637,False
2025-05-08,0.7418144636089699,0.7744312987595081,0.7689388563399617,0.7587021533321503,UP,0.5174043066643006,0.48224008720534123,0.5177599127946587,0.0,expanding_prior_auc_min60,0.7689388563399617,UP,0.08568047408085898,0.0,0.030501185727962454,0.03925696792338471,0.0,0.030501185727962454,0.6182943235060266,1.0,0.08823527819782884,0.5326138494251677,0.5174043066643006,False
2025-05-09,0.5825614412700746,0.375987915490054,0.5762621175404916,0.5121526322599377,UP,0.024305264519875358,0.2860266841967574,0.32910509334102517,0.38486822246221747,expanding_prior_auc_min60,0.5762621175404916,UP,0.12737795744658933,0.0,-0.0031611248208740506,0.03943646887174216,0.0,-0.0031611248208740506,0.37801275880261087,1.0,0.059009474080694124,0.25063480135602156,0.024305264519875358,False
2025-05-12,0.8571980125518499,0.7734388250194251,0.5663335961224728,0.7134225537159412,UP,0.4268451074318824,0.28359530082899015,0.31192440799200477,0.40448029117900514,expanding_prior_auc_min60,0.5663335961224728,UP,0.13446274924815724,0.0,-0.011494200653601627,0.04069720943124269,0.0,-0.011494200653601627,0.3525868491338634,1.0,0.09195405954247882,0.21812409988570616,0.4268451074318824,False
2025-05-13,0.8917731802931891,0.7198914964661378,0.5560026236745687,0.6988852834926894,UP,0.3977705669853788,0.27568939867889936,0.3070023981057133,0.4173082032153874,expanding_prior_auc_min60,0.5560026236745687,UP,0.1389464363802636,0.0,-0.023735760501899295,0.049237823710080425,0.0,-0.023735760501899295,0.36855903496161724,1.0,0.09907115920784615,0.22961259858135363,0.3977705669853788,False
2025-05-14,0.46603431966060815,0.5314969888320326,0.6626046034979161,0.5690992153156833,UP,0.1381984306313666,0.27477186652522295,0.30122891404521623,0.4239992194295608,expanding_prior_auc_min60,0.6626046034979161,UP,0.21388948481447806,1.0,-0.053052950613287186,0.04374364093533077,0.0,-0.053052950613287186,0.26853917376652015,1.0,0.0660660804424853,0.054649688952042086,0.1381984306313666,False
2025-05-15,0.21171586814617757,0.21074645309820503,0.2583148049761491,0.23130186062135277,DOWN,0.5373962787572945,0.27446521056195267,0.2990046277468335,0.4265301616912138,expanding_prior_auc_min60,0.2583148049761491,DOWN,0.2621790014114441,0.0,-0.04733127451178465,0.050450953308477896,0.0,-0.04733127451178465,0.2902212448492282,1.0,0.07250750165926889,0.028042243437784053,0.5373962787572945,False
2025-05-16,0.29751959926026816,0.2993468045578836,0.6740920073538355,0.460167895759397,DOWN,0.07966420848120603,0.2703523690986926,0.2991815988374114,0.43046603206389594,expanding_prior_auc_min60,0.6740920073538355,UP,0.2810036726461925,1.0,-0.05210411549989258,0.045512692127707,0.0,-0.05210411549989258,0.2588054388358387,1.0,0.06713427209161482,-0.02219823381035385,0.07966420848120603,False
2025-05-19,0.3459579475676098,0.447783586629036,0.2638589060482579,0.3387552361929304,DOWN,0.3224895276141392,0.2595087163232964,0.29137423590672407,0.4491170477699795,expanding_prior_auc_min60,0.2638589060482579,DOWN,0.3608741967537153,0.0,-0.038617809330196096,0.05867408806491909,0.0,-0.038617809330196096,0.28748480200067833,1.0,0.0823170571980123,-0.07338939475303696,0.3224895276141392,False
2025-05-20,0.39151127990601925,0.4716229292504765,0.2585569248248851,0.35510758518986335,DOWN,0.2897848296202733,0.2587631440275117,0.2916794427134304,0.4495574132590579,expanding_prior_auc_min60,0.2585569248248851,DOWN,0.31839049370662154,0.0,-0.032719819387333704,0.05529756867811386,0.0,-0.032719819387333704,0.25145246056804677,1.0,0.08895697125123081,-0.06693803313857477,0.2897848296202733,False
2025-05-21,0.2593399812265611,0.2694131398263647,0.2589496014208099,0.2621122334628204,DOWN,0.47577553307435916,0.256934678231934,0.2926667646774073,0.45039855709065874,expanding_prior_auc_min60,0.2589496014208099,DOWN,0.39498016659099855,0.0,-0.04444436915817784,0.07105765682532249,0.0,-0.04444436915817784,0.24301114486503347,1.0,0.07575755864706069,-0.15196902172596508,0.47577553307435916,False
2025-05-22,0.4408420495185104,0.3574571624317695,0.31416760894472573,0.3585421384693662,DOWN,0.28291572306126755,0.2508303288166403,0.2910803398936752,0.4580893312896845,expanding_prior_auc_min60,0.31416760894472573,DOWN,0.31803605325386525,0.0,-0.036659759803065795,0.04943819190683095,0.0,-0.036659759803065795,0.30189557004135353,1.0,0.0845214150721425,-0.016140483212511714,0.28291572306126755,False
2025-05-23,0.20156099799387076,0.38887544309982464,0.352943712979536,0.3254536695259747,DOWN,0.3490926609480506,0.2509348677569096,0.29214173870579674,0.45692339353729367,expanding_prior_auc_min60,0.352943712979536,DOWN,0.36551838380644575,0.0,-0.038617809330196096,0.07303783651336893,0.0,-0.038617809330196096,0.2918670808379093,1.0,0.0823170571980123,-0.07365130296853645,0.3490926609480506,False
2025-05-26,0.2026572596708338,0.6912393575171485,0.31615524555119057,0.3986411740300896,DOWN,0.20271765193982083,0.24621875454638525,0.29441732582878966,0.4593639196248251,expanding_prior_auc_min60,0.31615524555119057,DOWN,0.4147302180603864,0.0,-0.03073764649581001,0.05682176758034812,0.0,-0.03073764649581001,0.3219497515913162,1.0,0.09118848703302085,-0.09278046646907018,0.20271765193982083,False
2025-05-27,0.8967946466873151,0.8589202673991977,0.5117928419670746,0.7090367425495097,UP,0.4180734850990193,0.24900246400634654,0.2920469404974403,0.4589505954962132,expanding_prior_auc_min60,0.5117928419670746,UP,0.3706431753300682,0.0,-0.01968898457370849,0.04877240657865131,0.0,-0.01968898457370849,0.3971956382933607,1.0,0.11351341540203919,0.0265524629632925,0.4180734850990193,False
2025-05-28,0.6276693361651184,0.7338512712613908,0.5347235524946842,0.6157068764361964,UP,0.23141375287239274,0.25197730260604123,0.2890762593984772,0.45894643799548157,expanding_prior_auc_min60,0.5347235524946842,UP,0.3919250326309238,0.0,-0.02171655750216228,0.060070375468052065,0.0,-0.02171655750216228,0.3688255088942177,1.0,0.11640288581217706,-0.023099523736706096,0.23141375287239274,False
2025-05-29,0.27285852160977503,0.6686018295794871,0.4721294726013253,0.47808076925092735,DOWN,0.0438384614981453,0.2548369719144918,0.28875768206473806,0.4564053460207702,expanding_prior_auc_min60,0.4721294726013253,DOWN,0.38268504936666126,0.0,-0.02171655750216228,0.05830247826929396,0.0,-0.02171655750216228,0.38934530357914576,1.0,0.12159555954585755,0.0066602542124845066,0.0438384614981453,False
2025-06-02,0.8702764487720703,0.8295778888672651,0.579965236338274,0.7250397381643479,UP,0.4500794763286957,0.2491204965090614,0.291459698478102,0.4594198050128366,expanding_prior_auc_min60,0.579965236338274,UP,0.22136000843388037,0.0,0.004228220844717079,0.06334148231231447,0.0,0.004228220844717079,0.5803555712927029,1.0,0.1464934504892601,0.3589955628588225,0.4500794763286957,False
2025-06-03,0.8969218759841713,0.8421581103357946,0.6943594145481715,0.7885744643431484,UP,0.5771489286862967,0.25179948865405927,0.29235660947221276,0.45584390187372803,expanding_prior_auc_min60,0.6943594145481715,UP,0.19804008074941126,0.0,0.04210529412745401,0.06379229970238687,0.0,0.04210529412745401,0.5235877387403546,1.0,0.14695169810309205,0.3255476579909433,0.5771489286862967,False
2025-06-04,0.662380765532402,0.4538936685833753,0.59839390396875,0.573516874893035,UP,0.1470337497860701,0.25737455450887153,0.28612838556846776,0.4564970599226607,expanding_prior_auc_min60,0.59839390396875,UP,0.24986667306030108,0.0,0.005050579196070659,0.053503463748335034,0.0,0.005050579196070659,0.40608650614041114,1.0,0.10061018264322796,0.15621983308011006,0.1470337497860701,False
2025-06-05,0.5649178738776913,0.5760413108099032,0.8011426807989827,0.6750898532319762,UP,0.35017970646395247,0.25932764894368104,0.28784011296366707,0.4528322380926519,expanding_prior_auc_min60,0.8011426807989827,UP,0.26380471221212237,0.0,-0.003005919294188031,0.04378511335487483,0.0,-0.003005919294188031,0.3461011222167726,1.0,0.09681880646600938,0.08229641000465021,0.35017970646395247,False
2025-06-06,0.3607952455143788,0.34655077616415586,0.5658670547267071,0.4485654060459497,DOWN,0.10286918790810062,0.2600950613455762,0.29164950409818996,0.44825543455623384,expanding_prior_auc_min60,0.5658670547267071,UP,0.24412669224983174,0.0,0.010050148367656053,0.05271512113431448,0.0,0.010050148367656053,0.38725502844881515,1.0,0.10012569552020567,0.1431283361989834,0.10286918790810062,False
2025-06-09,0.8613820779094922,0.6806238907142057,0.8014774616130993,0.7813893347129026,UP,0.5627786694258052,0.2572571723796585,0.293735789824479,0.4490070377958625,expanding_prior_auc_min60,0.8014774616130993,UP,0.33837122080809834,0.0,0.019232090846210026,0.048807894741041635,0.0,0.019232090846210026,0.38159657545086245,1.0,0.08917928213576398,0.04322535464276411,0.5627786694258052,False
2025-06-10,0.775197841530148,0.660263765215295,0.7947791529722665,0.7484876262653393,UP,0.49697525253067854,0.25768175295384715,0.3066249946355991,0.43569325241055373,expanding_prior_auc_min60,0.7947791529722665,UP,0.3683912838870559,0.0,-0.019781663499888746,0.03644924982595957,0.0,-0.019781663499888746,0.38650430137724723,0.0,0.04748811745037296,0.01811301749019134,0.49697525253067854,False
2025-06-11,0.47212294040230907,0.5323018093524274,0.7557707249341956,0.6097356376637666,UP,0.2194712753275332,0.26595237608364863,0.31591993373896676,0.4181276901773846,expanding_prior_auc_min60,0.7557707249341956,UP,0.44234876760380937,0.0,-0.03818944711959882,0.044309050856705764,0.0,-0.03818944711959882,0.3687027759822863,0.0,0.027817056532362994,-0.07364599162152308,0.2194712753275332,False
2025-06-12,0.6283800576401026,0.7056766625715156,0.7945149332744063,0.7202779153662463,UP,0.4405558307324926,0.27668650085543645,0.3182157900551252,0.4050977090894384,expanding_prior_auc_min60,0.7945149332744063,UP,0.2495322899298828,0.0,-0.023923326038931436,0.03570948415199215,0.0,-0.023923326038931436,0.41425582815400674,1.0,0.0526316723979825,0.16472353822412394,0.4405558307324926,False
2025-06-13,0.2584026997550959,0.42016897154676663,0.7915470206208618,0.5223163125767056,UP,0.044632625153411265,0.28005604816121527,0.3229065819637845,0.39703736987500016,expanding_prior_auc_min60,0.7915470206208618,UP,0.263328906341737,0.0,-0.009708807822097598,0.04630092534084484,0.0,-0.009708807822097598,0.374654259871319,1.0,0.06796105428167887,0.111325353529582,0.044632625153411265,False
2025-06-16,0.8046943766842359,0.7099188629887665,0.7963271008835316,0.7705514954789543,UP,0.5411029909579086,0.2886489962758518,0.3262514298734684,0.38509957385067983,expanding_prior_auc_min60,0.7963271008835316,UP,0.21089679884988188,0.0,-0.0048780240557148025,0.0407021757295918,0.0,-0.0048780240557148025,0.43438033530566567,1.0,0.07317072287704107,0.22348353645578378,0.5411029909579086,False
2025-06-17,0.3642883787915226,0.5196516332424517,0.7911499872608646,0.5767670343168712,UP,0.1535340686337423,0.2929358030196904,0.32906241811945197,0.3780017788608576,expanding_prior_auc_min60,0.7911499872608646,UP,0.32986495981141967,0.0,-0.023923326038931436,0.05216853995218261,0.0,-0.023923326038931436,0.3793025956922544,1.0,0.06220112118433274,0.04943763588083472,0.1535340686337423,False
2025-06-18,0.731269058051112,0.5428755475401743,0.7903988627385605,0.6887945949521688,UP,0.37758918990433754,0.30360751422435095,0.33795610204080534,0.3584363837348437,expanding_prior_auc_min60,0.7903988627385605,UP,0.434267882261674,0.0,-0.03317530543891256,0.03786271274414378,0.0,-0.03317530543891256,0.3982686908332477,1.0,0.07109004072518843,-0.035999191428426336,0.37758918990433754,False
2025-06-19,0.7394957073178218,0.7053718889648957,0.7951255164722325,0.7467103981465852,UP,0.4934207962931705,0.30777828737353335,0.3486596787926833,0.34356203383378336,expanding_prior_auc_min60,0.7951255164722325,UP,0.275661185387356,0.0,-0.014492798657613881,0.039678881100012525,0.0,-0.014492798657613881,0.5021825991633526,1.0,0.09178732645009857,0.2265214137759966,0.4934207962931705,False
2025-06-20,0.3177936455272845,0.41527850614831424,0.7686015352914655,0.5014964442831472,UP,0.002992888566294427,0.3137737328848584,0.35563324849724454,0.3305930186178971,expanding_prior_auc_min60,0.7686015352914655,UP,0.38055126048381094,0.0,-0.03317530543891256,0.0487208493432586,0.0,-0.03317530543891256,0.3539030451832614,1.0,0.09478683821568934,-0.02664821530054956,0.002992888566294427,False
2025-06-23,0.7184820327250955,0.8022204911505417,0.795164266975482,0.7725644544166282,UP,0.5451289088332565,0.3275333120850315,0.3565892382145465,0.315877449700422,expanding_prior_auc_min60,0.795164266975482,UP,0.2683076383196672,0.0,0.0294116148992849,0.04159970229866343,0.0,0.0294116148992849,0.45581202527199854,1.0,0.13235299467882689,0.18750438695233135,0.5451289088332565,False
2025-06-24,0.897354313596974,0.8800444214598686,0.7893264578472371,0.8585807487578339,UP,0.7171614975156677,0.33991263147923356,0.358630825627512,0.3014565428932544,expanding_prior_auc_min60,0.7893264578472371,UP,0.19454647822956872,0.0,0.009523880208075708,0.0443691082976382,0.0,0.009523880208075708,0.4878509409584196,1.0,0.1000002120527983,0.29330446272885086,0.7171614975156677,False
2025-06-25,0.7898661187257731,0.7893242751829481,0.784490319303409,0.7881354032039734,UP,0.5762708064079467,0.35093403248824734,0.36378754280103504,0.2852784247107176,expanding_prior_auc_min60,0.784490319303409,UP,0.26686979568109376,0.0,-0.009345862459072873,0.047270163159892124,0.0,-0.009345862459072873,0.4108228888683284,1.0,0.07943931067920529,0.14395309318723465,0.5762708064079467,False
2025-06-26,0.5561175424201213,0.551646221693411,0.7429107455919175,0.6050941183828014,UP,0.21018823676560272,0.36167365532579443,0.3673365305593268,0.27098981411487877,expanding_prior_auc_min60,0.7429107455919175,UP,0.2983465981479492,0.0,-0.013953532793460122,0.038163781038932275,0.0,-0.013953532793460122,0.39600367876080683,1.0,0.0744186881419251,0.0976570806128576,0.21018823676560272,False
2025-06-27,0.4451770119738724,0.48594459321516015,0.7228410877826681,0.5318553488339991,UP,0.0637106976679982,0.3687137622967081,0.3740332800801294,0.2572529576231624,expanding_prior_auc_min60,0.7228410877826681,UP,0.375206760775438,0.0,-0.018518652142296532,0.04370324819982862,0.0,-0.018518652142296532,0.41391833443515386,1.0,0.06944443012761115,0.03871157365971584,0.0637106976679982,False
2025-06-30,0.6500548416383995,0.7022295416221699,0.773123027513512,0.7000250980850891,UP,0.4000501961701781,0.3777278370959904,0.37537510573646965,0.24689705716753998,expanding_prior_auc_min60,0.773123027513512,UP,0.19975179924854292,0.0,0.01886806324207524,0.041352421729844796,0.0,0.01886806324207524,0.5528104543286634,1.0,0.08962277526914408,0.35305865508012046,0.4000501961701781,False
2025-07-01,0.3610486197020792,0.4335031701237843,0.7383238034350614,0.477648140087751,DOWN,0.044703719824497945,0.38084217279821814,0.3838105096780737,0.23534731752370813,expanding_prior_auc_min60,0.7383238034350614,UP,0.25494490113651713,0.0,-0.004608271288899957,0.03885369954855129,0.0,-0.004608271288899957,0.48182390209230963,1.0,0.06451614006517992,0.2268790009557925,0.044703719824497945,False
2025-07-02,0.9435311102958628,0.8083716150542646,0.782843408043422,0.8537630373679926,UP,0.7075260747359853,0.3797440666130129,0.3877839055568284,0.23247202783015866,expanding_prior_auc_min60,0.782843408043422,UP,0.22662278498686936,0.0,-0.004608271288899957,0.036143419837326766,0.0,-0.004608271288899957,0.5619237254880166,1.0,0.06451614006517992,0.3353009405011472,0.7075260747359853,False
2025-07-03,0.5802442264095066,0.5996820808640131,0.783235837134774,0.6328988140775565,UP,0.2657976281551131,0.38384561929813116,0.3945415446536849,0.22161283604818396,expanding_prior_auc_min60,0.783235837134774,UP,0.19069224961902517,0.0,-0.009174152632679178,0.03914983789495552,0.0,-0.009174152632679178,0.5887570878509134,1.0,0.06422031675174544,0.3980648382318882,0.2657976281551131,False
2025-07-04,0.6370097415450446,0.6153903560442301,0.785475978539693,0.6626372715287401,UP,0.32527454305748016,0.38344501929281755,0.38751110725991017,0.22904387344727228,expanding_prior_auc_min60,0.785475978539693,UP,0.15165054486379898,0.0,-0.004608271288899957,0.03725999898922282,0.0,-0.004608271288899957,0.6026776172127232,1.0,0.0691244113540801,0.4510270723489242,0.32527454305748016,False
2025-07-07,0.29723708313012737,0.330346714984473,0.7721991798170263,0.4155208113821474,DOWN,0.16895837723570517,0.38780016926484007,0.39037461748840324,0.2218252132467567,expanding_prior_auc_min60,0.7721991798170263,UP,0.20817715157749497,0.0,0.0,0.2592966173558691,0.0,0.0,0.6204806396835845,1.0,0.07407403589585182,0.4123034881060895,0.16895837723570517,False
2025-07-08,0.4139194240738884,0.6708405378681497,0.7882778648924452,0.6004334095675468,UP,0.20086681913509352,0.37949859579219136,0.38979048545469613,0.23071091875311253,expanding_prior_auc_min60,0.7882778648924452,UP,0.227419017065952,0.0,0.009259097001814487,0.2044694141188855,0.0,0.009259097001814487,0.6510650746900125,1.0,0.07407403589585182,0.4236460576240605,0.20086681913509352,False
2025-07-09,0.6652376496121933,0.6335442857889285,0.7832210177560238,0.6810148367995263,UP,0.3620296735990527,0.37727833609821393,0.3854547823011886,0.23726688160059747,expanding_prior_auc_min60,0.7832210177560238,UP,0.21262021614831683,0.0,0.004587246542202106,0.1035319473093198,0.0,0.004587246542202106,0.6024534109792048,1.0,0.08256884898492056,0.38983319483088796,0.3620296735990527,False
2025-07-10,0.43964699636246873,0.5972381926913797,0.7843534076839493,0.5839523649489914,UP,0.16790472989798277,0.37017392254084885,0.3890635955713014,0.24076248188784982,expanding_prior_auc_min60,0.7843534076839493,UP,0.21357046478255054,0.0,-0.004545431543862222,0.16336356090393558,0.0,-0.004545431543862222,0.5616110133637814,1.0,0.07272724205848302,0.34804054858123085,0.16790472989798277,False
2025-07-11,0.4787515542446761,0.5447525456468355,0.7872795204744618,0.5804716045896225,UP,0.1609432091792451,0.36738954527785056,0.3853508119358787,0.24725964278627074,expanding_prior_auc_min60,0.7872795204744618,UP,0.22211153186058952,0.0,-0.004545431543862222,0.15298975599167688,0.0,-0.004545431543862222,0.5711511123839308,1.0,0.07272724205848302,0.3490395805233413,0.1609432091792451,False
2025-07-14,0.45480320821682907,0.4618594311109915,0.7765780815850138,0.5391211097751245,UP,0.07824221955024901,0.36401756391293705,0.38232645601643744,0.2536559800706255,expanding_prior_auc_min60,0.7765780815850138,UP,0.23156728641105653,0.0,0.013698673466298494,0.09805878749682412,0.0,0.013698673466298494,0.628982074352482,1.0,0.0776255150671401,0.3974147879414255,0.07824221955024901,False
2025-07-15,0.9478167339825778,0.7149230634181714,0.7726113747303399,0.8150356053651777,UP,0.6300712107303554,0.3646621001952873,0.37211218611325536,0.26322571369145736,expanding_prior_auc_min60,0.7726113747303399,UP,0.2573345836413933,0.0,0.013513444240535577,0.20445461609798468,0.0,0.013513444240535577,0.600385100617294,1.0,0.08108111119976713,0.3430505169759007,0.6300712107303554,False
2025-07-16,0.4347367408803966,0.48890833681912593,0.7721496213164284,0.5459356504391897,UP,0.09187130087837936,0.35893163785289506,0.37108224973704973,0.26998611241005527,expanding_prior_auc_min60,0.7721496213164284,UP,0.3060190665628323,0.0,-0.00442475648021412,0.2102253048364519,0.0,-0.00442475648021412,0.45028912715701064,1.0,0.061947028590094266,0.14427006059417835,0.09187130087837936,False
2025-07-17,0.8147199838382821,0.5744601909402669,0.7408212426016422,0.7063617842483537,UP,0.41272356849670744,0.3593289445135921,0.36675300157951046,0.27391805390689744,expanding_prior_auc_min60,0.7408212426016422,UP,0.4417221291747624,0.0,-0.00442475648021412,0.18195427716434948,0.0,-0.00442475648021412,0.32152797715115966,1.0,0.061947028590094266,-0.12019415202360273,0.41272356849670744,False
2025-07-18,0.32720303138520085,0.3725462543402594,0.7169365787264192,0.4524389543581524,DOWN,0.0951220912836952,0.3566158865479757,0.36444824659172337,0.2789358668603009,expanding_prior_auc_min60,0.7169365787264192,UP,0.44063790326015906,0.0,-0.025974106644758854,0.26568641798153747,0.0,-0.025974106644758854,0.32368227732018895,0.0,0.038961052869785906,-0.11695562593997011,0.0951220912836952,False
2025-07-21,0.29673871739910695,0.32692160279188437,0.7635562223990502,0.43926228452952104,DOWN,0.12147543094095792,0.35734932362396976,0.36066086180626317,0.28198981456976707,expanding_prior_auc_min60,0.7635562223990502,UP,0.36263319344917655,0.0,-0.021739233321121376,0.16889043154706754,0.0,-0.021739233321121376,0.3347444655253901,0.0,0.04347825151626172,-0.02788872792378644,0.12147543094095792,False
2025-07-22,0.29636960586524047,0.37399242378131076,0.7723321486454586,0.46070663184284344,DOWN,0.07858673631431312,0.35799017034865194,0.35456068329945045,0.2874491463518976,expanding_prior_auc_min60,0.7723321486454586,UP,0.19578857925167237,0.0,-0.00442475648021412,0.17176036081779777,0.0,-0.00442475648021412,0.3509200130351544,1.0,0.061947028590094266,0.15513143378348204,0.07858673631431312,False
2025-07-23,0.5886883733627154,0.546690797368366,0.7323873093196088,0.6155583145957491,UP,0.2311166291914981,0.3565645689975974,0.3532163575382532,0.2902190734641494,expanding_prior_auc_min60,0.7323873093196088,UP,0.5027126116538787,0.0,-0.01746726825039735,0.16105637892537628,0.0,-0.01746726825039735,0.3374795964893041,0.0,0.04803501469676941,-0.16523301516457461,0.2311166291914981,False
2025-07-24,0.5474094302127926,0.5875174806853333,0.7049520403997483,0.6085766021024959,UP,0.21715320420499173,0.34910645966884657,0.3523349132360757,0.29855862709507774,expanding_prior_auc_min60,0.7049520403997483,UP,0.5410613429969046,0.0,-0.01746726825039735,0.16163061227055808,0.0,-0.01746726825039735,0.34025207983011857,0.0,0.04803501469676941,-0.200809263166786,0.21715320420499173,False
2025-07-25,0.6513385444987787,0.6373592066885809,0.6487072405517538,0.6456050264701798,UP,0.2912100529403596,0.34642241642065214,0.35369622629213254,0.2998813572872153,expanding_prior_auc_min60,0.6487072405517538,UP,0.5586898387662902,0.0,-0.01746726825039735,0.18907979014032036,0.0,-0.01746726825039735,0.35820537790601564,0.0,0.04803501469676941,-0.20048446086027455,0.2912100529403596,False
2025-07-28,0.42561360461703757,0.7266952196037663,0.7472727555851721,0.6294126637687104,UP,0.2588253275374208,0.343557099120055,0.3572734369689751,0.2991694639109699,expanding_prior_auc_min60,0.7472727555851721,UP,0.49488408968390973,0.0,-0.01746726825039735,0.16894798260929864,0.0,-0.01746726825039735,0.324266606106329,0.0,0.04803501469676941,-0.17061748357758072,0.2588253275374208,False
2025-07-29,0.5220400373427377,0.533681941146384,0.723961043962867,0.5872999548109175,UP,0.17459990962183491,0.3377757761567215,0.35977184780250476,0.30245237604077374,expanding_prior_auc_min60,0.723961043962867,UP,0.4812692227147309,0.0,-0.008810636541598194,0.09196559243842066,0.0,-0.008810636541598194,0.32940122257160215,1.0,0.05726875607452531,-0.15186800014312873,0.17459990962183491,False
2025-07-30,0.6641878029735194,0.6429628071008537,0.7198773264040078,0.6736276244532223,UP,0.34725524890644466,0.3407603576276666,0.3545874079119355,0.3046522344603979,expanding_prior_auc_min60,0.7198773264040078,UP,0.5237989079089005,0.0,-0.025974106644758854,0.1343508935481912,0.0,-0.025974106644758854,0.35944662983278197,0.0,0.038961052869785906,-0.16435227807611852,0.34725524890644466,False
2025-07-31,0.30757452849079026,0.3815576452112259,0.7240288499578319,0.46234397373238445,DOWN,0.0753120525352311,0.33775088872960823,0.3533933871147384,0.3088557241556534,expanding_prior_auc_min60,0.7240288499578319,UP,0.4382574052997664,0.0,-0.030172472626608604,0.1798944074941332,0.0,-0.030172472626608604,0.3428020158024787,0.0,0.03448279539163046,-0.09545538949728771,0.0753120525352311,False
2025-08-04,0.7037720747913602,0.7862935049919442,0.7713361387624039,0.7538144213520414,UP,0.5076288427040827,0.33711342673444156,0.35133429498052404,0.31155227828503446,expanding_prior_auc_min60,0.7713361387624039,UP,0.3158634757719348,0.0,-0.008810636541598194,0.15611144853062678,0.0,-0.008810636541598194,0.34485910316742274,1.0,0.05726875607452531,0.028995627395487944,0.5076288427040827,False
2025-08-05,0.32534392693848463,0.4403232373772281,0.747680807872293,0.49849764003461866,DOWN,0.003004719930762678,0.3395383014747231,0.34417118948750663,0.3162905090377703,expanding_prior_auc_min60,0.747680807872293,UP,0.4753405799763883,0.0,-0.021739233321121376,0.1491465202470068,0.0,-0.021739233321121376,0.32418139094089105,0.0,0.04347825151626172,-0.15115918903549724,0.003004719930762678,False
2025-08-06,0.5074933211698563,0.5339927502262282,0.7474203230325053,0.5927336154275565,UP,0.18546723085511307,0.338454308577534,0.34429656447034307,0.31724912695212293,expanding_prior_auc_min60,0.7474203230325053,UP,0.47829092340692553,0.0,0.00888895388350086,0.07239520553670159,0.0,0.00888895388350086,0.32460304138713975,1.0,0.06666676928973803,-0.15368788201978578,0.18546723085511307,False
2025-08-07,0.702679410356536,0.7080189100412753,0.7137616341024574,0.7080506459395769,UP,0.4161012918791538,0.3386064440997186,0.34103602518443515,0.3203575307158463,expanding_prior_auc_min60,0.7137616341024574,UP,0.5152368952749943,0.0,-0.03813550615950434,0.14469861005750265,0.0,-0.03813550615950434,0.346890763713547,0.0,0.016949276914993927,-0.1683461315614473,0.4161012918791538,False
2025-08-08,0.5597412565966555,0.6472404114146972,0.7167918877578044,0.6403692866344187,UP,0.28073857326883744,0.33568763189366285,0.34079286174410034,0.3235195063622368,expanding_prior_auc_min60,0.7167918877578044,UP,0.5580365082789204,0.0,-0.034042486443022324,0.20687923182374146,0.0,-0.034042486443022324,0.3191078264908639,0.0,0.02127669877922722,-0.23892868178805649,0.28073857326883744,False
2025-08-11,0.5568989897249051,0.4713213089224868,0.6394610563394686,0.5553577158251405,UP,0.11071543165028097,0.3332032001540053,0.3365854687926787,0.330211331053316,expanding_prior_auc_min60,0.6394610563394686,UP,0.5212287368225197,0.0,-0.03813550615950434,0.22106741443731998,0.0,-0.03813550615950434,0.3539746675022977,0.0,0.016949276914993927,-0.16725406932022197,0.11071543165028097,False
2025-08-12,0.8982678802932702,0.7288965828138599,0.7376186375663594,0.7876336134382006,UP,0.5752672268764012,0.3296666671225728,0.33773286654278434,0.33260046633464285,expanding_prior_auc_min60,0.7376186375663594,UP,0.5200733111985729,0.0,-0.03813550615950434,0.19903878764091718,0.0,-0.03813550615950434,0.3585180634904286,0.0,0.016949276914993927,-0.16155524770814433,0.5752672268764012,False
2025-08-13,0.4003877731217967,0.5531455020832027,0.7433900527963422,0.5671584409067061,UP,0.13431688181341217,0.32839327006502533,0.33426435285098377,0.3373423770839909,expanding_prior_auc_min60,0.7433900527963422,UP,0.5522759525804801,1.0,-0.054166696732016684,0.23452452099097384,0.0,-0.054166696732016684,0.3851467641316309,0.0,0.020833329038283388,-0.16712918844884922,0.13431688181341217,False
2025-08-14,0.7013752568778425,0.7251986435967962,0.7463923385168351,0.7244917534481308,UP,0.44898350689626154,0.3307372294343967,0.3308418016139404,0.3384209689516629,expanding_prior_auc_min60,0.7463923385168351,UP,0.5294251144147956,0.0,-0.034042486443022324,0.15073002930409543,0.0,-0.034042486443022324,0.346114568654609,1.0,0.055319185222249656,-0.18331054576018657,0.44898350689626154,False
2025-08-15,0.31833178217337627,0.3963685945110945,0.662709084551633,0.4616517300290359,DOWN,0.07669653994192815,0.3332871437669453,0.32394934402069264,0.3427635122123621,expanding_prior_auc_min60,0.662709084551633,UP,0.6479049034585813,0.0,-0.03813550615950434,0.4729196834067296,0.0,-0.03813550615950434,0.3214364459426068,1.0,0.06779658351821571,-0.32646845751597453,0.07669653994192815,False
2025-08-18,0.4898031104569559,0.6084864919476694,0.6028652329683708,0.5668921379457663,UP,0.13378427589153263,0.33428350009780405,0.32407455797833973,0.3416419419238562,expanding_prior_auc_min60,0.6028652329683708,UP,0.6863985133921016,0.0,-0.03813550615950434,0.4272063813681388,0.0,-0.03813550615950434,0.33043257677874266,1.0,0.06779658351821571,-0.3559659366133589,0.13378427589153263,False
2025-08-19,0.08329338571410765,0.16760998229859536,0.6036015142691803,0.2871239461064899,DOWN,0.4257521077870202,0.336539506090468,0.32425704904160507,0.33920344486792686,expanding_prior_auc_min60,0.6036015142691803,UP,0.6809160227482829,0.0,-0.042193985798279154,0.4394729461966018,0.0,-0.042193985798279154,0.31926752359049554,1.0,0.08448964359996136,-0.36164849915778735,0.4257521077870202,False
2025-08-20,0.6259768224943598,0.5556781611202227,0.6538588840672238,0.6124876362280874,UP,0.22497527245617488,0.3336980403935605,0.3266125728922286,0.3396893867142109,expanding_prior_auc_min60,0.6538588840672238,UP,0.4996665816249646,0.0,0.0,0.18615314956433013,0.0,0.0,0.34971389464921815,1.0,0.13226439124400824,-0.14995268697574643,0.22497527245617488,False
2025-08-21,0.3234617360151249,0.6126857303444617,0.6878478057429367,0.5411073143426293,UP,0.08221462868525853,0.3361386412960607,0.3227193087230969,0.34114204998084235,expanding_prior_auc_min60,0.6878478057429367,UP,0.5628320695633318,0.0,-0.013043518480074678,0.4584495393614514,0.0,-0.013043518480074678,0.3253341227454304,1.0,0.12186080101298513,-0.23749794681790137,0.08221462868525853,False
2025-08-22,0.8322278896274886,0.9523330740416202,0.7569690883805045,0.8445248624970115,UP,0.6890497249940231,0.33954878004630046,0.31736524905310204,0.3430859709005975,expanding_prior_auc_min60,0.7569690883805045,UP,0.41177523105003855,0.0,0.022026427877197108,0.1301776977507046,0.0,0.022026427877197108,0.37754087752830345,1.0,0.13668720153223535,-0.034234353521735095,0.6890497249940231,False
2025-08-25,0.5063091313552777,0.562917959577248,0.7791212189732308,0.6174385346567866,UP,0.2348770693135731,0.340068687140769,0.3187178400389782,0.34121347282025283,expanding_prior_auc_min60,0.7791212189732308,UP,0.5461597926154317,0.0,-0.00854686035222485,0.42868028299485156,0.0,-0.00854686035222485,0.3258459899562686,1.0,0.11126512796185373,-0.22031380265916306,0.2348770693135731,False
2025-08-26,0.7243105118722286,0.6249481661815639,0.7815407141910573,0.7122710209547827,UP,0.42454204190956535,0.34534111199105794,0.31614372559424625,0.33851516241469576,expanding_prior_auc_min60,0.7815407141910573,UP,0.5418319469100544,0.0,-0.012765892938222945,0.3302253454523672,0.0,-0.012765892938222945,0.33602606119336637,1.0,0.14498731074684512,-0.20580588571668806,0.42454204190956535,False
2025-08-27,0.4819184313922778,0.5005373261831576,0.7678481716568347,0.5843991441304558,UP,0.1687982882609116,0.3425796812065727,0.3198347904948281,0.3375855282985992,expanding_prior_auc_min60,0.7678481716568347,UP,0.5793354073445335,0.0,-0.025210059575393462,0.42703758518944596,0.0,-0.025210059575393462,0.325270220944022,1.0,0.13055465207909944,-0.25406518640051146,0.1687982882609116,False
2025-08-28,0.5124306112695389,0.5484284459536839,0.7786706361911221,0.6134433021891377,UP,0.22688660437827535,0.34426237683567795,0.3195370498248808,0.3362005733394412,expanding_prior_auc_min60,0.7786706361911221,UP,0.49711917790325033,0.0,0.0,0.23274467176524377,0.0,0.0,0.39776486262178756,1.0,0.15979310536036473,-0.09935431528146277,0.22688660437827535,False
2025-08-29,0.08470696014297666,0.19986737873911614,0.7365143323987977,0.33997440904166965,DOWN,0.3200511819166607,0.3444114054188151,0.3206018948637555,0.3349866997174294,expanding_prior_auc_min60,0.7365143323987977,UP,0.5271422810237409,0.0,0.0,0.4376123424832531,0.0,0.0,0.3704910758073575,1.0,0.15979310536036473,-0.15665120521638343,0.3200511819166607,False
2025-09-01,0.05140741177957403,0.14273598935922632,0.7799027319263173,0.32372281950134857,DOWN,0.35255436099730286,0.3427607345194448,0.32406010484100467,0.33317916063955055,expanding_prior_auc_min60,0.7799027319263173,UP,0.5913704038633556,0.0,-0.0042918236199691595,0.46098854566133945,0.0,-0.0042918236199691595,0.3583440952903538,1.0,0.15481547791650185,-0.23302630857300177,0.35255436099730286,False
2025-09-02,0.2837709134930512,0.44598712503275467,0.7814789785860397,0.5059699512816511,UP,0.01193990256330224,0.3339025622648927,0.32585896781715556,0.34023846991795176,expanding_prior_auc_min60,0.7814789785860397,UP,0.5929201780335487,0.0,0.0,0.364903522943827,0.0,0.0,0.3617237561229036,1.0,0.15979310536036473,-0.2311964219106451,0.01193990256330224,False
2025-09-03,0.6289278142046963,0.5315507409828053,0.7795448582903515,0.6489710634741954,UP,0.29794212694839084,0.33796231336218235,0.3212612905103372,0.34077639612748045,expanding_prior_auc_min60,0.7795448582903515,UP,0.6057021885795882,0.0,0.0,0.44225946309695147,0.0,0.0,0.34841788301996296,1.0,0.18143098748949638,-0.2572843055596253,0.29794212694839084,False
2025-09-04,0.6811228331164597,0.6296813807135517,0.7787132875155726,0.6978276053212962,UP,0.39565521064259235,0.3396319634759416,0.32033975525534314,0.34002828126871526,expanding_prior_auc_min60,0.7787132875155726,UP,0.5520120431059392,0.0,0.017241291060087205,0.44455901774824813,0.0,0.017241291060087205,0.3330735336851795,1.0,0.2117241717603,-0.2189385094207597,0.39565521064259235,False
2025-09-05,0.6829842023508824,0.5664250991132457,0.7429396485586452,0.6661128681103208,UP,0.33222573622064155,0.33786799207353824,0.32048210417766737,0.3416499037487944,expanding_prior_auc_min60,0.7429396485586452,UP,0.5535234344636768,0.0,0.0,0.48200251441891095,0.0,0.0,0.3043171746288633,1.0,0.22096611067106497,-0.24920625983481348,0.33222573622064155,False
2025-09-08,0.6880324644453889,0.5665971379366839,0.7596001728708743,0.6746249685931189,UP,0.34924993718623787,0.34341434577283186,0.312937185319136,0.3436484689080321,expanding_prior_auc_min60,0.7596001728708743,UP,0.5493886277074284,0.0,0.016949276914993927,0.3041093704739894,0.0,0.016949276914993927,0.3398617802594954,1.0,0.22096611067106497,-0.20952684744793293,0.34924993718623787,False
2025-09-09,0.5121092490514246,0.5106859448677461,0.7598660423627134,0.5983835212549531,UP,0.19676704250990618,0.3440215614071423,0.305998926038321,0.3499795125545367,expanding_prior_auc_min60,0.7598660423627134,UP,0.5164280301781996,0.0,0.020833329038283388,0.42160290168237896,0.0,0.020833329038283388,0.32598759824076695,1.0,0.20479997608516154,-0.19044043193743265,0.19676704250990618,False
2025-09-10,0.9094576437104502,0.796174092061948,0.7889027854994736,0.8329247313424591,UP,0.6658494626849183,0.34692590968514997,0.3023310834566355,0.3507430068582145,expanding_prior_auc_min60,0.7889027854994736,UP,0.4210973840103563,0.0,0.01224483489976369,0.37652239085257566,0.0,0.01224483489976369,0.41182149725070205,1.0,0.18021222643679868,-0.00927588675965424,0.6658494626849183,False
2025-09-11,0.5096136045808738,0.591374981391994,0.7919897919607575,0.6336718018322522,UP,0.2673436036645045,0.34646868288239613,0.3014906239383193,0.35204069317928455,expanding_prior_auc_min60,0.7919897919607575,UP,0.3597982182867378,0.0,0.01209671265052803,0.2541927189251634,0.0,0.01209671265052803,0.4536059653803337,1.0,0.16593553826695295,0.0938077470935959,0.2673436036645045,False
2025-09-12,0.4263311377589651,0.4799317938222131,0.7963137455078834,0.5720749294122591,UP,0.14414985882451825,0.3485287025902117,0.3011842405303249,0.35028705687946343,expanding_prior_auc_min60,0.7963137455078834,UP,0.3936655236711565,0.0,-0.003968234099992474,0.16824487371121238,0.0,-0.003968234099992474,0.49082031366665585,1.0,0.167349407916225,0.09715478999549937,0.14414985882451825,False
2025-09-15,0.6152929894763197,0.5272723762003118,0.7938893706445024,0.6507663550606069,UP,0.30153271012121374,0.3487360936398423,0.30320652082068583,0.3480573855394718,expanding_prior_auc_min60,0.7938893706445024,UP,0.3265351119400577,0.0,0.012000131681116466,0.12987242253049017,0.0,0.012000131681116466,0.5434043216547173,1.0,0.1880001245845293,0.21686920971465962,0.30153271012121374,False
2025-09-16,0.42498064183252826,0.35625378471271657,0.7700308086984428,0.5223174795023093,UP,0.04463495900461867,0.35172756944031974,0.30535690805724175,0.34291552250243845,expanding_prior_auc_min60,0.7700308086984428,UP,0.29672941834709454,0.0,-0.011718780455242994,0.1104924082282217,0.0,-0.011718780455242994,0.5052311549444186,1.0,0.16015618495361683,0.20850173659732407,0.04463495900461867,False
2025-09-17,0.3509483427451251,0.47770220153026927,0.7931544225492134,0.5396380053701422,UP,0.07927601074028434,0.3553202158349978,0.30556658358016653,0.33911320058483574,expanding_prior_auc_min60,0.7931544225492134,UP,0.2798261851110941,0.0,0.0,0.07723585198037546,0.0,0.0,0.5363741640996065,1.0,0.1739130138363172,0.2565479789885124,0.07927601074028434,False
2025-09-18,0.6956735250929749,0.42818774307747876,0.7954487757757186,0.6465014656128438,UP,0.29300293122568766,0.35609959278567316,0.3088195423058963,0.3350808649084306,expanding_prior_auc_min60,0.7954487757757186,UP,0.3097797705641472,0.0,-0.01556414823942509,0.14729363814967514,0.0,-0.01556414823942509,0.5706296892393202,1.0,0.1556420576687787,0.26084991867517304,0.29300293122568766,False
2025-09-19,0.4425110624531826,0.5440394768330177,0.7897553359024824,0.5905530954772213,UP,0.1811061909544427,0.3529280887887149,0.3119456063774235,0.3351263048338615,expanding_prior_auc_min60,0.7897553359024824,UP,0.2255042562392153,0.0,0.02371537998837492,0.062156223040517725,0.0,0.02371537998837492,0.6554798899183225,1.0,0.1739130138363172,0.4299756336791072,0.1811061909544427,False
2025-09-22,0.6246564174138459,0.53204851136497,0.776657359108755,0.6473373730666498,UP,0.2946747461332997,0.350333394926778,0.3109821284377198,0.3386844766355022,expanding_prior_auc_min60,0.776657359108755,UP,0.3152562067332401,0.0,0.003860919007562469,0.04994968401362389,0.0,0.003860919007562469,0.5521653065988148,1.0,0.1467181570034124,0.23690909986557468,0.2946747461332997,False
2025-09-23,0.5254551110719307,0.5733438983899048,0.7599721861148988,0.6205819841778153,UP,0.2411639683556306,0.3479934905571813,0.3095982238381889,0.34240828560462977,expanding_prior_auc_min60,0.7599721861148988,UP,0.4422010703153886,0.0,-0.02985082586175425,0.0791229125613522,0.0,-0.02985082586175425,0.3998024959064296,1.0,0.10820896791760726,-0.042398574408959,0.2411639683556306,False
2025-09-24,0.35253930955284124,0.4232580211340808,0.7444722118684227,0.5098874941884685,UP,0.01977498837693692,0.3495313843147119,0.3038217818210249,0.34664683386426315,expanding_prior_auc_min60,0.7444722118684227,UP,0.3822679007563502,0.0,-0.02985082586175425,0.0800255247622332,0.0,-0.02985082586175425,0.414732576212303,1.0,0.10820896791760726,0.032464675455952774,0.01977498837693692,False
2025-09-25,0.41977826354618514,0.5183292712353995,0.7852572833180151,0.5774146796648189,UP,0.1548293593296377,0.3483173119952796,0.3017290439741307,0.3499536440305897,expanding_prior_auc_min60,0.7852572833180151,UP,0.25382547331359845,0.0,-0.015151556163157665,0.07555753075499345,0.0,-0.015151556163157665,0.46779708791803254,1.0,0.14015152116184204,0.2139716146044341,0.1548293593296377,False
2025-09-26,0.44972549392103073,0.6022523859495709,0.783946905703247,0.612933293166404,UP,0.22586658633280798,0.3500796103495425,0.2972544851813456,0.3526659044691119,expanding_prior_auc_min60,0.783946905703247,UP,0.27209728349451856,0.0,0.0038462591897627796,0.05285340794691952,0.0,0.0038462591897627796,0.560062754033652,1.0,0.1576923620044106,0.28796547053913346,0.22586658633280798,False
2025-09-30,0.6409065814814043,0.7921236206917922,0.7841859642976575,0.7362525998998342,UP,0.4725051997996683,0.35097356268573277,0.2965498796785059,0.3524765576357614,expanding_prior_auc_min60,0.7841859642976575,UP,0.28192147463919937,0.0,0.015325616601374437,0.056037013998691876,0.0,0.015325616601374437,0.5657166834223806,1.0,0.1532566380621092,0.2837952087831812,0.4725051997996683,False
2025-10-01,0.9008553330677259,0.9165323769699024,0.7856371105031162,0.8644800798550747,UP,0.7289601597101494,0.34879497990686237,0.2953157342587303,0.3558892858344073,expanding_prior_auc_min60,0.7856371105031162,UP,0.37130077272333323,0.0,0.030188667666065427,0.07949562496955519,0.0,0.030188667666065427,0.5109182338679605,1.0,0.139622646070944,0.1396174611446273,0.7289601597101494,False
2025-10-02,0.4764159517718931,0.7723989740549015,0.7847384266481675,0.6733203401288554,UP,0.3466406802577109,0.3496861073158394,0.2919092605297316,0.358404632154429,expanding_prior_auc_min60,0.7847384266481675,UP,0.37457282456706037,0.0,0.02564109507164325,0.10774547446786681,0.0,0.02564109507164325,0.47500604912724415,1.0,0.10622712308882765,0.10043322456018378,0.3466406802577109,False
2025-10-03,0.36876070576708586,0.5154047805105474,0.7839721142576938,0.56046393065704,UP,0.12092786131408007,0.3526822475915275,0.2869689688363342,0.3603487835721383,expanding_prior_auc_min60,0.7839721142576938,UP,0.4222700611247203,0.0,0.010714314001061265,0.1082598783148452,0.0,0.010714314001061265,0.5090110298572538,1.0,0.07857137199787734,0.08674096873253345,0.12092786131408007,False
2025-10-07,0.25925344915153997,0.33084100891287993,0.7689273367738018,0.4649147450360498,DOWN,0.07017050992790042,0.35114508672941447,0.28543029606852305,0.3634246172020625,expanding_prior_auc_min60,0.7689273367738018,UP,0.4527534300599092,0.0,-0.013937148807761202,0.219643612515588,0.0,-0.013937148807761202,0.36452075275807777,1.0,0.05226486609888359,-0.08823267730183143,0.07017050992790042,False
2025-10-08,0.8686015198161408,0.7313584162443221,0.7822051214764807,0.797597472327276,UP,0.5951949446545519,0.3474327011567147,0.2876210587842538,0.36494624005903153,expanding_prior_auc_min60,0.7822051214764807,UP,0.40541135913947274,0.0,0.0,0.13848734028287443,0.0,0.0,0.5599545616530134,1.0,0.06713772334755386,0.15454320251354065,0.5951949446545519,False
2025-10-09,0.4080312279992873,0.5031706149784759,0.7769148291831507,0.5695351746213135,UP,0.13907034924262707,0.3477967365079598,0.2888942955326035,0.3633089679594367,expanding_prior_auc_min60,0.7769148291831507,UP,0.45400474341251384,0.0,-0.017361071599597322,0.25313990377031936,0.0,-0.017361071599597322,0.34206542874720247,0.0,0.04861106892588585,-0.11193931466531137,0.13907034924262707,False
2025-10-13,0.8788865162847886,0.9152218412649997,0.7775352150699243,0.8528163690320025,UP,0.7056327380640051,0.3483849826847275,0.2903105679024384,0.3613044494128341,expanding_prior_auc_min60,0.7775352150699243,UP,0.29997411584207917,0.0,0.007067069198940956,0.11676514343839128,0.0,0.007067069198940956,0.5234381454191365,1.0,0.06713772334755386,0.2234640295770573,0.7056327380640051,False
2025-10-14,0.5296469493047073,0.5441024028528039,0.7745129592551478,0.6223911182353057,UP,0.24478223647061137,0.34711289320225847,0.2913308005811875,0.36155630621655405,expanding_prior_auc_min60,0.7745129592551478,UP,0.3181086450298642,0.0,0.017543906670895115,0.129390311950171,0.0,0.017543906670895115,0.5633459864954222,1.0,0.05964910976226778,0.24523734146555803,0.24478223647061137,False
2025-10-15,0.8128705570810117,0.6310181448391129,0.7781734399616527,0.7478927700260762,UP,0.4957855400521525,0.34907401061713056,0.28808023340228467,0.36284575598058477,expanding_prior_auc_min60,0.7781734399616527,UP,0.4746708866663758,0.0,-0.0102389345432784,0.11594567001526353,0.0,-0.0102389345432784,0.43507652258124885,0.0,0.03071663543240355,-0.039594364085126954,0.4957855400521525,False
2025-10-16,0.3806799478748815,0.5121069340796175,0.7564954705973184,0.5558965376101341,UP,0.11179307522026827,0.34956038865362576,0.2832731591616592,0.36716645218471505,expanding_prior_auc_min60,0.7564954705973184,UP,0.5809437200070977,0.0,-0.037037135367202434,0.1773091077666035,0.0,-0.037037135367202434,0.3593116236994947,0.0,0.01683497856446947,-0.221632096307603,0.11179307522026827,False
2025-10-17,0.39460276108894843,0.7322323270744184,0.776202033754942,0.6304247112663084,UP,0.2608494225326168,0.3492998103878977,0.28394023623934195,0.36675995337276035,expanding_prior_auc_min60,0.776202033754942,UP,0.3733862014487875,0.0,-0.013793224748426813,0.11653077923305298,0.0,-0.013793224748426813,0.5683547383500894,0.0,0.041379249401756635,0.19496853690130195,0.2608494225326168,False
2025-10-20,0.5539363669497148,0.5717443714371786,0.7609639374430406,0.6351845542787156,UP,0.2703691085574311,0.3501657166936288,0.2816063195364167,0.36822796376995454,expanding_prior_auc_min60,0.7609639374430406,UP,0.5369774344534354,1.0,-0.05067564417704973,0.15741207213277622,0.0,-0.05067564417704973,0.401237106804279,0.0,0.020270241021546065,-0.1357403276491564,0.2703691085574311,False
2025-10-21,0.352054519643737,0.5692402812642823,0.7476688381603488,0.5603256458233787,UP,0.12065129164675747,0.3451891351021645,0.2846037023309469,0.3702071625668886,expanding_prior_auc_min60,0.7476688381603488,UP,0.521068681743242,1.0,-0.05743250217938989,0.20976414566951196,0.0,-0.05743250217938989,0.4911553904250686,0.0,0.020270241021546065,-0.02991329131817333,0.12065129164675747,False
2025-10-22,0.13979907662476976,0.4074468416783257,0.7725889955405663,0.45178816999218174,DOWN,0.09642366001563651,0.34303224801334037,0.2840906645406261,0.3728770874460336,expanding_prior_auc_min60,0.7725889955405663,UP,0.3956688813528926,0.0,-0.04452058378066737,0.1250338452068169,0.0,-0.04452058378066737,0.5075273289457444,0.0,0.03424658343434417,0.1118584475928518,0.09642366001563651,False
2025-10-23,0.693059037993676,0.7924740372494063,0.7579029340398951,0.7451631116008393,UP,0.4903262232016785,0.3452306026243843,0.2790271057025274,0.37574229167308826,expanding_prior_auc_min60,0.7579029340398951,UP,0.3552340806049764,0.0,-0.04482761931539181,0.08175959809984637,0.0,-0.04482761931539181,0.6099874699432333,0.0,0.041379249401756635,0.25475338933825686,0.4903262232016785,False
2025-10-27,0.6522208506928646,0.678058156295358,0.7553274055550455,0.6981316457015165,UP,0.39626329140303307,0.3465916037089069,0.2777287712324299,0.37567962505866326,expanding_prior_auc_min60,0.7553274055550455,UP,0.5025961497214994,1.0,-0.07094596844496448,0.12052395190712592,0.0,-0.07094596844496448,0.5532681642783457,0.0,0.020270241021546065,0.050672014556846334,0.39626329140303307,False
2025-10-28,0.5709828604803386,0.6829925116369765,0.7505475950443329,0.6694801240415245,UP,0.3389602480830489,0.3464158240652501,0.27922999357455225,0.37435418236019763,expanding_prior_auc_min60,0.7505475950443329,UP,0.3397907831747977,1.0,-0.06779662432687461,0.08144543664382589,0.0,-0.06779662432687461,0.6106469956929966,0.0,0.023728793455837893,0.2708562125181989,0.3389602480830489,False
2025-10-29,0.5145977748175401,0.5352531159119481,0.6841774437850183,0.5842132435850498,UP,0.16842648717009956,0.34509305303754684,0.27828518748264996,0.37662175947980325,expanding_prior_auc_min60,0.6841774437850183,UP,0.4957243782192396,1.0,-0.08637872530279278,0.18038547821945788,1.0,-0.08637872530279278,0.5433770925356735,0.0,0.0033222681112852204,0.047652714316433864,0.16842648717009956,False
2025-10-30,0.25796013989504185,0.40261528105997585,0.6971633064230812,0.46420314982386734,DOWN,0.07159370035226531,0.34409184208544885,0.27782881884180854,0.37807933907274255,expanding_prior_auc_min60,0.6971633064230812,UP,0.5247875436444831,1.0,-0.08637872530279278,0.19876201275982563,1.0,-0.08637872530279278,0.4934203331170674,0.0,0.0033222681112852204,-0.0313672105274157,0.07159370035226531,False
2025-10-31,0.39415409433566295,0.4442072483275533,0.7515953724719361,0.5442552017067308,UP,0.08851040341346161,0.34401805546633557,0.27448658776983803,0.38149535676382645,expanding_prior_auc_min60,0.7515953724719361,UP,0.4653945899961597,1.0,-0.08333331279922807,0.23206266985639346,1.0,-0.08333331279922807,0.5677132127173925,0.0,0.006666684736679196,0.10231862272123282,0.08851040341346161,False
2025-11-03,0.6196385951824559,0.5635038881062954,0.7500733533247647,0.6538442653870185,UP,0.3076885307740369,0.34392113336681956,0.2753388290354123,0.38074003759776814,expanding_prior_auc_min60,0.7500733533247647,UP,0.5516146628744985,1.0,-0.08940396945732765,0.28767214811455966,1.0,-0.08940396945732765,0.5615429437200083,0.0,-0.003311267193879086,0.009928280845509896,0.3076885307740369,False
2025-11-04,0.1867892188103682,0.33979203253635587,0.7744249487189937,0.4543040759125579,DOWN,0.09139184817488422,0.33990306571803447,0.2769732392621026,0.38312369501986293,expanding_prior_auc_min60,0.7744249487189937,UP,0.44728671990214786,1.0,-0.08637872530279278,0.26741420540030447,1.0,-0.08637872530279278,0.5504980809711492,0.0,-0.019933526804170154,0.1032113610690013,0.09139184817488422,False
2025-11-05,0.6014570641367885,0.6354824531855786,0.7836883320299776,0.6810877750742068,UP,0.3621755501484136,0.3366184876727665,0.2783839849847754,0.3849975273424581,expanding_prior_auc_min60,0.7836883320299776,UP,0.4073449725733376,1.0,-0.05821916652236536,0.20085490251171764,0.0,-0.05821916652236536,0.6142966835250666,0.0,0.010274000346323087,0.20695171095172898,0.3621755501484136,False
2025-11-06,0.27271755240401785,0.4310025988512617,0.7845031603314133,0.513754876365151,UP,0.027509752730302095,0.33821553469794396,0.2762497477273993,0.38553471757465674,expanding_prior_auc_min60,0.7845031603314133,UP,0.44916223903869845,1.0,-0.06143352316095452,0.3909483215901986,0.0,-0.06143352316095452,0.49607169647190474,0.0,0.006825872263469757,0.04690945743320629,0.027509752730302095,False
2025-11-07,0.548788223229333,0.6226518312085201,0.7880252414181053,0.6614568529465671,UP,0.3229137058931342,0.33690815311764827,0.2779617742533641,0.38513007262898763,expanding_prior_auc_min60,0.7880252414181053,UP,0.4066185871615366,1.0,-0.05821916652236536,0.1508750701299456,0.0,-0.05821916652236536,0.5923524314079249,0.0,0.010274000346323087,0.18573384424638834,0.3229137058931342,False
2025-11-10,0.7557908051558797,0.9111698014289722,0.7917950765879225,0.8128475619966724,UP,0.6256951239933448,0.3372451627511472,0.2780718601176693,0.3846829771311835,expanding_prior_auc_min60,0.7917950765879225,UP,0.4633910455611022,1.0,-0.06779662432687461,0.3066171526790861,0.0,-0.06779662432687461,0.6601484493737895,0.0,0.013559274748238703,0.19675740381268725,0.6256951239933448,False
2025-11-11,0.4123412086108005,0.5424230369250572,0.7918563345367424,0.5950896478373986,UP,0.1901792956747972,0.3369121317536971,0.276239929675027,0.3868479385712759,expanding_prior_auc_min60,0.7918563345367424,UP,0.5074372683862158,1.0,-0.06143352316095452,0.31388805666499964,0.0,-0.06143352316095452,0.572738392727222,0.0,0.02047770088912526,0.06530112434100621,0.1901792956747972,False
2025-11-12,0.3953072404897811,0.5798074183587073,0.7930381367605821,0.6015103196672199,UP,0.2030206393344398,0.331471771146786,0.27993739792303896,0.388590830930175,expanding_prior_auc_min60,0.7930381367605821,UP,0.6106388581876143,1.0,-0.06779662432687461,0.38833503227686955,0.0,-0.06779662432687461,0.5314404452584488,0.0,0.02033895388663831,-0.07919841292916552,0.2030206393344398,False
2025-11-13,0.19319185026491514,0.36224702427161143,0.7924009679742605,0.4746329720926424,DOWN,0.05073405581471524,0.32832271919595685,0.28137375179324725,0.39030352901079585,expanding_prior_auc_min60,0.7924009679742605,UP,0.6411192322556681,1.0,-0.05821916652236536,0.43800669212019216,0.0,-0.05821916652236536,0.5705397144356802,0.0,0.030821916652236547,-0.07057951781998795,0.05073405581471524,False
2025-11-14,0.7152548176493487,0.7783614261150197,0.7935245033360275,0.7633029109466478,UP,0.5266058218932956,0.33096875943112963,0.2846896809715127,0.38434155959735766,expanding_prior_auc_min60,0.7935245033360275,UP,0.5025260043849691,0.0,-0.038461472186854695,0.2835552133938644,0.0,-0.038461472186854695,0.625207109961778,1.0,0.052447610889773566,0.12268110557680889,0.5266058218932956,False
2025-11-17,0.4620079542210208,0.5114517310396417,0.7955419035582443,0.6035587348648594,UP,0.2071174697297189,0.3355259153016213,0.2818608061938679,0.3826132785045109,expanding_prior_auc_min60,0.7955419035582443,UP,0.46553168287259955,0.0,-0.04844286822092081,0.40420369697389397,0.0,-0.04844286822092081,0.6099097732263067,0.0,0.04152251937701945,0.14437809035370713,0.2071174697297189,False
2025-11-18,0.3945630203321196,0.5169848451653472,0.7941057644343104,0.5808149847173835,UP,0.16162996943476693,0.34275795268348863,0.2754910273115111,0.3817510200050003,expanding_prior_auc_min60,0.7941057644343104,UP,0.412063938595539,0.0,-0.021352369338868193,0.4300102100389344,0.0,-0.021352369338868193,0.6281523945799427,1.0,0.0711743013925279,0.21608845598440363,0.16162996943476693,False
2025-11-19,0.8295304847637064,0.776532121182148,0.7952751350596535,0.801905475661347,UP,0.6038109513226939,0.34456707406222226,0.27599216703449364,0.3794407589032841,expanding_prior_auc_min60,0.7952751350596535,UP,0.4393948063355892,0.0,-0.014336868496760413,0.360453114791861,0.0,-0.014336868496760413,0.5622024060725269,1.0,0.07885308584775297,0.12280759973693772,0.6038109513226939,False
2025-11-20,0.2356171311567115,0.42339376508779347,0.7915495666421212,0.4974071424198327,DOWN,0.005185715160334614,0.347232158799337,0.27462504753492734,0.37814279366573567,expanding_prior_auc_min60,0.7915495666421212,UP,0.5303857359986714,1.0,-0.05498279750044477,0.5451997440805315,0.0,-0.05498279750044477,0.5249282834575602,0.0,0.0343642696069586,-0.005457452541111296,0.005185715160334614,False
2025-11-21,0.6191508930689321,0.6696444377124031,0.7950802922628067,0.698666872079841,UP,0.39733374415968203,0.3498531317104172,0.2779426109067335,0.3722042573828493,expanding_prior_auc_min60,0.7950802922628067,UP,0.3985700662972367,0.0,-0.0072202358750343976,0.3860724728175425,0.0,-0.0072202358750343976,0.5529442562728221,1.0,0.08664256363118628,0.15437418997558539,0.39733374415968203,False
2025-11-24,0.7220803134450798,0.7595365292642893,0.7931430261531067,0.7587244405222442,UP,0.5174488810444884,0.3553619452325698,0.2727330325370725,0.37190502223035776,expanding_prior_auc_min60,0.7931430261531067,UP,0.3614886688325368,0.0,0.025454613878934218,0.3831167666049502,0.0,0.025454613878934218,0.5680607055798216,1.0,0.09454543988308561,0.2065720367472848,0.5174488810444884,False
2025-11-25,0.37528991221601643,0.7020532404442142,0.7909748076142432,0.619244435224536,UP,0.23848887044907197,0.35438162304357906,0.2746159931829652,0.37100238377345574,expanding_prior_auc_min60,0.7909748076142432,UP,0.25567067781001335,0.0,-0.003533578134671589,0.24252986591868964,0.0,-0.003533578134671589,0.5181343712983449,1.0,0.06360414521288238,0.2624636934883316,0.23848887044907197,False
2025-11-26,0.7461998081204351,0.6452689581397002,0.7906446144460825,0.7350114545079733,UP,0.4700229090159467,0.35731466092900166,0.2734459127876693,0.36923942628332906,expanding_prior_auc_min60,0.7906446144460825,UP,0.23298115028416272,0.0,-0.020833303031270067,0.16875899066069375,0.0,-0.020833303031270067,0.6325471263642637,0.0,0.04513883749421299,0.39956597608010097,0.4700229090159467,False
2025-11-27,0.8176726108977985,0.6144282103282321,0.7924120535739694,0.7521368240781485,UP,0.504273648156297,0.3531242623313658,0.2764034322989342,0.3704723053697,expanding_prior_auc_min60,0.7924120535739694,UP,0.25523036519872,0.0,-0.01742147893814605,0.1574422964061573,0.0,-0.01742147893814605,0.6509626994198313,1.0,0.05577246344621489,0.3957323342211113,0.504273648156297,False
2025-11-28,0.7263692997516046,0.500788108452131,0.7890051939786087,0.6866585633630107,UP,0.37331712672602135,0.3486885135174478,0.2793249179440195,0.3719865685385327,expanding_prior_auc_min60,0.7890051939786087,UP,0.2685196128687973,0.0,-0.020833303031270067,0.20553918185414669,0.0,-0.020833303031270067,0.6185222076526852,1.0,0.06604161424409738,0.3500025947838879,0.37331712672602135,False
2025-12-01,0.3955649950422859,0.4909715573935105,0.7530878473854612,0.5541762668957976,UP,0.10835253379159515,0.3507920440632552,0.28039237209992846,0.36881558383681634,expanding_prior_auc_min60,0.7530878473854612,UP,0.19959990883926926,0.0,0.014184259587416648,0.18422154258700196,0.0,0.014184259587416648,0.6197116675004515,1.0,0.08872331702488623,0.4201117586611822,0.10835253379159515,False
2025-12-02,0.6647176848365809,0.49421250885656604,0.7804477582736937,0.658813384751364,UP,0.31762676950272795,0.347558688386913,0.28442122749517024,0.36802008411791676,expanding_prior_auc_min60,0.7804477582736937,UP,0.3210694134238571,0.0,0.003333331610191559,0.2131247609977479,0.0,0.003333331610191559,0.5861850568101459,1.0,0.08752922663846219,0.2651156433862888,0.31762676950272795,False
2025-12-03,0.6898908139516216,0.5605219003428245,0.7872720422307138,0.6881532775707311,UP,0.37630655514146216,0.3462702955152205,0.2884167455051952,0.3653129589795843,expanding_prior_auc_min60,0.7872720422307138,UP,0.23935845238047448,0.0,-0.010505870530295613,0.33624069778238,0.0,-0.010505870530295613,0.5518748753136242,1.0,0.09674706660416366,0.31251642293314974,0.37630655514146216,False
2025-12-04,0.18885949537732427,0.43963385665321686,0.7410843892438086,0.46036158801624005,DOWN,0.0792768239675199,0.3493305631294516,0.29130407342272024,0.3593653634478281,expanding_prior_auc_min60,0.7410843892438086,UP,0.30712401192666344,0.0,-0.0070819217023896375,0.4379859922589062,0.0,-0.0070819217023896375,0.5189992651108692,1.0,0.1595617666606557,0.2118752531842058,0.0792768239675199,False
2025-12-05,0.39008340455512436,0.4961710203875278,0.7813502564318066,0.560381167599119,UP,0.12076233519823809,0.3493022944843346,0.2955989394102011,0.35509876610546437,expanding_prior_auc_min60,0.7813502564318066,UP,0.25680245549375286,0.0,-0.017283162382689787,0.3222701757763897,0.0,-0.017283162382689787,0.5628877665160782,1.0,0.17170092599249775,0.30608531102232533,0.12076233519823809,False
2025-12-08,0.7615660128625501,0.6128847415728,0.7699097127917864,0.7200041807508296,UP,0.44000836150165923,0.3475441381855121,0.2993519290267399,0.353103932787748,expanding_prior_auc_min60,0.7699097127917864,UP,0.2052816326938482,0.0,-0.04028989267104677,0.18843964320909895,0.0,-0.04028989267104677,0.5582944402714329,1.0,0.1442698225952186,0.35301280757758474,0.44000836150165923,False
2025-12-09,0.38045966933077596,0.4881189759839372,0.7721095394651939,0.552437289582267,UP,0.10487457916453402,0.34484118975695083,0.29795089548179127,0.3572079147612579,expanding_prior_auc_min60,0.7721095394651939,UP,0.17963963873269906,0.0,-0.03056315502405149,0.14500877200682682,0.0,-0.03056315502405149,0.6046217636286982,1.0,0.15586708751590828,0.4249821248959992,0.10487457916453402,False
2025-12-10,0.6104780505873839,0.5880632099919535,0.7765959721738441,0.6639392583904722,UP,0.3278785167809444,0.34100348540188985,0.2970832384062482,0.361913276191862,expanding_prior_auc_min60,0.7765959721738441,UP,0.2558268816241836,0.0,-0.04666672124236115,0.1741115480272768,0.0,-0.04666672124236115,0.6073714483110644,1.0,0.13666668031059026,0.3515445666868808,0.3278785167809444,False
2025-12-11,0.2711428885309773,0.40801859796196666,0.7846509006649429,0.499379826004422,DOWN,0.0012403479911560211,0.33732523941932957,0.2975099605623963,0.3651648000182741,expanding_prior_auc_min60,0.7846509006649429,UP,0.3067710268078951,0.0,-0.027210940043225662,0.14670461463545587,0.0,-0.027210940043225662,0.6166815625179812,1.0,0.1598639595006024,0.30991053571008614,0.0012403479911560211,False
2025-12-12,0.030185619349252416,0.17310268232823792,0.7746359679517393,0.34710010919194867,DOWN,0.30579978161610266,0.33587283405175616,0.2950713029618605,0.3690558629863833,expanding_prior_auc_min60,0.7746359679517393,UP,0.34874574572443706,0.0,-0.03378389254149605,0.34042161162610474,0.0,-0.03378389254149605,0.5729399979603277,1.0,0.1554053414962342,0.22419425223589062,0.30579978161610266,False
2025-12-15,0.5742660913685252,0.6320996084070645,0.79212887616754,0.672806865560914,UP,0.3456137311218279,0.33124719783364975,0.29466843340367765,0.3740843687626726,expanding_prior_auc_min60,0.79212887616754,UP,0.37063016082874944,0.0,-0.013793215584773644,0.21498541626553153,0.0,-0.013793215584773644,0.5680191334770445,1.0,0.17931027824654056,0.19738897264829502,0.3456137311218279,False
2025-12-16,0.5266512151403155,0.6538684125493293,0.7728487934954354,0.6561077305929235,UP,0.312215461185847,0.3339544369378614,0.29015110703923785,0.3758944560229007,expanding_prior_auc_min60,0.7728487934954354,UP,0.39066529909137265,0.0,-0.0034843065440151033,0.2794458022131905,0.0,-0.0034843065440151033,0.5662380312750065,1.0,0.1916377156373552,0.17557273218363384,0.312215461185847,False
2025-12-17,0.2047515651051057,0.18503336844421073,0.7763181682006454,0.41500093252467174,DOWN,0.16999813495065652,0.3312320070198384,0.2908853443517848,0.3778826486283768,expanding_prior_auc_min60,0.7763181682006454,UP,0.4389357231260895,0.0,0.0,0.1365219772169806,0.0,0.0,0.5222672621040043,1.0,0.21678328644069178,0.08333153897791479,0.16999813495065652,False
2025-12-18,0.75350912764512,0.8496939534518986,0.7895013448662883,0.7949889481461212,UP,0.5899778962922424,0.33028254176501676,0.28866009757139466,0.3810573606635886,expanding_prior_auc_min60,0.7895013448662883,UP,0.3920338582374422,0.0,0.0,0.13043180001190713,0.0,0.0,0.5865873173313931,1.0,0.23076932985098408,0.19455345909395094,0.5899778962922424,False
2025-12-19,0.8758569511689609,0.8727604835887279,0.7852884555756061,0.8411823714435673,UP,0.6823647428871347,0.33444494147809684,0.2927077517356917,0.37284730678621153,expanding_prior_auc_min60,0.7852884555756061,UP,0.2764017303654229,0.0,0.024475597435724694,0.21677541261934402,0.0,0.024475597435724694,0.5437143941026674,1.0,0.24125888387641647,0.2673126637372445,0.6823647428871347,False
2025-12-22,0.6646840279790464,0.696879427970308,0.7877366244848953,0.7203399811368638,UP,0.44067996227372763,0.32870297809853594,0.2966070872489973,0.37468993465246675,expanding_prior_auc_min60,0.7877366244848953,UP,0.28627203055963585,0.0,0.017064860147875782,0.4607201078867119,0.0,0.017064860147875782,0.49826835893518007,1.0,0.21160414848660447,0.21199632837554422,0.44067996227372763,False
2025-12-23,0.6601858142855219,0.5955046935291359,0.7879705085923813,0.6888969158123357,UP,0.3777938316246714,0.32973134211951255,0.2958394144186218,0.3744292434618656,expanding_prior_auc_min60,0.7879705085923813,UP,0.3076487758404748,0.0,0.0033556908703089583,0.10826142989655421,0.0,0.0033556908703089583,0.47904789678117504,1.0,0.19127520373719697,0.17139912094070026,0.3777938316246714,False
2025-12-24,0.40125271760656983,0.4407733044149629,0.7299182342879936,0.53612787792281,UP,0.07225575584562005,0.3293899716613439,0.2958074733559633,0.37480255498269277,expanding_prior_auc_min60,0.7299182342879936,UP,0.2966964935582763,0.0,0.010033485747365845,0.10897498076697198,0.0,0.010033485747365845,0.4829772810523145,1.0,0.18729102209395654,0.1862807874940382,0.07225575584562005,False
2025-12-26,0.5559364450521798,0.49241938052678924,0.7587020068243555,0.6142718250283006,UP,0.22854365005660116,0.33191668780473577,0.2896505461290498,0.37843276606621445,expanding_prior_auc_min60,0.7587020068243555,UP,0.2803242662705671,0.0,0.006622489090124972,0.13456241242492978,0.0,0.006622489090124972,0.5924513366633579,1.0,0.17549669278086388,0.3121270703927908,0.22854365005660116,False
2025-12-29,0.23621037592198094,0.3988426032802664,0.7752241877304753,0.4885894969877874,DOWN,0.02282100602442516,0.3278359634069571,0.29206152213681413,0.3801025144562288,expanding_prior_auc_min60,0.7752241877304753,UP,0.1927274944536174,0.0,-0.006535920959626962,0.13934763408099463,0.0,-0.006535920959626962,0.6458988465947546,1.0,0.16339874631604023,0.45317135214113724,0.02282100602442516,False
2025-12-30,0.3142073692791147,0.43058947631410294,0.7840990237008629,0.5272135072224402,UP,0.054427014444880406,0.32571361967296714,0.2937272999560437,0.3805590803709892,expanding_prior_auc_min60,0.7840990237008629,UP,0.20726633503241307,0.0,0.019736841573773756,0.09001941866202501,0.0,0.019736841573773756,0.6385623370798732,1.0,0.19736841573773756,0.4312960020474601,0.054427014444880406,False
2025-12-31,0.3388171239240241,0.3878904731545775,0.7900810432265094,0.5240000969351972,UP,0.04800019387039445,0.32727155655810525,0.29437562641387044,0.3783528170280243,expanding_prior_auc_min60,0.7900810432265094,UP,0.21144779454225643,0.0,0.02258063136119315,0.08694726608782981,0.0,0.02258063136119315,0.6460744627834915,1.0,0.1741935437870643,0.434626668241235,0.04800019387039445,False
2026-01-02,0.906408829296249,0.6076874767925086,0.8002923276493089,0.7775577190313676,UP,0.5551154380627352,0.32297182033173893,0.29598033522257317,0.3810478444456879,expanding_prior_auc_min60,0.8002923276493089,UP,0.18350327166535696,0.0,0.05362777247214234,0.04413857858308223,0.0,0.05362777247214234,0.6618454537487416,1.0,0.14826499522492798,0.47834218208338464,0.5551154380627352,False
2026-01-05,0.5716442304969211,0.5398401813131705,0.7878511790038453,0.6455574847254768,UP,0.2911149694509536,0.32040459497549767,0.29442240542167974,0.38517299960282264,expanding_prior_auc_min60,0.7878511790038453,UP,0.21374704375953826,0.0,0.002993999647643575,0.111930112991939,0.0,0.002993999647643575,0.6484374831430234,1.0,0.0898203570799363,0.43469043938348517,0.2911149694509536,False
2026-01-06,0.578851090243449,0.5079199598884849,0.7691710941953551,0.6311579824114856,UP,0.26231596482297115,0.3238287581064399,0.2923701038235165,0.38380113807004357,expanding_prior_auc_min60,0.7691710941953551,UP,0.24293281521362606,0.0,-0.01759530770668416,0.10331027868836717,0.0,-0.01759530770668416,0.6683275864990209,1.0,0.06744869154574085,0.4253947712853948,0.26231596482297115,False
2026-01-07,0.36772172463603026,0.35585046058658254,0.7763816914834741,0.5221974772954338,UP,0.04439495459086751,0.32453895386506565,0.2890585220069965,0.3864025241279378,expanding_prior_auc_min60,0.7763816914834741,UP,0.18519357727679847,0.0,0.0029850623719538394,0.13108106086356966,0.0,0.0029850623719538394,0.6886401887721765,1.0,0.08656717533982783,0.503446611495378,0.04439495459086751,False
2026-01-08,0.3079689469779794,0.33668175950816864,0.7601869308206369,0.49212621195661754,DOWN,0.015747576086764914,0.3238904716180787,0.287107764059231,0.3890017643226903,expanding_prior_auc_min60,0.7601869308206369,UP,0.2092259893609632,0.0,-0.0029673469405602226,0.11991439204743035,0.0,-0.0029673469405602226,0.6639502419199317,1.0,0.08011873177291218,0.4547242525589685,0.015747576086764914,False
2026-01-09,0.7500412280442219,0.554153209420316,0.7808347381685441,0.706309937648278,UP,0.41261987529655597,0.3224144459374103,0.28496599776689885,0.39261955629569084,expanding_prior_auc_min60,0.7808347381685441,UP,0.23412762097686246,0.0,0.0059523565882315665,0.09837048600559736,0.0,0.0059523565882315665,0.6819403825529167,1.0,0.08333335769748262,0.4478127615760542,0.41261987529655597,False
2026-01-12,0.6887760706911017,0.611475745279605,0.7803575055630863,0.7026810362822351,UP,0.4053620725644702,0.32345707919194644,0.2845411237323051,0.39200179707574845,expanding_prior_auc_min60,0.7803575055630863,UP,0.20412512621658957,0.0,0.0,0.07082794486254561,0.0,0.0,0.681676559392596,1.0,0.07692312722611927,0.4775514331760064,0.4053620725644702,False
2026-01-13,0.5184507633483291,0.503332981768431,0.766123087981788,0.6114042786164176,UP,0.2228085572328351,0.3247832247379697,0.2826552116549619,0.39256156360706834,expanding_prior_auc_min60,0.766123087981788,UP,0.26916769753746644,0.0,-0.011695930369456597,0.08457705882565125,0.0,-0.011695930369456597,0.6547757558343759,1.0,0.09941522861507068,0.3856080582969094,0.2228085572328351,False
2026-01-14,0.27410202390463567,0.397429059364594,0.7712437923217972,0.5042138997922476,UP,0.008427799584495244,0.32605761681654044,0.28070865872347234,0.3932337244599872,expanding_prior_auc_min60,0.7712437923217972,UP,0.22109107641676554,0.0,-0.011695930369456597,0.0837804644987798,0.0,-0.011695930369456597,0.6352536674694783,1.0,0.11988305290402645,0.4141625910527128,0.008427799584495244,False
2026-01-15,0.8377854283420835,0.7130242790904189,0.7742525913648048,0.7780115138806597,UP,0.5560230277613194,0.3261716953692914,0.2770563159837644,0.3967719886469442,expanding_prior_auc_min60,0.7742525913648048,UP,0.18679234596855673,0.0,0.029585823753119023,0.062467489172048404,0.0,0.029585823753119023,0.6827406684682776,1.0,0.1331361342290851,0.4959483224997209,0.5560230277613194,False
2026-01-16,0.5976643108513703,0.5766307360632758,0.7516629864952387,0.6532494221625587,UP,0.3064988443251173,0.3291691221670546,0.27264664276626543,0.39818423506668005,expanding_prior_auc_min60,0.7516629864952387,UP,0.3070956366444414,0.0,0.0,0.1115628841843721,0.0,0.0,0.6491579720688301,1.0,0.12931030954157685,0.3420623354243887,0.3064988443251173,False
2026-01-19,0.5491080863843882,0.5430082344132106,0.7576100355964964,0.6303729321391307,UP,0.2607458642782614,0.3307134323708044,0.2715853634781402,0.39770120415105537,expanding_prior_auc_min60,0.7576100355964964,UP,0.30080703464357295,0.0,-0.01136365935604322,0.0776318805458262,0.0,-0.01136365935604322,0.6836539550637413,1.0,0.1448863253817556,0.3828469204201683,0.2607458642782614,False
2026-01-20,0.2025049108486941,0.2700595297967056,0.7544557946061443,0.44072478732391696,DOWN,0.11855042535216609,0.3299467631598781,0.2717126644545876,0.3983405723855344,expanding_prior_auc_min60,0.7544557946061443,UP,0.3003464138137086,0.0,-0.019718366372765028,0.10674874870286549,0.0,-0.019718366372765028,0.655487872476244,1.0,0.13521119063019937,0.3551414586625354,0.11855042535216609,False
2026-01-21,0.5683930813518464,0.5531454390101964,0.7635575358814858,0.6423939576166819,UP,0.2847879152333639,0.3294708324126489,0.27024388720552645,0.40028528038182465,expanding_prior_auc_min60,0.7635575358814858,UP,0.2869604389605502,0.0,0.00862065436916315,0.06236034928686998,0.0,0.00862065436916315,0.6776204583173856,1.0,0.15804596524949122,0.3906600193568354,0.2847879152333639,False
2026-01-22,0.47460451248446645,0.5053078010491762,0.7521469596229969,0.5942591715883303,UP,0.1885183431766606,0.33198244425497603,0.26636198417216156,0.40165557157286236,expanding_prior_auc_min60,0.7521469596229969,UP,0.2683516652620343,0.0,-0.002840967166557573,0.07610077920438463,0.0,-0.002840967166557573,0.626438848616364,1.0,0.1448863253817556,0.3580871833543297,0.1885183431766606,False
2026-01-23,0.5410227910256028,0.519971934412604,0.6025413518412456,0.5601096729783586,UP,0.12021934595671713,0.3305562548154558,0.2676091764499553,0.4018345687345889,expanding_prior_auc_min60,0.6025413518412456,UP,0.46838362293206265,0.0,-0.008474679747072167,0.07858363669326075,0.0,-0.008474679747072167,0.5098120421073936,1.0,0.13841798855464527,0.041428419175330966,0.12021934595671713,False
2026-01-26,0.1719403775753654,0.4957224428934701,0.6356939375306561,0.44498922737157753,DOWN,0.11002154525684493,0.33005151277408207,0.268927228640656,0.4010212585852619,expanding_prior_auc_min60,0.6356939375306561,UP,0.43273706902999515,0.0,0.005698052543241516,0.08271113962471036,0.0,0.005698052543241516,0.5443370517060445,1.0,0.1481481766539725,0.11159998267604937,0.11002154525684493,False
2026-01-27,0.5366294575109654,0.5121620167023613,0.5874336544767571,0.5504790097562013,UP,0.10095801951240269,0.3295998990681764,0.2684887312929638,0.4019113696388598,expanding_prior_auc_min60,0.5874336544767571,UP,0.49779763267840504,0.0,-0.008427000397635998,0.16465088887707888,0.0,-0.008427000397635998,0.5650838008314896,1.0,0.13202240834986,0.06728616815308452,0.10095801951240269,False
2026-01-28,0.36727385084633163,0.3607616257316111,0.5338618900704929,0.4334388679026262,DOWN,0.1331222641947476,0.32607431500333767,0.26633663192935714,0.4075890530673052,expanding_prior_auc_min60,0.5338618900704929,UP,0.6013374524148861,0.0,-0.030219790785129597,0.2929163352442652,0.0,-0.030219790785129597,0.4641487797009136,1.0,0.1071428209982408,-0.1371886727139725,0.1331222641947476,False
2026-01-29,0.3826281319229306,0.3375635259307735,0.6265902075708865,0.47035015403458724,DOWN,0.059299691930825515,0.325154923193917,0.26611585868231785,0.40872921812376517,expanding_prior_auc_min60,0.6265902075708865,UP,0.37568067420561985,0.0,-0.022160708917367877,0.1444420335503666,0.0,-0.022160708917367877,0.5820046318442701,1.0,0.11634341567830053,0.20632395763865025,0.059299691930825515,False
2026-01-30,0.281097155262466,0.31867228301441647,0.6574089685188215,0.4452091437572161,DOWN,0.1095817124855678,0.32618963762886244,0.2640718132636135,0.409738549107524,expanding_prior_auc_min60,0.6574089685188215,UP,0.3768819214114767,0.0,-0.005633848612413006,0.11038648974772738,0.0,-0.005633848612413006,0.5830753491573255,1.0,0.13521119063019937,0.2061934277458488,0.1095817124855678,False
2026-02-02,0.6386691708658683,0.7738949951997063,0.6923167860677301,0.6961903870229222,UP,0.3923807740458445,0.326809912888985,0.2624006292094953,0.41078945790151977,expanding_prior_auc_min60,0.6923167860677301,UP,0.25767363391791565,0.0,0.0,0.08333420695796744,0.0,0.0,0.6018784461895896,1.0,0.141643034656872,0.344204812271674,0.3923807740458445,False
2026-02-03,0.2884807155891839,0.39075721505429273,0.7155264477317583,0.4907976533028847,DOWN,0.018404693394230565,0.32842239393906414,0.26011519644487097,0.4114624096160649,expanding_prior_auc_min60,0.7155264477317583,UP,0.3472012475516866,0.0,-0.01944443307450805,0.11756013836165483,0.0,-0.01944443307450805,0.5327652932323479,1.0,0.11944443307450814,0.18556404568066132,0.018404693394230565,False
2026-02-04,0.18305860588308392,0.3284090199927781,0.7423982629883709,0.45098799482600627,DOWN,0.09802401034798747,0.3294834219475071,0.25874373723645233,0.4117728408160406,expanding_prior_auc_min60,0.7423982629883709,UP,0.2718137314171006,0.0,-0.011204504338286014,0.13730028500301864,0.0,-0.011204504338286014,0.5766003810157155,1.0,0.12885149032228504,0.30478664959861496,0.09802401034798747,False
2026-02-05,0.580886335055953,0.5886784852473516,0.7566019896814972,0.6549392515654261,UP,0.3098785031308522,0.3295652241815067,0.2605529771108484,0.4098817987076449,expanding_prior_auc_min60,0.7566019896814972,UP,0.23250832195873988,0.0,0.008498618257067658,0.06657258256516535,0.0,0.008498618257067658,0.618899788980247,1.0,0.141643034656872,0.3863914670215071,0.3098785031308522,False
2026-02-06,0.8465557271224802,0.7872220423927794,0.7364215431587249,0.7861331736942944,UP,0.5722663473885887,0.3302081044990107,0.2626830564571883,0.40710883904380096,expanding_prior_auc_min60,0.7364215431587249,UP,0.25415275831325523,0.0,0.01685393180914474,0.057626697085140906,0.0,0.01685393180914474,0.6595480016358872,1.0,0.13202240834986,0.405395243322632,0.5722663473885887,False
2026-02-09,0.7647266093033299,0.7116988077404388,0.7396217722115034,0.7407118988181496,UP,0.48142379763629917,0.33145624184535044,0.25896349062233903,0.4095802675323105,expanding_prior_auc_min60,0.7396217722115034,UP,0.3447601282565628,0.0,-0.0027548095674797546,0.05698470267968573,0.0,-0.0027548095674797546,0.533227787013184,1.0,0.11019278863409343,0.18846765875662114,0.48142379763629917,False
2026-02-10,0.6132490598810747,0.5994586970430924,0.6911088410543569,0.641452560895139,UP,0.28290512179027805,0.33204740331113614,0.259717453311701,0.4082351433771629,expanding_prior_auc_min60,0.6911088410543569,UP,0.46592215603858067,0.0,-0.03723401997030573,0.14955458434019653,0.0,-0.03723401997030573,0.5231615778311612,1.0,0.07180847641654031,0.05723942179258057,0.28290512179027805,False
2026-02-11,0.7092825499373034,0.6508655142600016,0.698921373452742,0.6900594332055676,UP,0.38011886641113524,0.334676310080524,0.25656768536110375,0.40875600455837224,expanding_prior_auc_min60,0.698921373452742,UP,0.519014703689832,1.0,-0.054830254558848046,0.3650638874620438,0.0,-0.054830254558848046,0.5228492781979657,1.0,0.05221929921645696,0.0038345745081336258,0.38011886641113524,False
2026-02-23,0.34214488575992125,0.5104784176649694,0.7254840687710976,0.5421401572621457,UP,0.08428031452429141,0.3363348529430323,0.25307978410635734,0.4105853629506103,expanding_prior_auc_min60,0.7254840687710976,UP,0.420915373528966,0.0,-0.04736835744397805,0.3454293524873398,0.0,-0.04736835744397805,0.5617831807381652,1.0,0.0605263278649133,0.14086780720919923,0.08428031452429141,False
2026-02-24,0.6590593245102466,0.6768242905114603,0.7708145499002808,0.7096517386348749,UP,0.4193034772697497,0.3331026620846188,0.2546737113161548,0.4122236265992264,expanding_prior_auc_min60,0.7708145499002808,UP,0.3948128533551563,1.0,-0.07888033668288541,0.16205252631768158,0.0,-0.07888033668288541,0.5973609394415595,0.0,0.025445314246337558,0.20254808608640323,0.4193034772697497,False
2026-02-25,0.6013831206219004,0.5554789460521257,0.753936296410724,0.6524396355018183,UP,0.30487927100363654,0.33011657606813255,0.2576691100469675,0.41221431388489993,expanding_prior_auc_min60,0.753936296410724,UP,0.42864338714110206,1.0,-0.10173692295419812,0.20050072561078838,1.0,-0.10173692295419812,0.48876677230491516,0.0,-0.009925578727000839,0.0601233851638131,0.30487927100363654,False
2026-02-26,0.21702448893437754,0.32232683016778507,0.7522637399320208,0.46408702128300144,DOWN,0.07182595743399711,0.33032781723133714,0.25904336808743694,0.410628814681226,expanding_prior_auc_min60,0.7522637399320208,UP,0.40393614102702013,1.0,-0.09273176061770172,0.20522748791630258,1.0,-0.09273176061770172,0.538411436999737,0.0,-0.010025021930812672,0.1344752959727169,0.07182595743399711,False
2026-03-02,0.39743487810884714,0.5153331199706179,0.7633411182531714,0.5784515159926518,UP,0.15690303198530353,0.3287385351680286,0.260484021942844,0.41077744288912743,expanding_prior_auc_min60,0.7633411182531714,UP,0.27236536384113885,1.0,-0.09579364816849079,0.1285994026787708,1.0,-0.09579364816849079,0.5698792684648727,0.0,-0.01772150844122944,0.29751390462373384,0.15690303198530353,False
2026-03-03,0.24411981697128723,0.4176402647333356,0.7570900981578808,0.4992792571976859,DOWN,0.001441485604628201,0.32994331779667707,0.2608919366993338,0.4091647455039891,expanding_prior_auc_min60,0.7570900981578808,UP,0.22806188378565911,1.0,-0.0874716991716743,0.09005437461852511,1.0,-0.0874716991716743,0.6716942387097972,0.0,0.0025839686694908437,0.44363235492413805,0.001441485604628201,False
2026-03-04,0.7089276084622235,0.7771971405233623,0.77683645195155,0.7544429472422579,UP,0.5088858944845158,0.33113887557945176,0.25992884995882,0.40893227446172825,expanding_prior_auc_min60,0.77683645195155,UP,0.17018196893879076,1.0,-0.053221266752507046,0.05941817641854347,0.0,-0.053221266752507046,0.6773960874325966,0.0,0.04021451057409209,0.5072141184938058,0.5088858944845158,False
2026-03-05,0.3455163881134553,0.5617977960698423,0.7471559508309762,0.564660907582623,UP,0.129321815165246,0.33595929347948017,0.25658703597722743,0.4074536705432924,expanding_prior_auc_min60,0.7471559508309762,UP,0.21128311471607045,1.0,-0.0706619178055986,0.07254161826477538,0.0,-0.0706619178055986,0.6617307542865025,0.0,0.02105267511856046,0.4504476395704321,0.129321815165246,False
2026-03-06,0.1873598203415236,0.42397936449759843,0.7590821638244509,0.4796276387316807,DOWN,0.04074472253663863,0.3389061549894878,0.25572541952360006,0.40536842548691215,expanding_prior_auc_min60,0.7590821638244509,UP,0.2546535647963729,1.0,-0.06574480522227022,0.07928578353291611,0.0,-0.06574480522227022,0.6224051215627214,0.0,0.02645504811204802,0.3677515567663485,0.04074472253663863,False
2026-03-09,0.653835571161929,0.7404005737935275,0.7692018109223521,0.722479401292703,UP,0.4449588025854061,0.34022534437263807,0.2594295149462481,0.4003451406811139,expanding_prior_auc_min60,0.7692018109223521,UP,0.15394869652326787,0.0,-0.02445180206183495,0.1063964517306173,0.0,-0.02445180206183495,0.6500158957502935,1.0,0.08086301627200632,0.49606719922702563,0.4449588025854061,False
2026-03-10,0.5035891502914811,0.7418297132617899,0.7789449591544895,0.6755409511570228,UP,0.3510819023140457,0.34078096759341725,0.2577913412812545,0.4014276911253282,expanding_prior_auc_min60,0.7789449591544895,UP,0.1820301796463366,0.0,-0.04554471402034366,0.09015877330381726,0.0,-0.04554471402034366,0.6223994651391648,1.0,0.06020454910823392,0.44036928549282817,0.3510819023140457,False
2026-03-11,0.4751782423058369,0.6192275438685598,0.7025090740388511,0.6030826644585674,UP,0.2061653289171348,0.3420376380823373,0.26021026254823415,0.39775209936942857,expanding_prior_auc_min60,0.7025090740388511,UP,0.38878480014424177,1.0,-0.08982356655939383,0.07325157359816012,1.0,-0.08982356655939383,0.5291392888879323,0.0,0.03429134984896498,0.1403544887436905,0.2061653289171348,False
2026-03-12,0.27198066025616785,0.4407438859412606,0.760145597381461,0.5093571607345111,UP,0.018714321469022188,0.3416838963730842,0.26296145527380205,0.39535464835311374,expanding_prior_auc_min60,0.760145597381461,UP,0.3008004353277619,1.0,-0.06326668490247611,0.08702741854828311,0.0,-0.06326668490247611,0.633942166103582,1.0,0.06446962294803993,0.3331417307758201,0.018714321469022188,False
2026-03-13,0.4832818929391029,0.5098116120547634,0.7796338594418185,0.6072194013839495,UP,0.21443880276789895,0.34312859013994196,0.26212673821938576,0.39474467164067234,expanding_prior_auc_min60,0.7796338594418185,UP,0.2968103673788521,1.0,-0.053221266752507046,0.0742553482389,0.0,-0.053221266752507046,0.5717449602396635,1.0,0.10547175918476026,0.2749345928608114,0.21443880276789895,False
2026-03-16,0.7103820706012727,0.7770203299446121,0.765254038635657,0.7494566476522248,UP,0.4989132953044495,0.34443487558171304,0.2636708898285927,0.39189423458969425,expanding_prior_auc_min60,0.765254038635657,UP,0.2108792143077173,0.0,-0.042958125002828584,0.06763268418725923,0.0,-0.042958125002828584,0.6300780555237644,1.0,0.13104941602677767,0.4191988412160471,0.4989132953044495,False
2026-03-17,0.6614087849078235,0.6117034048078246,0.7814620454090901,0.6950662118636464,UP,0.39013242372729273,0.34391328731381837,0.26571797414225184,0.3903687385439297,expanding_prior_auc_min60,0.7814620454090901,UP,0.3281702004207131,1.0,-0.058823506310919815,0.06663550996600577,0.0,-0.058823506310919815,0.5702171366833958,1.0,0.114973282332828,0.2420469362626827,0.39013242372729273,False
2026-03-18,0.27756707040733813,0.5454925607317718,0.7674239703985708,0.5395112389593483,UP,0.07902247791869654,0.3442972761965919,0.2670029228179124,0.3886998009854957,expanding_prior_auc_min60,0.7674239703985708,UP,0.48329407844586136,1.0,-0.07611545622185012,0.06992803269251541,0.0,-0.07611545622185012,0.4579694628895465,1.0,0.09448821680111918,-0.025324615556314878,0.07902247791869654,False
2026-03-19,0.6778174862056551,0.7888221302983482,0.789743653254186,0.7506861006491956,UP,0.5013722012983912,0.3467820541687982,0.2643086416001832,0.3889093042310186,expanding_prior_auc_min60,0.789743653254186,UP,0.19729121805190736,0.0,-0.048648629337084914,0.06679024458116126,0.0,-0.048648629337084914,0.5933559738843208,1.0,0.1270270427623752,0.39606475583241346,0.5013722012983912,False
2026-03-20,0.4463303969319767,0.5262670633750697,0.7847462556362028,0.5983995134293241,UP,0.19679902685864814,0.3479580429037959,0.2653684489049789,0.3866735081912252,expanding_prior_auc_min60,0.7847462556362028,UP,0.20049108705020485,0.0,-0.04347824351663865,0.06506630196893598,0.0,-0.04347824351663865,0.5198554684479055,1.0,0.13315218728925782,0.3193643813977007,0.19679902685864814,False
2026-03-23,0.7724327039921902,0.7875880949407483,0.7953065161437269,0.7853584358948149,UP,0.5707168717896298,0.34516568779501733,0.2659643845739655,0.3888699276310172,expanding_prior_auc_min60,0.7953065161437269,UP,0.14737520191411368,0.0,-0.02762429818418466,0.08296952707987301,0.0,-0.02762429818418466,0.5947267206589912,1.0,0.1519337076351015,0.44735151874487755,0.5707168717896298,False
2026-03-24,0.7634695299332313,0.757114842381312,0.7843518748596082,0.7700033379089273,UP,0.5400066758178546,0.34722701975051384,0.26058721933634466,0.3921857609131415,expanding_prior_auc_min60,0.7843518748596082,UP,0.18418096469758993,0.0,-0.02762429818418466,0.08815234310157116,0.0,-0.02762429818418466,0.5925585648042863,1.0,0.1519337076351015,0.4083776001066963,0.5400066758178546,False
2026-03-25,0.723035573037408,0.7932173979088268,0.7914839380611896,0.7683209529034101,UP,0.5366419058068201,0.344966141708401,0.2592406344659251,0.3957932238256739,expanding_prior_auc_min60,0.7914839380611896,UP,0.3173101225141026,0.0,-0.04607044236691926,0.07893747190796696,0.0,-0.04607044236691926,0.5835406246220454,1.0,0.18428183580695934,0.26623050210794275,0.5366419058068201,False
2026-03-26,0.19530639305663197,0.3580628342428357,0.7830731549470153,0.4684506751810036,DOWN,0.06309864963799283,0.34821189384516726,0.2587116056069897,0.3930765005478431,expanding_prior_auc_min60,0.7830731549470153,UP,0.3326072097312681,0.0,-0.04347824351663865,0.1070153422638878,0.0,-0.04347824351663865,0.5552874653414103,1.0,0.2309782352016947,0.22268025561014215,0.06309864963799283,False
2026-03-27,0.5116983747663209,0.4187500049940205,0.7865008057860167,0.5969399754816773,UP,0.19387995096335464,0.3485111967897937,0.2550344036965634,0.3964543995136429,expanding_prior_auc_min60,0.7865008057860167,UP,0.23683981627991046,0.0,-0.03296701966472915,0.12189096874451857,0.0,-0.03296701966472915,0.5720864005506678,1.0,0.24450546309727716,0.3352465842707574,0.19387995096335464,False
2026-03-30,0.27005499857270987,0.3941263784298296,0.7629642887293486,0.49619996018917994,DOWN,0.00760007962164011,0.3507852184487711,0.25447231126790676,0.39474247028332216,expanding_prior_auc_min60,0.7629642887293486,UP,0.328533656794315,0.0,-0.01123595042055392,0.171412206190581,0.0,-0.01123595042055392,0.5590486388122619,1.0,0.27247186646021637,0.23051498201794685,0.00760007962164011,False
2026-03-31,0.7646624908580831,0.7401585903918589,0.793727298336557,0.7700446237504379,UP,0.5400892475008758,0.35369096542976686,0.25019671527011006,0.3961123193001231,expanding_prior_auc_min60,0.793727298336557,UP,0.28753403539041517,0.0,0.028409079055142117,0.12723972498695568,0.0,0.028409079055142117,0.5423562729997939,1.0,0.28693176800010134,0.2548222376093788,0.5400892475008758,False
2026-04-01,0.6021659143445002,0.6636542409269113,0.7342087728368126,0.6696155869902964,UP,0.3392311739805929,0.3578986219583427,0.24569972025063233,0.39640165779102493,expanding_prior_auc_min60,0.7342087728368126,UP,0.30987597133040007,0.0,-0.02425875050401738,0.08656675987798455,0.0,-0.02425875050401738,0.44264026000238527,1.0,0.22641507068582056,0.1327642886719852,0.3392311739805929,False
2026-04-02,0.5773361142034386,0.7346802089649723,0.7656674281972764,0.6901083959284884,UP,0.38021679185697677,0.3603348020733172,0.248383227256059,0.3912819706706238,expanding_prior_auc_min60,0.7656674281972764,UP,0.29991408459763474,0.0,0.02762429818418477,0.0656276218271785,0.0,0.02762429818418477,0.6059482145073882,1.0,0.25690604073500345,0.3060341299097535,0.38021679185697677,False
2026-04-07,0.49357872394991154,0.537077840232589,0.6435537145743139,0.5630568270337939,UP,0.1261136540675878,0.3581462623013211,0.25154905160726,0.3903046860914189,expanding_prior_auc_min60,0.6435537145743139,UP,0.39556253831907534,0.0,0.04838707766972283,0.05485510600117459,0.0,0.04838707766972283,0.4491304813511994,1.0,0.22311825728134327,0.05356794303212403,0.1261136540675878,False
2026-04-08,0.9229979135235599,0.7143101077206406,0.7004392377972009,0.7840053891054175,UP,0.568010778210835,0.35990846504877216,0.2498329206014125,0.39025861434981535,expanding_prior_auc_min60,0.7004392377972009,UP,0.549072116813461,0.0,0.002564101598453883,0.06497878890548735,0.0,0.002564101598453883,0.49265358961705297,1.0,0.18461544062301183,-0.05641852719640805,0.568010778210835,False
2026-04-09,0.5223665687586679,0.5707934820955672,0.6798933006307089,0.5961588223680616,UP,0.19231764473612323,0.3601853543458442,0.2474399764072755,0.3923746692468803,expanding_prior_auc_min60,0.6798933006307089,UP,0.586028148811103,0.0,0.01790280657422305,0.09415416448669031,0.0,0.01790280657422305,0.43703377210209127,1.0,0.18158573475182438,-0.14899437670901172,0.19231764473612323,False
2026-04-10,0.666425475639149,0.4930818219000238,0.644085932986447,0.6146768556288651,UP,0.2293537112577302,0.36063803976952014,0.24810957767737513,0.39125238255310474,expanding_prior_auc_min60,0.644085932986447,UP,0.5831003829343985,0.0,-0.004999998164060271,0.08844458998259222,0.0,-0.004999998164060271,0.475115706128593,1.0,0.15500006548184908,-0.10798467680580548,0.2293537112577302,False
2026-04-13,0.45294852802771846,0.5595987492319598,0.6441649410107841,0.554094730610411,UP,0.10818946122082207,0.36050175944658336,0.2499386177894087,0.38955962276400796,expanding_prior_auc_min60,0.6441649410107841,UP,0.62104257533085,0.0,0.017587933207960482,0.09338823338895803,0.0,0.017587933207960482,0.42911701922694595,1.0,0.16080408376953037,-0.1919255561039041,0.10818946122082207,False
2026-04-14,0.4930455718549822,0.4505275475099042,0.5182369768158814,0.4921383017512413,DOWN,0.015723396497517417,0.357615771423295,0.25239957745151004,0.389984651125195,expanding_prior_auc_min60,0.5182369768158814,UP,0.635959398926154,0.0,-0.01459859361963789,0.1014478453001216,0.0,-0.01459859361963789,0.4122999259911372,1.0,0.12408759906628841,-0.22365947293501687,0.015723396497517417,False
2026-04-15,0.3598163460335549,0.3947851220304324,0.5729728320742659,0.45212099925516486,DOWN,0.09575800148967029,0.35634509645166523,0.2519509579565389,0.3917039455917959,expanding_prior_auc_min60,0.5729728320742659,UP,0.6850422240962065,0.0,-0.026442298356445626,0.15385102689660013,0.0,-0.026442298356445626,0.4149312145921373,1.0,0.1105770017244887,-0.27011100950406924,0.09575800148967029,False
2026-04-16,0.25229488784361076,0.294150739580248,0.5819301088545072,0.39199522281418825,DOWN,0.2160095543716235,0.3547844440580618,0.2536159475089239,0.3915996084330143,expanding_prior_auc_min60,0.5819301088545072,UP,0.6941434214353006,0.0,-0.028777025295285474,0.13062626057813995,0.0,-0.028777025295285474,0.4293043748134291,1.0,0.10791368342378105,-0.2648390466218715,0.2160095543716235,False
2026-04-17,0.6985864763598147,0.6174491472375228,0.5815158329826877,0.6318690801638571,UP,0.26373816032771424,0.35203528402965534,0.2543670178471823,0.3935976981231623,expanding_prior_auc_min60,0.5815158329826877,UP,0.6557834864889408,0.0,-0.0024630532961539275,0.08289907747299659,0.0,-0.0024630532961539275,0.45569750154102473,1.0,0.13793110517179086,-0.20008598494791607,0.26373816032771424,False
2026-04-20,0.40937366845124706,0.5620513487357405,0.5150515017078685,0.4895218449984946,DOWN,0.020956310003010792,0.3538369309730024,0.2524064275143414,0.3937566415126562,expanding_prior_auc_min60,0.5150515017078685,UP,0.6606297186392686,0.0,0.012345674535126472,0.08363946145696993,0.0,0.012345674535126472,0.4119875045589365,1.0,0.14074081058536048,-0.24864221408033205,0.020956310003010792,False
2026-04-21,0.3499759060388054,0.4533469916533754,0.5231641804417675,0.44473874559275406,DOWN,0.11052250881449188,0.35084289629053866,0.2529972827673416,0.39615982094211977,expanding_prior_auc_min60,0.5231641804417675,UP,0.6852714983818643,0.0,0.0,0.06045431989830369,0.0,0.0,0.4689752448151058,1.0,0.12682934226907583,-0.21629625356675852,0.11052250881449188,False
2026-04-22,0.8550706352556118,0.7450892866705432,0.5811265179561842,0.718225978516946,UP,0.43645195703389206,0.34815668219891455,0.2544723164962564,0.39737100130482905,expanding_prior_auc_min60,0.5811265179561842,UP,0.6343028371129555,0.0,0.01463414109904182,0.052350800127834975,0.0,0.01463414109904182,0.43385768543934955,1.0,0.12682934226907583,-0.200445151673606,0.43645195703389206,False
2026-04-23,0.43824532785610554,0.47711273764423207,0.615255113243175,0.5183989787043504,UP,0.03679795740870073,0.34768248962134424,0.2556270768835595,0.39669043349509625,expanding_prior_auc_min60,0.615255113243175,UP,0.31811685400811884,0.0,0.026442357200667344,0.049890476687716775,0.0,0.026442357200667344,0.43576762962108107,1.0,0.1105770017244887,0.11765077561296222,0.03679795740870073,False
2026-04-24,0.8275654388280258,0.5220305510534053,0.5712576559964188,0.6476527679351085,UP,0.295305535870217,0.3475009121673811,0.257420711731114,0.39507837610150487,expanding_prior_auc_min60,0.5712576559964188,UP,0.5346934027703866,0.0,-0.022883286221618837,0.07872626260942285,0.0,-0.022883286221618837,0.43652080858812303,1.0,0.05720827157051245,-0.09817259418226354,0.295305535870217,False
2026-04-27,0.3514860198529005,0.40615007062229425,0.4539339321355276,0.4062061265412178,DOWN,0.1875877469175644,0.3454569914687912,0.25817206153333455,0.39637094699787423,expanding_prior_auc_min60,0.4539339321355276,DOWN,0.5755654588471146,1.0,-0.057395121777243596,0.16179674416102657,0.0,-0.057395121777243596,0.26512057221421176,0.0,0.019867596191620818,-0.31044488663290287,0.1875877469175644,False
2026-04-28,0.09759756130728617,0.32913570241115897,0.5421782958527168,0.33330504989360754,DOWN,0.3333899002127849,0.3464709366367403,0.25740834996710366,0.39612071339615607,expanding_prior_auc_min60,0.5421782958527168,UP,0.46010166304632893,0.0,-0.03611736751947836,0.11457230203105945,0.0,-0.03611736751947836,0.4375843923013639,0.0,0.04288942918715799,-0.022517270744965012,0.3333899002127849,False
2026-04-29,0.5362343399394284,0.5266647743402206,0.6034726306440121,0.5604939930374776,UP,0.1209879860749552,0.3475958296687674,0.2552719097642243,0.3971322605670083,expanding_prior_auc_min60,0.6034726306440121,UP,0.44974562899277454,0.0,-0.020642138736184035,0.06457309834017515,0.0,-0.020642138736184035,0.40887904874361614,1.0,0.05963311972426988,-0.0408665802491584,0.1209879860749552,False
2026-04-30,0.7827585043459825,0.5847648666141301,0.6646823983980741,0.6853599228249141,UP,0.3707198456498282,0.34846389042905407,0.25611069763535205,0.3954254119355939,expanding_prior_auc_min60,0.6646823983980741,UP,0.2892294698299768,0.0,0.023419194348986316,0.05413223906642395,0.0,0.023419194348986316,0.45241827125675577,1.0,0.10304445513554028,0.16318880142677894,0.3707198456498282,False
2026-05-04,0.3009099943684781,0.3695026637076516,0.5222662502983136,0.40637577892275545,DOWN,0.1872484421544891,0.3477077833100179,0.2547935615618056,0.39749865512817645,expanding_prior_auc_min60,0.5222662502983136,UP,0.5888165910231256,0.0,-0.03956042466185894,0.167412073774945,0.0,-0.03956042466185894,0.36138820177095476,0.0,0.03516482192165227,-0.2274283892521708,0.1872484421544891,False
2026-05-05,0.3987469179020539,0.41978664644302865,0.6037057422688334,0.48527247633200843,DOWN,0.029455047335983142,0.3499970310728176,0.2539066740546966,0.3960962948724858,expanding_prior_auc_min60,0.6037057422688334,UP,0.5527434186181882,0.0,-0.028888930715067707,0.10148656120528043,0.0,-0.028888930715067707,0.41443231536044683,1.0,0.05777775263371643,-0.13831110325774137,0.029455047335983142,False
2026-05-06,0.8668634670290709,0.5334353374093787,0.5663273880256527,0.6631959483621529,UP,0.3263918967243058,0.3502492584956181,0.25519778573715296,0.39455295576722893,expanding_prior_auc_min60,0.5663273880256527,UP,0.5809333590419514,0.0,-0.028888930715067707,0.11193926219161515,0.0,-0.028888930715067707,0.39069912538865353,1.0,0.07777768953179343,-0.1902342336532979,0.3263918967243058,False
2026-05-07,0.26632751553310813,0.16416241892618066,0.48679426138667203,0.3273141770774336,DOWN,0.3453716458451328,0.3532526157511456,0.25291871077578604,0.39382867347306844,expanding_prior_auc_min60,0.48679426138667203,DOWN,0.5485752478219807,1.0,-0.054112584160477595,0.17842690405593464,0.0,-0.054112584160477595,0.3498292225044473,0.0,0.049783475695921675,-0.19874602531753344,0.3453716458451328,False
2026-05-08,0.6470058898669029,0.5009284304198219,0.48387811456048274,0.546230829773105,UP,0.09246165954621,0.3558643467888824,0.2522742713721288,0.39186138183898883,expanding_prior_auc_min60,0.48387811456048274,DOWN,0.516706749099224,0.0,-0.045851562226914,0.12858220870074988,0.0,-0.045851562226914,0.4311046580809053,1.0,0.0589518864105516,-0.08560209101831867,0.09246165954621,False
2026-05-11,0.4322904844617669,0.35500517732787606,0.5118312173053604,0.4437043145300621,DOWN,0.11259137093987581,0.3578467729266526,0.25291404550348834,0.38923918156985904,expanding_prior_auc_min60,0.5118312173053604,UP,0.5131425863437756,0.0,-0.022371356077335425,0.07616591448890767,0.0,-0.022371356077335425,0.4361805911034509,1.0,0.08501115309387464,-0.07696199524032471,0.11259137093987581,False
2026-05-12,0.20571856742921488,0.16512856748763613,0.5675126175185466,0.33534685003191006,DOWN,0.3293062999361799,0.3563191929223039,0.2565996429201969,0.3870811641574992,expanding_prior_auc_min60,0.5675126175185466,UP,0.5121834085352979,0.0,-0.031042116808859488,0.08244447578028544,0.0,-0.031042116808859488,0.45534806500096514,1.0,0.07538799796437301,-0.05683534353433273,0.3293062999361799,False
2026-05-13,0.7929355885765244,0.6528630303087201,0.7146164124216074,0.726776277731807,UP,0.45355255546361395,0.3571106093722906,0.2559980177785205,0.3868913728491889,expanding_prior_auc_min60,0.7146164124216074,UP,0.3952333005218093,0.0,-0.015765705417124964,0.06063314503055347,0.0,-0.015765705417124964,0.5178825819333049,1.0,0.09234236692882569,0.12264928141149561,0.45355255546361395,False
2026-05-14,0.7267526217152135,0.6093715812666232,0.6537805982998731,0.6687039653181159,UP,0.33740793063623187,0.36031540193157446,0.25601955836813894,0.3836650397002866,expanding_prior_auc_min60,0.6537805982998731,UP,0.45923010653507995,0.0,-0.03744497168770888,0.06371274630386191,0.0,-0.03744497168770888,0.4513102972394315,1.0,0.06828185495354822,-0.00791980929564845,0.33740793063623187,False
2026-05-15,0.2179672974626069,0.1645784330448234,0.6886805976564103,0.3824557689477047,DOWN,0.23508846210459056,0.36171870396768535,0.2594132079630133,0.37886808806930133,expanding_prior_auc_min60,0.6886805976564103,UP,0.3591399454634741,0.0,-0.03532007493984224,0.0780502635564965,0.0,-0.03532007493984224,0.45400667619992563,1.0,0.07064014987968448,0.09486673073645152,0.23508846210459056,False
2026-05-18,0.27209214332273185,0.3406880089563309,0.7310936975736029,0.4634095019340199,DOWN,0.07318099613196016,0.36054295702782824,0.2617646744635154,0.37769236850865634,expanding_prior_auc_min60,0.7310936975736029,UP,0.3112459673123354,0.0,-0.02455361533656486,0.06961043016837942,0.0,-0.02455361533656486,0.44667618892484506,1.0,0.08258919497109929,0.13543022161250967,0.07318099613196016,False
2026-05-19,0.40041784315142825,0.6465190776346577,0.773958275977223,0.6046757223759486,UP,0.20935144475189715,0.36463415784682857,0.2595508515926773,0.37581499056049417,expanding_prior_auc_min60,0.773958275977223,UP,0.2510188215402908,0.0,-0.00907029126023895,0.07304283298896862,0.0,-0.00907029126023895,0.5326658135087752,1.0,0.09977320386262822,0.28164699196848436,0.20935144475189715,False
2026-05-20,0.8585274251391244,0.9019082852297073,0.7877527374278283,0.8436824025132688,UP,0.6873648050265375,0.3659613361333824,0.263052180856841,0.3709864830097766,expanding_prior_auc_min60,0.7877527374278283,UP,0.1952062648069708,0.0,0.020594901582991598,0.07593329209553626,0.0,0.020594901582991598,0.5868152290520146,1.0,0.10983977386377042,0.39160896424504377,0.6873648050265375,False
2026-05-21,0.6328374774364077,0.6637047504882133,0.7701534037138817,0.6916425736395928,UP,0.3832851472791856,0.36940749076623786,0.26102066549382663,0.3695718437399355,expanding_prior_auc_min60,0.7701534037138817,UP,0.28424740075885435,0.0,0.011210813526040697,0.07328514418143985,0.0,0.011210813526040697,0.46760748741652725,1.0,0.08744397227769385,0.1833600866576729,0.3832851472791856,False
2026-05-22,0.4251554654458107,0.5759778943895074,0.7559083244788212,0.5857622268649973,UP,0.1715244537299947,0.37340918490883046,0.2592109744465741,0.36737984064459545,expanding_prior_auc_min60,0.7559083244788212,UP,0.43002325339432257,0.0,0.0,0.07422910859855826,0.0,0.0,0.46209936391512935,1.0,0.11605157847932412,0.03207611052080678,0.1715244537299947,False
2026-05-25,0.4608872275675938,0.5088863410913907,0.6571661705558213,0.5448521009236604,UP,0.08970420184732086,0.37367909690800744,0.26280534321500254,0.36351555987699,expanding_prior_auc_min60,0.6571661705558213,UP,0.5132807547799461,0.0,-0.023809566702361118,0.10332392398022378,0.0,-0.023809566702361118,0.5237269806127288,1.0,0.08947887397824528,0.010446225832782763,0.08970420184732086,False
2026-05-26,0.8964024537301463,0.6439069878286505,0.7704769463865001,0.784601460386618,UP,0.5692029207732361,0.3751918203424181,0.26168694929728376,0.3631212303602982,expanding_prior_auc_min60,0.7704769463865001,UP,0.341826263978414,0.0,-0.00660798058400891,0.08058820634866626,0.0,-0.00660798058400891,0.6684548152653482,1.0,0.10867673131798039,0.32662855128693424,0.5692029207732361,False
2026-05-27,0.7361477466037207,0.5519056617437967,0.7520153545186599,0.6932424183998152,UP,0.3864848367996303,0.37639092730658946,0.2638578458116347,0.35975122688177585,expanding_prior_auc_min60,0.7520153545186599,UP,0.4067338613138268,0.0,-0.019565262277539963,0.09461892439445392,0.0,-0.019565262277539963,0.6136185694207165,1.0,0.0942157366311136,0.20688470810688964,0.3864848367996303,False
2026-05-28,0.8410955409439577,0.5865563782724268,0.7693225229981863,0.7478454287005741,UP,0.49569085740114827,0.378422480934695,0.26611940567987585,0.35545811338542915,expanding_prior_auc_min60,0.7693225229981863,UP,0.32403555627075004,0.0,-0.017429187393096846,0.08340950017849016,0.0,-0.017429187393096846,0.6287742107781934,1.0,0.09659970637764648,0.30473865450744336,0.49569085740114827,False
2026-05-29,0.5702787712378016,0.4389286774989757,0.6439192557419786,0.561001687147602,UP,0.12200337429520403,0.3768902304435949,0.26910109670614757,0.3540086728502576,expanding_prior_auc_min60,0.6439192557419786,UP,0.4650041301569021,0.0,-0.04246282956222047,0.14460388498377463,0.0,-0.04246282956222047,0.5458919072648716,1.0,0.06866087051970937,0.08088777710796946,0.12200337429520403,False
2026-06-01,0.902408500582226,0.6639317129240676,0.7677086076553665,0.7907944187815061,UP,0.5815888375630123,0.37909999655374294,0.269606427236679,0.351293576209578,expanding_prior_auc_min60,0.7677086076553665,UP,0.48133125958596207,0.0,-0.04246282956222047,0.11475046223680371,0.0,-0.04246282956222047,0.6225571722391146,1.0,0.06866087051970937,0.14122591265315249,0.5815888375630123,False
2026-06-02,0.9285377249332666,0.6830133018383143,0.7681412866266983,0.8061091547789361,UP,0.6122183095578722,0.3801118931713042,0.270189946673619,0.3496981601550767,expanding_prior_auc_min60,0.7681412866266983,UP,0.3827322386148509,1.0,-0.05252103822230858,0.11281053995545065,0.0,-0.05252103822230858,0.6214120412387277,1.0,0.05743539086794369,0.23867980262387684,0.6122183095578722,False
2026-06-03,0.401750150796894,0.4132089678275146,0.6971183380346772,0.5070884220998334,UP,0.014176844199666805,0.38246001930072054,0.2714365971324965,0.3461033835667829,expanding_prior_auc_min60,0.6971183380346772,UP,0.5889815286559221,1.0,-0.07010306801552257,0.25668344779114693,0.0,-0.07010306801552257,0.6009105410669319,0.0,0.037812938764356874,0.011929012411009743,0.014176844199666805,False
2026-06-04,0.6831171898022068,0.656100244269591,0.7338930248586766,0.6931828283915253,UP,0.3863656567830507,0.38535872964086354,0.2717898115124387,0.34285145884669777,expanding_prior_auc_min60,0.7338930248586766,UP,0.4262929576073442,1.0,-0.05450731794534458,0.10780608734733017,0.0,-0.05450731794534458,0.6446736386567617,1.0,0.05521860024774794,0.21838068104941755,0.3863656567830507,False
2026-06-05,0.22710887940633068,0.1836057437667405,0.773156307830225,0.4006766983884925,DOWN,0.19864660322301497,0.3871938553950648,0.27317996151451646,0.33962618309041875,expanding_prior_auc_min60,0.773156307830225,UP,0.3003910845668686,0.0,-0.04651161105714419,0.15137073591630879,0.0,-0.04651161105714419,0.6501167077390145,1.0,0.06414222154138205,0.34972562317214595,0.19864660322301497,False
2026-06-08,0.6068748083649245,0.613607695706515,0.7884496285138045,0.670202287635787,UP,0.3404045752715741,0.3877581063299587,0.27361990165490935,0.3386219920151319,expanding_prior_auc_min60,0.7884496285138045,UP,0.15200503024143242,0.0,-0.017429187393096846,0.0664167758503196,0.0,-0.017429187393096846,0.6587248524887869,1.0,0.09659970637764648,0.5067198222473545,0.3404045752715741,False
2026-06-09,0.45111001379268034,0.5491482540812387,0.783924990594866,0.5897438413007676,UP,0.17948768260153525,0.39229147450836105,0.2709837109530238,0.33672481453861514,expanding_prior_auc_min60,0.783924990594866,UP,0.16964449147279861,0.0,-0.021691965906692978,0.08511155908925952,0.0,-0.021691965906692978,0.6367077759714989,1.0,0.09184222568883982,0.46706328449870027,0.17948768260153525,False
2026-06-10,0.3301636228068403,0.543339083543282,0.7948600589783636,0.5434580921917151,UP,0.0869161843834303,0.39567592901151105,0.26849757790309237,0.3358264930853966,expanding_prior_auc_min60,0.7948600589783636,UP,0.15618730438346273,0.0,0.0004446420631392112,0.1006666837652728,0.0,0.0004446420631392112,0.6514507746834174,1.0,0.11605157847932412,0.49526347029995466,0.0869161843834303,False
2026-06-11,0.7141498102154841,0.8728555144679335,0.7977686303852831,0.7850267924941052,UP,0.5700535849882105,0.3954182907743306,0.270654100316116,0.3339276089095534,expanding_prior_auc_min60,0.7977686303852831,UP,0.1277739490884022,0.0,0.026666666666666616,0.07527383457690445,0.0,0.026666666666666616,0.6865822947093838,1.0,0.11555555555555563,0.5588083456209816,0.5700535849882105,False
2026-06-12,0.48409549213711034,0.757382709800729,0.7880476920307169,0.6600407991107808,UP,0.3200815982215617,0.3940883645279808,0.26815171479673916,0.33775992067528005,expanding_prior_auc_min60,0.7880476920307169,UP,0.15409784384507763,0.0,0.01298701298701288,0.07507148661850072,0.0,0.01298701298701288,0.6398595320457676,1.0,0.08658008658008653,0.48576168820069,0.3200815982215617,False
2026-06-15,0.8758723743493123,0.8315480241506715,0.7818593437067887,0.8323944438021547,UP,0.6647888876043093,0.3941923759588664,0.27120623962866297,0.33460138441247067,expanding_prior_auc_min60,0.7818593437067887,UP,0.3160111022646502,0.0,-0.01473684210526316,0.07437112037132117,0.0,-0.01473684210526316,0.6371396213997964,1.0,0.056842105263157805,0.32112851913514623,0.6647888876043093,False
2026-06-16,0.25617636199655436,0.2907081592717827,0.7655604456283162,0.4356686449707368,DOWN,0.12866271005852636,0.39364310060056085,0.2724558232053191,0.33390107619412007,expanding_prior_auc_min60,0.7655604456283162,UP,0.39970165944339076,0.0,-0.025000000000000022,0.13106891551144906,0.0,-0.025000000000000022,0.5737102821797224,0.0,0.04583333333333339,0.17400862273633166,0.12866271005852636,False
2026-06-17,0.7026249000969552,0.6481223055176564,0.7810934835971771,0.714026313491852,UP,0.42805262698370394,0.39464520184498614,0.27148680377789125,0.3338679943771226,expanding_prior_auc_min60,0.7810934835971771,UP,0.2884721375734428,0.0,-0.018867924528301883,0.07356070506292994,0.0,-0.018867924528301883,0.6247388270784225,1.0,0.052410901467505155,0.33626668950497973,0.42805262698370394,False
2026-06-18,0.9229802775562824,0.7725280986462297,0.7812156457718459,0.834895752611726,UP,0.669791505223452,0.395219916239491,0.27028331768855507,0.334496766071954,expanding_prior_auc_min60,0.7812156457718459,UP,0.4096806927366991,0.0,-0.049792531120331995,0.08771349907118021,0.0,-0.049792531120331995,0.6102005622655462,0.0,0.04149377593361003,0.2005198695288471,0.669791505223452,False
2026-06-22,0.5419979790974908,0.5885329246110025,0.7672874300152179,0.6298510644298386,UP,0.25970212885967725,0.39462763805262363,0.27149481677008225,0.3338775451772941,expanding_prior_auc_min60,0.7672874300152179,UP,0.47395199890896245,1.0,-0.08764940239043828,0.17133453871268983,1.0,-0.08764940239043828,0.5365506788469083,0.0,-0.0019920318725099584,0.06259867993794588,0.25970212885967725,False
2026-06-23,0.17577070353564164,0.19054904876196435,0.7443096270143276,0.3687711480726497,DOWN,0.2624577038547006,0.39524805659166734,0.27236423151680883,0.33238771189152383,expanding_prior_auc_min60,0.7443096270143276,UP,0.45964079166345206,1.0,-0.08032128514056225,0.1610236593870544,1.0,-0.08032128514056225,0.5096427779841812,0.0,0.006024096385542244,0.050001986320729164,0.2624577038547006,False
2026-06-24,0.37356102344806297,0.5818242472675333,0.7857786478273047,0.5670290883153242,UP,0.13405817663064834,0.3945701865773684,0.2750652812403645,0.3303645321822671,expanding_prior_auc_min60,0.7857786478273047,UP,0.2917158646053393,0.0,-0.04184100418410042,0.06479159543773863,0.0,-0.04184100418410042,0.5573192594592412,0.0,0.04811715481171541,0.2656033948539019,0.13405817663064834,False
2026-06-25,0.5516269373188374,0.7010038939546896,0.7880228915157228,0.6707779863933205,UP,0.34155597278664107,0.3940818265388262,0.27678502834064445,0.3291331451205294,expanding_prior_auc_min60,0.7880228915157228,UP,0.30249165198469596,0.0,-0.04184100418410042,0.06292969901336741,0.0,-0.04184100418410042,0.4474015619223217,0.0,0.04811715481171541,0.14490990993762576,0.34155597278664107,False
2026-06-26,0.4140765337228519,0.4812419050560205,0.7647950844205577,0.5478082616103258,UP,0.09561652322065162,0.39444202757243874,0.2773683819804768,0.32818959044708446,expanding_prior_auc_min60,0.7647950844205577,UP,0.2797549519281903,0.0,-0.021367521367521403,0.11665595827466883,0.0,-0.021367521367521403,0.5611251171636131,1.0,0.07051282051282048,0.28137016523542285,0.09561652322065162,False
2026-06-29,0.7811545258293108,0.7998765298343216,0.783314278876994,0.7869855666083259,UP,0.5739711332166517,0.3956503358315443,0.2732596409522832,0.3310900232161725,expanding_prior_auc_min60,0.783314278876994,UP,0.3454707588517134,0.0,-0.03375527426160341,0.09601363607264288,0.0,-0.03375527426160341,0.5543937164366328,1.0,0.05696202531645578,0.2089229575849194,0.5739711332166517,False
2026-06-30,0.9145738165654863,0.8863532748836503,0.785623741591342,0.8642157575154541,UP,0.7284315150309082,0.3962319414273222,0.27298724089301357,0.3307808176796643,expanding_prior_auc_min60,0.785623741591342,UP,0.34398045959152024,1.0,-0.053941908713692976,0.07624017887515083,0.0,-0.053941908713692976,0.4886876975872191,0.0,0.03941908713692954,0.14470723799569885,0.7284315150309082,False
2026-07-01,0.1488806832342851,0.16880704364109186,0.7417917924402174,0.3496925315507072,DOWN,0.30061493689858565,0.39566365709513546,0.27488669361420565,0.3294496492906589,expanding_prior_auc_min60,0.7417917924402174,UP,0.5517123779153801,1.0,-0.1217564870259481,0.21248950835181799,1.0,-0.1217564870259481,0.38889132607430427,0.0,-0.013972055888223589,-0.16282105184107581,0.30061493689858565,False
2026-07-02,0.1279349406834516,0.2868248342008615,0.7718255745230699,0.3834450460851932,DOWN,0.2331099078296136,0.3965232096254465,0.27435617432589526,0.32912061604865817,expanding_prior_auc_min60,0.7718255745230699,UP,0.5069420727964141,1.0,-0.10750507099391482,0.1529951853016832,1.0,-0.10750507099391482,0.4315965915987836,0.0,0.0020283975659229903,-0.07534548119763051,0.2331099078296136,False
2026-07-03,0.2128919641427017,0.3357445346598823,0.7574700798683277,0.42464995986778326,DOWN,0.1507000802644335,0.3978922860413176,0.2753845241909624,0.3267231897677201,expanding_prior_auc_min60,0.7574700798683277,UP,0.48800572097828016,1.0,-0.10020449897750516,0.18031249685648304,1.0,-0.10020449897750516,0.4782184694113895,0.0,0.010224948875255713,-0.009787251566890642,0.1507000802644335,False
2026-07-06,0.8996697515075578,0.7587490563722074,0.7817988784515125,0.8226443486481642,UP,0.6452886972963283,0.4001039282817776,0.2739773487772266,0.3259187229409958,expanding_prior_auc_min60,0.7817988784515125,UP,0.41687569746891173,1.0,-0.10569105691056913,0.07190397887753469,1.0,-0.10569105691056913,0.5153462741224888,0.0,0.004065040650406582,0.09847057665357706,0.6452886972963283,False
2026-07-07,0.1863165982565232,0.29760033726814383,0.7617772445156248,0.4056815686615889,DOWN,0.18863686267682223,0.3955667292326894,0.27675351402757775,0.3276797567397328,expanding_prior_auc_min60,0.7617772445156248,UP,0.4648244121975643,1.0,-0.09836065573770492,0.14669041778436004,1.0,-0.09836065573770492,0.5571959355892776,0.0,0.012295081967213184,0.09237152339171328,0.18863686267682223,False
2026-07-08,0.6117380160790891,0.5415436632298556,0.7683387078358731,0.6437957390433098,UP,0.28759147808661956,0.3904102267012864,0.27956720717758,0.3300225661211336,expanding_prior_auc_min60,0.7683387078358731,UP,0.5235796751677853,1.0,-0.10750507099391482,0.08888390201088545,1.0,-0.10750507099391482,0.4750213483283846,0.0,0.0020283975659229903,-0.048558326839400645,0.28759147808661956,False
2026-07-09,0.6900211600692844,0.6213592996662987,0.7679003934778328,0.696400296719187,UP,0.39280059343837403,0.384774523388702,0.28343006566752577,0.3317954109437723,expanding_prior_auc_min60,0.7679003934778328,UP,0.3548038952665358,1.0,-0.08902691511387162,0.0824257912158382,1.0,-0.08902691511387162,0.5184986644658685,0.0,0.022774327122153215,0.16369476919933268,0.39280059343837403,False
2026-07-10,0.5877092547528192,0.5885365402082866,0.7658078975775182,0.6471636204209201,UP,0.29432724084184025,0.38166750135829475,0.28583192404204194,0.3325005745996633,expanding_prior_auc_min60,0.7658078975775182,UP,0.29040410738966027,1.0,-0.08902691511387162,0.08559205054925981,1.0,-0.08902691511387162,0.4905245334761949,0.0,0.022774327122153215,0.20012042608653463,0.29432724084184025,False
2026-07-13,0.32789884586935236,0.3561069379421746,0.7599669312773385,0.4801920246770675,DOWN,0.039615950645864983,0.37807762894922775,0.2882672986823192,0.33365507236845304,expanding_prior_auc_min60,0.7599669312773385,UP,0.4322940494744272,1.0,-0.09836065573770492,0.13283913525006424,1.0,-0.09836065573770492,0.4143148213683653,0.0,0.012295081967213184,-0.017979228106061895,0.039615950645864983,False
2026-07-14,0.6125030596134474,0.6142363701093754,0.7657029187391879,0.6645627375253575,UP,0.3291254750507151,0.37950349576170733,0.28389304116583786,0.3366034630724548,expanding_prior_auc_min60,0.7657029187391879,UP,0.34198832969397247,1.0,-0.09090909090909094,0.11851308189119777,1.0,-0.09090909090909094,0.41477049078633277,0.0,0.02066115702479343,0.0727821610923603,0.3291254750507151,False
2026-07-15,0.38990145261689196,0.47134426037787336,0.7376395477674424,0.5299621471930791,UP,0.059924294386158206,0.37867187616207953,0.28539282244036307,0.3359353013975574,expanding_prior_auc_min60,0.7376395477674424,UP,0.439605647191705,1.0,-0.09836065573770492,0.1520808301312089,1.0,-0.09836065573770492,0.3779068316967002,0.0,0.012295081967213184,-0.06169881549500478,0.059924294386158206,False
2026-07-16,0.19783710120350073,0.2452538150456438,0.7668197213533953,0.4027705153135809,DOWN,0.19445896937283824,0.3789492074771359,0.28459240006029823,0.33645839246256587,expanding_prior_auc_min60,0.7668197213533953,UP,0.6391292589311656,1.0,-0.10931174089068829,0.2960242140087197,1.0,-0.10931174089068829,0.3551182016518705,0.0,-0.014170040485829927,-0.28401105727929504,0.19445896937283824,False
2026-07-17,0.3719232456746033,0.4314074708469101,0.7047383406110315,0.501373991839191,UP,0.0027479836783819156,0.3765903141742489,0.2854760154794671,0.337933670346284,expanding_prior_auc_min60,0.7047383406110315,UP,0.26328368781437184,0.0,-0.0393013100436681,0.10839031161205781,0.0,-0.0393013100436681,0.6415281896264731,1.0,0.06331877729257651,0.37824450181210123,0.0027479836783819156,False
2026-07-20,0.6181128562861331,0.6205104908300935,0.7355039887330097,0.6579854028860369,UP,0.3159708057720738,0.38096763220323265,0.28520189989105876,0.3338304679057086,expanding_prior_auc_min60,0.7355039887330097,UP,0.2501619996636549,1.0,-0.051724137931034475,0.10744325907557678,0.0,-0.051724137931034475,0.6618995264644721,0.0,0.049568965517241326,0.41173752680081727,0.3159708057720738,False
2026-07-21,0.8089534802452703,0.6587349168565818,0.7186181666906153,0.7356034175553634,UP,0.4712068351107268,0.3793887640965863,0.28867758758819445,0.33193364831521927,expanding_prior_auc_min60,0.7186181666906153,UP,0.3656205823213894,1.0,-0.08713692946058094,0.106599505449121,1.0,-0.08713692946058094,0.47773943473786007,0.0,0.010373443983402453,0.11211885241647068,0.4712068351107268,False
2026-07-22,0.36717688163004364,0.5047871798123952,0.7194219165526329,0.5236599045207682,UP,0.04731980904153632,0.38101357491583615,0.2867749785727777,0.3322114465113862,expanding_prior_auc_min60,0.7194219165526329,UP,0.38123773357213614,1.0,-0.08333333333333337,0.08657560656327978,1.0,-0.08333333333333337,0.5069940651339578,0.0,0.014583333333333393,0.1257563315618217,0.04731980904153632,False
2026-07-23,0.2838226989508402,0.42429613207354144,0.700433230311469,0.46361238783147346,DOWN,0.07277522433705308,0.37733040167669846,0.28833874132458276,0.3343308569987188,expanding_prior_auc_min60,0.700433230311469,UP,0.31106174076783816,1.0,-0.08523908523908519,0.08769191958223713,1.0,-0.08523908523908519,0.32492182949604803,0.0,0.012474012474012364,0.013860088728209874,0.07277522433705308,False
2026-07-24,0.21405207546119978,0.437024673989069,0.6930979057629058,0.4395157120340304,DOWN,0.12096857593193922,0.3738244440313562,0.2909447115370564,0.3352308444315874,expanding_prior_auc_min60,0.6930979057629058,UP,0.3217679863460867,1.0,-0.06382978723404253,0.1823173164618938,0.0,-0.06382978723404253,0.4802710701118362,0.0,0.036170212765957555,0.15850308376574945,0.12096857593193922,False
2026-07-27,0.2995362071453849,0.3505791025293601,0.7139911960376075,0.4533829291204674,DOWN,0.09323414175906519,0.375516409056231,0.2888555985011827,0.3356279924425863,expanding_prior_auc_min60,0.7139911960376075,UP,0.38935229095706925,1.0,-0.06382978723404253,0.1618570445579075,0.0,-0.06382978723404253,0.36673429820947423,0.0,0.036170212765957555,-0.022617992747595017,0.09323414175906519,False
2026-07-28,0.4301486333183407,0.43779607085449873,0.7231461021191884,0.529147120852145,UP,0.058294241704289984,0.37887902236896454,0.29083013015063347,0.330290847480402,expanding_prior_auc_min60,0.7231461021191884,UP,0.3356583213604553,0.0,-0.03508771929824561,0.16935803804262023,0.0,-0.03508771929824561,0.560794267818626,1.0,0.06798245614035081,0.22513594645817064,0.058294241704289984,False
2026-07-29,0.3029584957664353,0.23675316687268558,0.7159557502804076,0.4183797082115435,DOWN,0.16324058357691296,0.3841920576021177,0.28986858978372776,0.3259393526141545,expanding_prior_auc_min60,0.7159557502804076,UP,0.3329773093741199,0.0,0.002272727272727204,0.22206720181625153,0.0,0.002272727272727204,0.6252480062302613,1.0,0.10681818181818192,0.29227069685614143,0.16324058357691296,False
2026-07-30,0.7478603269249317,0.6205507213697685,0.7352200051909921,0.7068123960155028,UP,0.41362479203100566,0.3843867701504654,0.2901071717891369,0.3255060580603977,expanding_prior_auc_min60,0.7352200051909921,UP,0.3513090162969571,0.0,0.05215419501133778,0.17328109077074652,0.0,0.05215419501133778,0.657983983159004,1.0,0.10430839002267578,0.30667496686204687,0.41362479203100566,False
2026-07-31,0.44645046389129117,0.5586753494055843,0.7309434352453366,0.5714594792893208,UP,0.14291895857864167,0.38288516126983174,0.29347176229738037,0.32364307643278795,expanding_prior_auc_min60,0.7309434352453366,UP,0.35009884162384,0.0,-0.043298969072164906,0.10131488431031707,0.0,-0.043298969072164906,0.4420670561346768,0.0,0.004123711340206171,0.09196821451083681,0.14291895857864167,False
2026-08-03,0.3845228520111834,0.5529669049399482,0.7828251729609803,0.5622398869082575,UP,0.1244797738165151,0.38530926023586004,0.2919873798543948,0.32270335990974514,expanding_prior_auc_min60,0.7828251729609803,UP,,,,,,,,,,,0.1244797738165151,True
2026-08-04,0.9019295264787544,0.7404805801414586,0.7584428569831553,0.8090107311098764,UP,0.6180214622197528,0.3888932746062779,0.29133982745568604,0.3197668979380361,expanding_prior_auc_min60,0.7584428569831553,UP,,,,,,,,,,,0.6180214622197528,True
2026-08-05,0.33114168539989414,0.36804250718020753,0.6330717578155147,0.43811944140262926,DOWN,0.12376111719474148,0.3909380496052445,0.29021839137066835,0.3188435590240872,expanding_prior_auc_min60,0.6330717578155147,UP,,,,,,,,,,,0.12376111719474148,True
2026-08-06,0.6761116944715058,0.5819700830118786,0.6726247757446926,0.6479643608691822,UP,0.2959287217383644,0.3950730594767071,0.28722178345252003,0.31770515707077285,expanding_prior_auc_min60,0.6726247757446926,UP,,,,,,,,,,,0.2959287217383644,True
2026-08-07,0.6649076243222382,0.589595684882281,0.6351185417178051,0.633814003566201,UP,0.267628007132402,0.3965937401196473,0.2881783514560094,0.3152279084243433,expanding_prior_auc_min60,0.6351185417178051,UP,,,,,,,,,,,0.267628007132402,True
2026-08-10,0.30610728373819185,0.33193113577306627,0.5982983060840823,0.40523358515741503,DOWN,0.18953282968516993,0.3985580550063862,0.28760914973384527,0.31383279525976854,expanding_prior_auc_min60,0.5982983060840823,UP,,,,,,,,,,,0.18953282968516993,True
2026-08-11,0.6106390748288774,0.4531855489201475,0.6842629496456695,0.5883447124583032,UP,0.17668942491660644,0.3997060685846594,0.2877405034919693,0.3125534279233713,expanding_prior_auc_min60,0.6842629496456695,UP,,,,,,,,,,,0.17668942491660644,True
2026-08-12,0.6375130679715655,0.5067157128931488,0.6927377825440799,0.6166940960117708,UP,0.23338819202354166,0.39766225919233744,0.29073379235935337,0.3116039484483092,expanding_prior_auc_min60,0.6927377825440799,UP,,,,,,,,,,,0.23338819202354166,True
2026-08-13,0.44173587561086247,0.4821952758540295,0.7569995215461041,0.5519651286483316,UP,0.10393025729666316,0.39893032530207867,0.28844592218464893,0.3126237525132724,expanding_prior_auc_min60,0.7569995215461041,UP,,,,,,,,,,,0.10393025729666316,True
2026-08-14,0.3889862475029782,0.4875720541546398,0.7094507068249731,0.5170840561202521,UP,0.0341681122405042,0.4000553149071441,0.28918122470054,0.310763460392316,expanding_prior_auc_min60,0.7094507068249731,UP,,,,,,,,,,,0.0341681122405042,True
2026-08-17,0.6190840761618666,0.5235887102721384,0.6580010117360353,0.6034122317780295,UP,0.206824463556059,0.4006434703310907,0.29012942573112577,0.3092271039377835,expanding_prior_auc_min60,0.6580010117360353,UP,,,,,,,,,,,0.206824463556059,True
2026-08-18,0.19156994671712876,0.24581394711184082,0.6946233518693575,0.36323042202136513,DOWN,0.27353915595726974,0.40110844292314624,0.28879511085607334,0.3100964462207804,expanding_prior_auc_min60,0.6946233518693575,UP,,,,,,,,,,,0.27353915595726974,True
2026-08-19,0.36256935169067567,0.405053397618766,0.7714259886822297,0.5020667726914388,UP,0.00413354538287769,0.3989393293687631,0.2900059284265827,0.3110547422046543,expanding_prior_auc_min60,0.7714259886822297,UP,,,,,,,,,,,0.00413354538287769,True
2026-08-20,0.43619193434759757,0.5257284198680614,0.763699386751135,0.5639687196295827,UP,0.12793743925916545,0.3996407922133296,0.28930138112629616,0.31105782666037424,expanding_prior_auc_min60,0.763699386751135,UP,,,,,,,,,,,0.12793743925916545,True
2026-08-21,0.3864026098428677,0.42844157778335334,0.7274886484811992,0.5052286575332123,UP,0.010457315066424666,0.3971347055580826,0.2902649647121441,0.31260032972977325,expanding_prior_auc_min60,0.7274886484811992,UP,,,,,,,,,,,0.010457315066424666,True
2026-08-24,0.12251183805676569,0.32165833697723323,0.8125615951956511,0.3956673619602668,DOWN,0.2086652760794664,0.3975903801110226,0.2903567772524275,0.31205284263655,expanding_prior_auc_min60,0.8125615951956511,UP,,,,,,,,,,,0.2086652760794664,True
2026-08-25,0.4745464008963872,0.5089930497016485,0.7126508336363747,0.5585184282470705,UP,0.11703685649414108,0.39896859453282285,0.29037050960914834,0.31066089585802875,expanding_prior_auc_min60,0.7126508336363747,UP,,,,,,,,,,,0.11703685649414108,True
2026-08-26,0.3775779364962758,0.42607291062466845,0.667826703199002,0.4824396915841922,DOWN,0.0351206168316156,0.3975043772369263,0.28959982640739634,0.31289579635567744,expanding_prior_auc_min60,0.667826703199002,UP,,,,,,,,,,,0.0351206168316156,True
2026-08-27,0.8407767904337369,0.5859330806925196,0.767061662147698,0.7441869053654848,UP,0.48837381073096964,0.39867170110605854,0.2885402842189899,0.31278801467495154,expanding_prior_auc_min60,0.767061662147698,UP,,,,,,,,,,,0.48837381073096964,True
2026-08-28,0.8996422541379236,0.5890916317075111,0.8061652108256461,0.7810191348736365,UP,0.562038269747273,0.40002660898808606,0.28810222257595636,0.31187116843595764,expanding_prior_auc_min60,0.8061652108256461,UP,,,,,,,,,,,0.562038269747273,True
