date,dynamic_00631l_prob_up,dynamic_00631l_direction,dynamic_00631l_confidence,dynamic_00632r_prob_up,dynamic_00632r_direction,dynamic_00632r_confidence,market_direction,market_probability_up,agreement_score,conflict_flag,cross_ticker_confidence,raw_00631l_ensemble_prob_up,raw_00632r_ensemble_prob_up,is_live_00631l,is_live_00632r,fwd_0050.TW_ret_5d,fwd_0050.TW_ret_20d,fwd_00631L.TW_ret_5d,fwd_00631L.TW_ret_20d,fwd_00632R.TW_ret_5d,fwd_00632R.TW_ret_20d,market_up_5d,market_up_20d
2025-01-02,0.6411,UP,0.0461,0.4572,DOWN,0.0073,UP,0.5774,0.7854,False,0.0032,0.5817153377358841,0.5423420345392601,False,False,0.025766554606373226,0.011594949572867996,0.03006992894348781,0.02708401979294628,-0.016414650843554868,-0.02073432182055479,True,True
2025-01-03,0.575,UP,0.0014,0.5036,UP,0.0012,UP,0.5153,0.841,True,0.0001,0.4953201184091079,0.5858527611823033,False,False,0.015306122448979664,0.007653061224489832,0.009239848067424061,0.019529266318631056,-0.006097534635492008,-0.017421586867605088,True,True
2025-01-06,0.4157,DOWN,0.0168,0.6042,UP,0.0372,DOWN,0.417,0.9466,False,0.0041,0.450051803350909,0.5892841974174422,False,False,-0.03833786907739689,-0.02448675289486746,-0.08819443614855216,-0.03563617371411887,0.04474272854281902,0.012080557188156815,False,False
2025-01-07,0.4665,DOWN,0.0001,0.5292,UP,0.0006,DOWN,0.4788,0.9982,False,0.0,0.500516179145421,0.5047143993486567,False,False,-0.04305277913768135,-0.03938350309856442,-0.08462966998943655,-0.039755884067560476,0.046459209882767416,0.016689257463243568,False,False
2025-01-08,0.4862,DOWN,0.0002,0.4265,DOWN,0.0238,UP,0.5244,0.8274,True,0.0003,0.4969192368782904,0.4189225912271364,False,False,-0.036006951975321555,-0.036503629901739054,-0.07971010636792797,-0.0378419405007544,0.04190818195578494,0.013374910074848367,False,False
2025-01-09,0.4706,DOWN,0.0051,0.4211,DOWN,0.0204,UP,0.509,0.7836,True,0.0001,0.4564898401875382,0.4355036521229042,False,False,-0.005023863273892926,-0.010550143538403112,-0.015113936820479235,0.020083311744353072,0.007026782792951325,-0.01405356558590276,False,False
2025-01-10,0.5736,UP,0.0112,0.4688,DOWN,0.0034,UP,0.5409,0.8992,False,0.0004,0.5380042274742823,0.5273865412015613,False,False,-0.013567823860513473,-0.006783950268922756,-0.003953266622504725,0.03433207492015633,0.0,-0.01971949437373932,False,False
2025-01-13,0.7068,UP,0.1397,0.3666,DOWN,0.0594,UP,0.6663,0.8642,False,0.0311,0.6689132822997828,0.3887323733280352,False,False,0.02006177611996307,0.014917743036646725,0.06615752558791699,0.08078611621990928,-0.03211991382215096,-0.04282655176286798,True,True
2025-01-14,0.7133,UP,0.1463,0.3512,DOWN,0.0676,UP,0.6738,0.8756,False,0.0345,0.6714336779987453,0.3864376037461702,False,False,0.015848623456003352,0.004856834962159606,0.05203186237360069,0.05740721694129869,-0.028017306228594774,-0.03318967381215343,True,True
2025-01-15,0.4178,DOWN,0.0414,0.3357,DOWN,0.1008,UP,0.5057,0.484,True,0.0004,0.3741979057922819,0.3466257544113057,False,False,0.037094264409256894,0.019835088736026796,0.09755059331427307,0.09558164402905778,-0.04706890637432304,-0.04749681516862003,True,True
2025-01-16,0.726,UP,0.1593,0.3936,DOWN,0.0441,UP,0.6673,0.7936,False,0.0319,0.6762577371705083,0.3965148244206938,False,False,-0.027013410861283726,-0.009341106160105195,-0.035105706480102916,0.03825975719384411,0.013519383419825282,-0.023113854321487937,False,False
2025-01-17,0.6938,UP,0.1192,0.5199,UP,0.0027,UP,0.5979,0.5906,True,0.0056,0.6538004706575523,0.5342372702364601,False,False,-0.012480880846426734,-0.013499791717143883,-0.03634894177656367,0.006893649958121584,0.014460995973672341,-0.007449609052032624,False,False
2025-01-20,0.5405,UP,0.0003,0.5081,UP,0.0002,UP,0.5148,0.9388,True,0.0,0.5019523051080681,0.4951791776365539,False,False,-0.0075642964040121274,-0.01815434214882994,-0.01843167884540209,-0.004096310562006988,0.004867199165762948,-0.0017699519846088307,False,False
2025-01-21,0.5262,UP,0.0012,0.5412,UP,0.002,UP,0.5003,0.8958,True,0.0,0.5114741610763452,0.5120680375496507,False,False,-0.005284363703494721,-0.031202803439685844,-0.015327636045955328,-0.02534158296840905,0.004434606867098179,0.009756152024233966,False,False
2025-01-22,0.585,UP,0.0248,0.5122,UP,0.0005,UP,0.5467,0.8296,True,0.0006,0.5729315206079391,0.4900745253657707,False,False,-0.013661201978685145,-0.0658221549882102,-0.02391412929524739,-0.08549214674002348,0.009878729628754801,0.04265823242314459,False,False
2025-02-03,0.5015,UP,0.0003,0.2937,DOWN,0.1794,UP,0.5762,0.5532,True,0.007,0.4594896264610605,0.2826180710880074,False,False,0.018681920916078454,-0.030617509029172818,0.04923684625283253,-0.011111155805208606,-0.02452666525120173,0.00516354735005331,True,False
2025-02-04,0.6646,UP,0.0675,0.326,DOWN,0.101,UP,0.6513,0.958,False,0.0233,0.6025877083453599,0.3548255034410686,False,False,0.018828959409654455,-0.023729718641634867,0.052460461378295076,0.00845473610673353,-0.025485968134341896,-0.002591769629851637,True,False
2025-02-05,0.6143,UP,0.026,0.4901,DOWN,0.0004,UP,0.5604,0.8312,False,0.0013,0.5567532015897263,0.4903549401328029,False,False,0.00203248927988664,-0.044207300880753087,0.010640651418927227,-0.04172704913806091,-0.00396293478060028,0.021576472841067673,True,False
2025-02-06,0.6295,UP,0.0533,0.5312,UP,0.001,UP,0.5629,0.7136,True,0.0016,0.6029096487752172,0.5076683984989458,False,False,-0.006577221518405896,-0.057171708281898104,0.012661224307077168,-0.06434244764393227,-0.004856454960508572,0.03487862820452481,False,False
2025-02-07,0.5374,UP,0.0007,0.5728,UP,0.0098,DOWN,0.4899,0.8366,True,0.0,0.4951098882853076,0.5335496744393696,False,False,-0.022916157047712216,-0.06698566027365294,-0.024091289664931237,-0.08636229639104842,0.010671399446894325,0.0462428157452861,False,False
2025-02-10,0.5774,UP,0.0058,0.5137,UP,0.001,UP,0.533,0.8812,True,0.0001,0.5186149962000843,0.4820660511469712,False,False,0.003311227133873107,-0.07284769653308343,0.023048868637611353,-0.1050664556035582,-0.00970442490578316,0.05646231505680532,True,False
2025-02-11,0.7375,UP,0.2057,0.4816,DOWN,0.0061,UP,0.6544,0.6212,False,0.0329,0.7164970916214717,0.4176184921478248,False,False,0.0007594627670095555,-0.07443036429489713,0.02389326194922381,-0.10257481321221407,-0.008421925142144349,0.05762416556665806,True,False
2025-02-12,0.768,UP,0.2447,0.5012,UP,0.0002,UP,0.6596,0.5274,False,0.0376,0.7282849440116823,0.4469036252248026,False,False,0.0005071303502193203,-0.08164295686552281,0.021882786601510107,-0.11663906759848608,-0.011936359316811695,0.06277630519937993,True,False
2025-02-13,0.7352,UP,0.1691,0.4655,DOWN,0.0104,UP,0.649,0.6662,False,0.0253,0.6797008850924953,0.4243444638975067,False,False,0.0010185736797825307,-0.08072322694586276,0.007992839599142876,-0.12359139479028713,-0.004880239835118427,0.06654835577077023,True,False
2025-02-14,0.846,UP,0.4672,0.3708,DOWN,0.0881,UP,0.7632,0.6012,False,0.1477,0.8375455148638781,0.3295520593883445,False,False,0.02036080901155768,-0.0615979224136195,0.047907570585124626,-0.09079554384764865,-0.02067748890540677,0.04927412502372652,True,False
2025-02-17,0.6744,UP,0.0918,0.4565,DOWN,0.0158,UP,0.6197,0.8014,False,0.0127,0.6316285530983647,0.4089855592458141,False,False,-0.003808073174010218,-0.07184561622614771,0.0024353433169777006,-0.11081804284926733,-0.002227222392425121,0.05612464493155889,False,False
2025-02-18,0.6565,UP,0.0748,0.4713,DOWN,0.0088,UP,0.6044,0.8038,False,0.0086,0.6194711353508604,0.4231535810627088,False,False,-0.020237794705396883,-0.08651652604493565,-0.030376070492884488,-0.13538564755971982,0.01251670848423947,0.07197132957542185,False,False
2025-02-19,0.5702,UP,0.0011,0.4429,DOWN,0.0255,UP,0.5587,0.9416,False,0.002,0.5040003683807437,0.3883171387166814,False,False,-0.013177932403952153,-0.06512927473267538,-0.017576005723741295,-0.10222218831380203,0.00939593203080058,0.055033535626071606,False,False
2025-02-20,0.7462,UP,0.2226,0.4267,DOWN,0.0375,UP,0.6804,0.7066,False,0.0475,0.7259998159998922,0.3722458105062889,False,False,-0.02060545911409284,-0.06919361939635438,-0.03029628205689361,-0.11264731702493225,0.01515827677048387,0.058849740386299754,False,False
2025-02-21,0.6845,UP,0.1047,0.3916,DOWN,0.0643,UP,0.6507,0.9054,False,0.0254,0.6418879063784044,0.3518482622806191,False,False,-0.05001259938929381,-0.07678705320827317,-0.08384861830577717,-0.13415830867907108,0.04312664306387015,0.0700808378213007,False,False
2025-02-24,0.6769,UP,0.0902,0.2894,DOWN,0.1943,UP,0.6828,0.884,False,0.0516,0.627502654367055,0.2693070990490865,False,False,-0.04791026525328701,-0.05886851799903303,-0.08098797427347859,-0.10811939169429141,0.04285718786473258,0.05491069478495958,False,False
2025-02-25,0.7987,UP,0.3131,0.2617,DOWN,0.2198,UP,0.7658,0.8994,False,0.1374,0.7620454104633891,0.269396758715247,False,False,-0.02272137379377559,-0.047250163619295016,-0.03485489886632154,-0.0842325344194379,0.019426072470996703,0.042825661679462224,False,False
2025-02-26,0.7077,UP,0.1205,0.323,DOWN,0.1019,UP,0.6776,0.9594,False,0.036,0.6450071643530901,0.3561248152278473,False,False,-0.03389825859360984,-0.07036464901375472,-0.05552074807934493,-0.12276393124773222,0.028368852488815266,0.06382981241783758,False,False
2025-02-27,0.7293,UP,0.1745,0.2385,DOWN,0.2878,UP,0.7359,0.8986,False,0.1078,0.6902727275298459,0.2248837728432859,False,False,-0.03194802024147725,-0.06909092494419644,-0.05472920786355606,-0.13566830424760346,0.029424684357680864,0.07158538111538926,False,False
2025-03-03,0.4837,DOWN,0.0035,0.2877,DOWN,0.1722,UP,0.566,0.5234,True,0.0058,0.4464462791018559,0.2972498748336235,False,False,-0.014889672992917546,-0.0813613549772011,-0.02484287012206099,-0.16757484517440102,0.013350619399576269,0.09086996867988884,False,False
2025-03-04,0.7163,UP,0.1975,0.3142,DOWN,0.1408,UP,0.7071,0.9332,False,0.071,0.7282882138682385,0.3105695915666411,False,False,-0.025695947394753782,-0.05620984918876426,-0.05045217645975564,-0.12293436563281412,0.02525685518717169,0.061643775217663066,False,False
2025-03-05,0.6268,UP,0.0209,0.3026,DOWN,0.1708,UP,0.6397,0.7856,False,0.0269,0.5411688504723609,0.2836736219315346,False,False,-0.034081886120170046,-0.07001321003963012,-0.06341406081788614,-0.1388647675498189,0.0333477892020444,0.0723256849397107,False,False
2025-03-06,0.5272,UP,0.0034,0.3748,DOWN,0.0806,UP,0.5591,0.738,False,0.0053,0.4685640252895639,0.3391420967226597,False,False,-0.03721424653302641,-0.15789479661519346,-0.06836515905276841,-0.3021993006025102,0.03620690193811282,0.17370683822280486,False,False
2025-03-07,0.6337,UP,0.0863,0.2903,DOWN,0.18,UP,0.6706,0.864,False,0.0467,0.661367268358551,0.2853821829572523,False,False,-0.031392572642396366,-0.17762277981965235,-0.05146385137371012,-0.368677787010549,0.02559728531566985,0.19069962506441573,False,False
2025-03-10,0.6992,UP,0.1972,0.3057,DOWN,0.1484,UP,0.7069,0.954,False,0.0748,0.7474740361058949,0.3090723076124886,False,False,-0.01727393764233298,-0.21079623779626344,-0.028826694947437725,-0.4348598479627249,0.013599646641992535,0.25711853210842595,False,False
2025-03-11,0.7129,UP,0.2067,0.2997,DOWN,0.1465,UP,0.7117,0.9416,False,0.076,0.7426851897461643,0.3171980996843038,False,False,0.0043956211635045594,-0.11648349971561645,0.016473905768651376,-0.29605582520727225,-0.010020946589620938,0.11189972077054011,True,False
2025-03-12,0.6776,UP,0.1551,0.5551,UP,0.0075,UP,0.596,0.5208,True,0.0083,0.7183176220171051,0.5342426872771433,False,False,-0.012308533711363978,-0.09983588454773007,-0.013541381853889534,-0.26509077138704584,0.00502929290926768,0.0779546796070063,False,False
2025-03-13,0.5695,UP,0.0344,0.635,UP,0.0735,DOWN,0.4989,0.5522,True,0.0001,0.6236659760972084,0.6361684241906356,False,False,0.018498016188976507,-0.09607956139619178,0.03856040979849573,-0.2533306032261943,-0.019134815902780433,0.07445919051619332,True,False
2025-03-14,0.5214,UP,0.0061,0.5181,UP,0.0011,UP,0.5208,0.9088,True,0.0001,0.5716801682172189,0.4852960166222158,False,False,0.013573390294970622,-0.08393348419104918,0.020580064277127663,-0.2282505335982925,-0.012063265577499815,0.05740428902709671,True,False
2025-03-17,0.4409,DOWN,0.0083,0.6544,UP,0.1054,DOWN,0.4203,0.732,False,0.009,0.5352487289723402,0.6706725173882958,False,False,0.0038450806729355413,-0.10821201108489609,-0.002070373584493246,-0.27243458283753663,-0.0012578904052688022,0.08763103224986613,True,False
2025-03-18,0.2883,DOWN,0.1303,0.6824,UP,0.1214,DOWN,0.3144,0.9706,False,0.0437,0.346132800789783,0.6663146255485979,False,False,0.010120299856902992,-0.12171772225682165,0.005477716450255743,-0.28189919775734495,-0.0033741006661803796,0.09574021701461244,True,False
2025-03-19,0.5074,UP,0.0025,0.4259,DOWN,0.03,UP,0.5538,0.901,False,0.0024,0.5834581644294895,0.3989773065331472,False,False,0.02187757896137965,-0.10883416684097436,0.026989716264660846,-0.2652397873642237,-0.015012456625316362,0.08131779817196771,True,False
2025-03-20,0.3201,DOWN,0.0569,0.5174,UP,0.0024,DOWN,0.4135,0.7094,True,0.002,0.4209520257073451,0.4656689875891442,False,False,-0.018704239660195188,-0.14014633381631458,-0.040054508622631824,-0.31300595489328387,0.01781170812777222,0.11747245405963147,False,False
2025-03-21,0.387,DOWN,0.0156,0.4189,DOWN,0.0451,DOWN,0.4893,0.6262,True,0.0004,0.4654982512375809,0.3607956102193906,False,False,-0.020497404004116482,-0.1475813088296387,-0.055453738983377465,-0.3185151278379179,0.02736840499074833,0.12336843390213814,False,False
2025-03-24,0.3714,DOWN,0.0159,0.4442,DOWN,0.0247,DOWN,0.4734,0.6612,True,0.0006,0.469071070403327,0.3892671381825275,False,False,-0.05471956224350205,-0.10889189546639877,-0.11920682106790836,-0.2570900163270242,0.06339211789368493,0.0755667996419116,False,False
2025-03-25,0.2912,DOWN,0.1014,0.5915,UP,0.0246,DOWN,0.3599,0.8096,False,0.0152,0.3786043641237798,0.5671014838699382,False,False,-0.045220639700684795,-0.1232060696018964,-0.09625362651833669,-0.27990901220765896,0.0495133354992463,0.08929330026616511,False,False
2025-03-26,0.2264,DOWN,0.2531,0.5319,UP,0.0042,DOWN,0.341,0.5008,False,0.0382,0.2686966628657657,0.4671500432622762,False,False,-0.046070460704607075,-0.10162601626016265,-0.09243286942280182,-0.24966061819204366,0.04826415534053963,0.06562231930516949,False,False
2025-03-27,0.4869,DOWN,0.0038,0.2191,DOWN,0.3225,UP,0.6233,0.4676,False,0.0407,0.5723444787602936,0.2129737972097777,False,False,-0.12486191217411946,-0.07651937073765536,-0.24871046000871888,-0.21307931920157508,0.13458331425984693,0.04291669527689623,False,False
2025-03-28,0.5249,UP,0.0111,0.4606,DOWN,0.0025,UP,0.5456,0.952,False,0.0012,0.6115182491081866,0.4840029930327038,False,False,-0.1448102532933483,-0.06361603845214914,-0.3095585279371418,-0.17054861380384434,0.14385247064578688,0.017213118150009477,False,False
2025-03-31,0.6951,UP,0.179,0.3237,DOWN,0.0912,UP,0.6882,0.9056,False,0.0513,0.7293031883056383,0.3706806461724752,False,False,-0.15369032157312768,-0.024023119516552116,-0.337957958809027,-0.1083770305819226,0.1677852354046978,-0.0169759299830613,False,False
2025-04-01,0.6938,UP,0.1913,0.4534,DOWN,0.0078,UP,0.6453,0.6652,False,0.0316,0.7467615273564072,0.4584297559502858,False,False,-0.08791831952180706,-0.015882036320417958,-0.23788068660272177,-0.09645847213829362,0.07379032177433875,-0.026209662843816872,False,False
2025-04-02,0.4196,DOWN,0.0071,0.5273,UP,0.0106,DOWN,0.4434,0.9834,False,0.0014,0.4780282530466686,0.5968139692933333,False,False,-0.06505680084228516,-0.02301138097589661,-0.20069969947038868,-0.12556253065813694,0.038772175912698215,-0.012116362747817577,False,False
2025-04-07,0.888,UP,0.5896,0.1198,DOWN,0.5711,UP,0.8826,0.9868,False,0.4415,0.8799328363821749,0.124454345444161,False,False,0.03345961651501961,0.0795454961428208,-0.003120482246349199,0.09048351109110575,-0.05141386860321984,-0.09695187051154908,True,True
2025-04-08,0.9073,UP,0.6498,0.1936,DOWN,0.3426,UP,0.8614,0.7854,False,0.3531,0.8988606598432388,0.2205159867050222,False,False,0.07895599415018362,0.11158242155638254,0.15952243007375655,0.2245252900586423,-0.08921532729241644,-0.12038698060627584,True,True
2025-04-09,0.8987,UP,0.6253,0.2046,DOWN,0.3181,UP,0.8523,0.7796,False,0.3277,0.8921405139674199,0.2308240301219461,False,False,0.11046518120647342,0.18057462179441486,0.25029536174419764,0.4104386286786237,-0.1230560986827881,-0.18018931499166357,True,True
2025-04-10,0.899,UP,0.6134,0.25,DOWN,0.2452,UP,0.8357,0.7088,False,0.285,0.8842994442223284,0.254804388707421,False,False,-0.0015547263386527232,0.0867537107182268,0.03691564378115264,0.2027032792844825,-0.02440854821685101,-0.09763419286740405,False,True
2025-04-11,0.8706,UP,0.5167,0.35,DOWN,0.0851,UP,0.7784,0.5624,False,0.1653,0.8486049756777188,0.3581984608393366,False,False,-0.022181762914494474,0.0738377008274056,-0.013741403964383392,0.16427312287795837,0.008164891035290722,-0.07853804838035916,False,True
2025-04-14,0.7879,UP,0.1432,0.3766,DOWN,0.0672,UP,0.7145,0.7112,False,0.044,0.624364216982608,0.3637877967361413,False,False,-0.031154495661591564,0.09254740035250886,-0.04444347110251423,0.1940531814184443,0.02013164766936093,-0.09330235596324099,False,True
2025-04-15,0.7322,UP,0.0453,0.4739,DOWN,0.0059,UP,0.6428,0.646,False,0.0071,0.5487113550547729,0.4438268146544617,False,False,-0.0568491612234272,0.10613841636015287,-0.09878800710042313,0.20424270629882812,0.04956727872148514,-0.09913455744297028,False,True
2025-04-16,0.8386,UP,0.1214,0.2412,DOWN,0.2764,UP,0.7971,0.882,False,0.1172,0.5896301070737129,0.2329969342826093,False,False,0.0030797658220056423,0.12411452503202614,0.018976252827553886,0.24952695225875532,-0.012336148351426601,-0.11449503313632148,True,True
2025-04-17,0.8747,UP,0.4715,0.2167,DOWN,0.2951,UP,0.8318,0.8118,False,0.2494,0.8145934469531405,0.2395492929533813,False,False,0.008408538268861676,0.13983180642484827,0.008264354782313132,0.2724097288917364,-0.009237866641529036,-0.11970741946884667,True,True
2025-04-18,0.8861,UP,0.4816,0.1481,DOWN,0.4802,UP,0.8657,0.9416,False,0.3459,0.8118840613452354,0.1588863117748358,False,False,0.030142985006176515,0.1215040633521427,0.048765046845479,0.22925989178987316,-0.0293096883894034,-0.10605476157480354,True,True
2025-04-21,0.8877,UP,0.4983,0.1327,DOWN,0.5339,UP,0.8751,0.9692,False,0.3834,0.8213345781972505,0.1365992886302809,False,False,0.0539091265065168,0.13997475469044196,0.09957424665408099,0.2748103736943768,-0.050094864353493196,-0.12144215243312895,True,True
2025-04-22,0.901,UP,0.548,0.1529,DOWN,0.4657,UP,0.8741,0.8962,False,0.3741,0.8416949788774394,0.1645231420410621,False,False,0.07598593353899519,0.17730047897628443,0.14962963600503687,0.34162737227562157,-0.06971516450810278,-0.1424288268719397,True,True
2025-04-23,0.8893,UP,0.5219,0.1172,DOWN,0.5815,UP,0.884,0.9922,False,0.4212,0.8350889790668343,0.1202170961756326,False,False,0.03530856484183986,0.11513662448426043,0.05710711513108335,0.21291098359966143,-0.028103091222407173,-0.09758001241637759,True,True
2025-04-24,0.8437,UP,0.3226,0.1402,DOWN,0.507,UP,0.8429,0.9524,False,0.2799,0.734593238750417,0.1477229066926084,False,False,0.07164920655236373,0.11704764003355983,0.13398500042133654,0.22793165856161668,-0.0617715682488843,-0.09945607959231051,True,True
2025-04-25,0.8549,UP,0.3624,0.1686,DOWN,0.4088,UP,0.8383,0.95,False,0.2552,0.7552858737167216,0.1915646833430794,False,False,0.03740571311156682,0.08989438248256043,0.05766900173567069,0.1690825993364049,-0.028208223665839194,-0.07707590497326944,True,True
2025-04-28,0.8609,UP,0.3834,0.1705,DOWN,0.406,UP,0.8405,0.9382,False,0.2628,0.7656246863967873,0.1920265258290954,False,False,0.023033241065506305,0.07119359611010867,0.04110728743901837,0.13255829912465544,-0.01757892616808332,-0.06392330553643932,True,True
2025-04-29,0.8889,UP,0.4982,0.1818,DOWN,0.3584,UP,0.8518,0.8554,False,0.2938,0.8202718021401373,0.2183896130234007,False,False,0.015196680604179003,0.0688319597240723,0.019303913305348752,0.11640896757848562,-0.01087834250940689,-0.058823493248354675,True,True
2025-04-30,0.8306,UP,0.2875,0.183,DOWN,0.318,UP,0.8097,0.9962,False,0.1795,0.7174317409926894,0.2492580609215801,False,False,0.023724791549201374,0.06613282024223999,0.04726964281149315,0.12712850575017098,-0.026104402750534605,-0.0646585834404908,True,True
2025-05-02,0.8805,UP,0.4979,0.2524,DOWN,0.211,UP,0.8142,0.7238,False,0.2138,0.827107894783369,0.2869458636848275,False,False,0.007204610951008661,0.013832817847172274,0.014456302410526867,0.021406750660776686,-0.004968899949492789,-0.01490677882771907,True,True
2025-05-05,0.8844,UP,0.4949,0.3468,DOWN,0.0976,UP,0.7827,0.5234,False,0.1628,0.8219315170803735,0.6592959752710371,False,False,0.02762430988253972,0.03024133201821111,0.06423145123837304,0.06280334030858081,-0.03107106909156243,-0.031479909208330215,True,True
2025-05-06,0.8672,UP,0.4738,0.2243,DOWN,0.1658,UP,0.8188,0.834,False,0.1964,0.8225967779633856,0.3496279942159257,False,False,0.04590646844161195,0.06023393597519178,0.0915590630743468,0.11988517747809224,-0.047580320009506516,-0.06262712102363577,True,True
2025-05-07,0.883,UP,0.5461,0.1986,DOWN,0.3738,UP,0.841,0.8422,False,0.3054,0.8564394563865695,0.1899225046125892,False,False,0.07367177777112954,0.06633394416259741,0.14031652963193886,0.12482116612808802,-0.06720976251760702,-0.06191440316301344,True,True
2025-05-08,0.8771,UP,0.5004,0.1913,DOWN,0.411,UP,0.8442,0.8678,False,0.3088,0.83175455754084,0.1671194934854175,False,False,0.05735801591192824,0.05417143982671102,0.10765383265708839,0.10288747275638932,-0.05278353346991782,-0.05278353346991782,True,True
2025-05-09,0.8873,UP,0.6149,0.256,DOWN,0.3051,UP,0.8254,0.6964,False,0.2948,0.896864336605911,0.1873905533268587,False,False,0.047210300429184615,0.05121600542627869,0.09701334976995257,0.09125807983643108,-0.048272984363948446,-0.04868914036045635,True,True
2025-05-12,0.8632,UP,0.5475,0.3766,DOWN,0.0939,UP,0.7626,0.516,False,0.1657,0.8769076923744009,0.3097377426307847,False,False,0.021222411232403315,0.06762873318974938,0.04130904614780606,0.1094416994651577,-0.021940946878652223,-0.05527431776877878,True,True
2025-05-13,0.7936,UP,0.3804,0.316,DOWN,0.1661,UP,0.7435,0.7916,False,0.1298,0.8239510664507355,0.2742970428652126,False,False,0.010902973898214707,0.05479445042510456,0.020183518327744565,0.10406378353003087,-0.011528627535615121,-0.0520921993757546,True,True
2025-05-14,0.7767,UP,0.3379,0.3858,DOWN,0.0736,UP,0.7066,0.6866,False,0.083,0.8053237151998623,0.3388482402218372,False,False,0.003827294862718489,0.03143794528092947,0.0040257429610741635,0.05183669375062694,-0.0008733824496437448,-0.025764199232146456,True,True
2025-05-15,0.7907,UP,0.371,0.3967,DOWN,0.0613,UP,0.7066,0.6424,False,0.0855,0.8190321569378022,0.3516701592335268,False,False,-0.004931473405393794,0.033698596693064964,-0.010883689345320802,0.03340916025621343,0.006530323481189537,-0.016543281328949555,False,True
2025-05-16,0.7943,UP,0.3532,0.5693,UP,0.019,UP,0.648,0.2788,True,0.0273,0.8000132061126962,0.5683840177189193,False,False,-0.01174860052723703,0.03087428358734634,-0.026980308839066658,0.02548109413950872,0.01355485153330549,-0.016615699788840588,False,True
2025-05-19,0.7765,UP,0.2909,0.4985,DOWN,0.0007,UP,0.6758,0.478,False,0.0533,0.7630172013660614,0.6122209507605015,False,False,0.0011083233672735116,0.0454419345354391,-0.002576285740505946,0.06388386587273165,0.0021569989819794078,-0.03192406218186861,True,True
2025-05-20,0.5825,UP,0.0056,0.5395,UP,0.0251,UP,0.5537,0.7526,True,0.0005,0.5170830300777918,0.6586277616835728,False,False,-0.0096792033764459,0.05243360380267914,-0.023123780407535155,0.0765681159945304,0.012095062257425848,-0.038876874011258056,False,True
2025-05-21,0.5399,UP,0.0074,0.5054,UP,0.0031,UP,0.5455,0.8884,False,0.0009,0.4535562366933181,0.6416314154210715,False,False,-0.023148147378621586,0.02614372349346472,-0.04335819203430635,0.028070679871729842,0.020979085104515294,-0.017045428494472437,False,True
2025-05-22,0.4592,DOWN,0.0189,0.4202,DOWN,0.0373,UP,0.5293,0.749,True,0.0009,0.3842518129099517,0.616694908492098,False,False,-0.01018725793688069,0.035903021996350315,-0.01765621780465132,0.0435001137624913,0.007352944209477075,-0.024221511806380325,False,True
2025-05-23,0.4724,DOWN,0.0118,0.4428,DOWN,0.0363,UP,0.5277,0.8086,True,0.0008,0.3926613858078607,0.6583444582028799,False,False,-0.027370815814061644,0.03157307858651559,-0.0567390892623556,0.029525726335712044,0.02631581545817996,-0.02113890270349794,False,True
2025-05-26,0.4391,DOWN,0.0324,0.3693,DOWN,0.0102,UP,0.5326,0.6066,True,0.0006,0.3668807964588242,0.5194647460501981,False,False,-0.019374481695280665,0.05153619226091766,-0.0384818415537348,0.08109547699374553,0.01980202328394043,-0.04347827157919115,False,True
2025-05-27,0.5043,UP,0.0018,0.4417,DOWN,0.0338,UP,0.5517,0.8874,False,0.0032,0.3932987091060049,0.6448432461702887,False,False,0.012566322042170563,0.0763473774697101,0.029457486001833733,0.12440816890530271,-0.016218568637034525,-0.05975243705912403,True,True
2025-05-28,0.4348,DOWN,0.0395,0.5126,UP,0.0088,DOWN,0.4754,0.885,True,0.0004,0.348739423435157,0.6741701032939752,False,False,0.012824018481723654,0.07588514160683246,0.02698442031498849,0.11448763724802258,-0.01412670869365562,-0.05522264048896053,True,True
2025-05-29,0.4235,DOWN,0.0509,0.6445,UP,0.1465,DOWN,0.4189,0.8594,False,0.013,0.3337418492818442,0.753456465981982,False,False,0.012239204162682649,0.07460363650686719,0.02474612589637193,0.10549561222390724,-0.013739870742534355,-0.0519536687100165,True,True
2025-06-02,0.5738,UP,0.0119,0.4899,DOWN,0.0062,UP,0.5747,0.8656,False,0.0028,0.4596894176916241,0.6537620551873476,False,False,0.04434339580675628,0.09971579962216492,0.0838323086569639,0.16222147857202418,-0.03909206680899224,-0.07314004251807849,True,True
2025-06-03,0.6107,UP,0.0122,0.5455,UP,0.0293,UP,0.5691,0.689,True,0.001,0.5275505146294205,0.6609231724880077,False,False,0.064916739464975,0.09827831928847086,0.11093247932713424,0.16868215390708619,-0.05487552195451617,-0.08020259922741513,True,True
2025-06-04,0.5066,UP,0.0003,0.7247,UP,0.2477,DOWN,0.4251,0.539,True,0.0088,0.4867975980556804,0.7756385788869214,False,False,0.04054048936021415,0.07335908895688714,0.07613785177358912,0.11344001723924446,-0.03687629077030241,-0.05639910108848789,True,True
2025-06-05,0.3611,DOWN,0.0495,0.6358,UP,0.1461,DOWN,0.3618,0.9254,False,0.0247,0.4109442034215102,0.7690290205568973,False,False,0.038535646766875375,0.08604462101837163,0.06632663438044117,0.14260268139378707,-0.031263621330269165,-0.0681720171672967,True,True
2025-06-06,0.3341,DOWN,0.103,0.5993,UP,0.1005,DOWN,0.3668,0.813,False,0.0245,0.3448701246188765,0.7530260793658469,False,False,0.036823286950359746,0.0741412790295426,0.03787525503390632,0.11438766689734559,-0.016543281328949555,-0.0561601674680382,True,True
2025-06-09,0.5171,UP,0.0027,0.6552,UP,0.1684,DOWN,0.4657,0.6522,True,0.0027,0.4599401561883908,0.7713911914824747,False,False,0.026946091619352908,0.05759391402731273,0.030889457768193518,0.086639781833042,-0.016185513095124504,-0.0468066345693664,True,True
2025-06-10,0.4804,DOWN,0.001,0.6319,UP,0.1281,DOWN,0.4365,0.8208,False,0.0073,0.513357012510843,0.7427017493945807,False,False,0.0,0.025178903544552433,-0.0014510053858252103,0.03892665371698634,0.0022331909679416118,-0.02411786614109368,False,True
2025-06-11,0.5286,UP,0.0131,0.507,UP,0.0054,UP,0.5087,0.9858,False,0.0001,0.6141195822893271,0.6924390785170366,False,False,0.008640365415049533,0.035780547142258756,-0.0052231902914352535,0.03941088303287543,0.002252217808209167,-0.022522521748499114,True,True
2025-06-12,0.4201,DOWN,0.0084,0.3677,DOWN,0.0208,DOWN,0.4964,0.504,True,0.0001,0.5262293527819479,0.4607617386013093,False,False,-0.0013252054497132626,0.047654417089973755,-0.018659993221885274,0.06052629571211976,0.008068144755026152,-0.03361721281728047,False,True
2025-06-13,0.3237,DOWN,0.0746,0.4146,DOWN,0.0021,DOWN,0.4222,0.4294,True,0.0032,0.3942338196323551,0.4937251439633009,False,False,-0.0028094290826624624,0.052107087988821243,-0.0012252432167392246,0.10115039464814757,-0.0013280516353635363,-0.05267819946965746,False,True
2025-06-16,0.4475,DOWN,0.0042,0.5497,UP,0.0444,DOWN,0.4435,0.9308,False,0.0021,0.4798002360782645,0.7234017963781487,False,False,-0.011078698147413912,0.04595819617408403,-0.023142591310289062,0.07551706873185449,0.00889287527678384,-0.040462421372753354,False,True
2025-06-17,0.4248,DOWN,0.0136,0.5981,UP,0.0809,DOWN,0.4063,0.9742,False,0.0083,0.5451978603874914,0.7061406563741501,False,False,0.00694414449915981,0.06016435977063206,0.01356012692952624,0.09782173131678817,-0.00980397573383407,-0.0521390395921878,True,True
2025-06-18,0.4314,DOWN,0.0126,0.6051,UP,0.0885,DOWN,0.4237,0.9516,False,0.0068,0.4541143863050802,0.7105662689530569,False,False,0.012823220817004488,0.059491314887744284,0.020286208554850527,0.10095424216343485,-0.009887609588965951,-0.052584273091862754,True,True
2025-06-19,0.4693,DOWN,0.0084,0.5527,UP,0.0199,DOWN,0.4722,0.9666,False,0.0006,0.4314714342470123,0.594294659841496,False,False,0.024203890472991763,0.07643317209015121,0.03705463945862708,0.14212572927815814,-0.01867497023425113,-0.07025344329861238,True,True
2025-06-20,0.3832,DOWN,0.0345,0.4075,DOWN,0.054,DOWN,0.4623,0.5602,True,0.0017,0.4261719004284382,0.3539794390968908,False,False,0.026791455856578494,0.09398260893828292,0.04070591520756883,0.17140800364998698,-0.02127657595741339,-0.08244675297137616,True,True
2025-06-23,0.2803,DOWN,0.1916,0.4452,DOWN,0.0084,DOWN,0.3922,0.428,True,0.011,0.2819548592575636,0.4618524912374933,False,False,0.036878242778983994,0.09133795437347203,0.06483797569447058,0.18403952390160927,-0.028206314761272555,-0.08417804329908263,True,True
2025-06-24,0.3508,DOWN,0.0884,0.4246,DOWN,0.0234,DOWN,0.4484,0.5494,True,0.0028,0.351924465039913,0.4223392462355358,False,False,0.02421557529030527,0.06443456412807902,0.03941708789542675,0.11299563191832207,-0.019351863686544513,-0.05670568262009623,True,True
2025-06-25,0.3959,DOWN,0.0135,0.5536,UP,0.0082,DOWN,0.4043,0.8706,False,0.0023,0.4675903392173611,0.4618184792685074,False,False,0.009755110372065223,0.05230386969285594,0.01941554024540948,0.10807018542639435,-0.012709971762063677,-0.056740806220571094,True,True
2025-06-26,0.3241,DOWN,0.056,0.5394,UP,0.0047,DOWN,0.3655,0.6734,False,0.0091,0.4203667262141505,0.5298799515945625,False,False,0.022388017802236204,0.05721389356346562,0.05289203144422938,0.12670423686665644,-0.027639357443879686,-0.062075167685935795,True,True
2025-06-27,0.3531,DOWN,0.0431,0.6129,UP,0.0517,DOWN,0.3568,0.8754,False,0.014,0.4266713600654523,0.6144655089171025,False,False,0.01180367951993433,0.05404846885211656,0.03298867202419786,0.12252616104806147,-0.018115924814873563,-0.060235503999169326,True,True
2025-06-30,0.334,DOWN,0.0607,0.5818,UP,0.0035,DOWN,0.3538,0.7982,False,0.0105,0.4086224183085281,0.489308969307015,False,False,0.004342412775480975,0.05562445394455162,0.013348423804422138,0.12693124323036709,-0.011791307506995752,-0.06485253729277585,True,True
2025-07-01,0.4321,DOWN,0.0015,0.4411,DOWN,0.008,DOWN,0.4762,0.7064,True,0.0001,0.505550225190315,0.4661546592734408,False,False,-0.0059621899499665565,0.03721219975336232,-0.01241123654172327,0.08296892146979395,0.0027535320523841555,-0.04268014071137882,False,True
2025-07-02,0.5449,UP,0.0291,0.4852,DOWN,0.0011,UP,0.5157,0.992,False,0.0002,0.6618999231827662,0.4822884429814775,False,False,0.004110934058980442,0.04830418089238986,0.0045888215429081836,0.10188150541616325,-0.002298815497036588,-0.05149429145900686,True,True
2025-07-03,0.7588,UP,0.323,0.5504,UP,0.0506,UP,0.636,0.436,True,0.0234,0.8119795711401989,0.7508937581324308,False,False,0.0018248206233735242,0.04521491395042232,-0.010270626882137868,0.0948862622858917,0.004659850220687156,-0.04846221120909555,True,True
2025-07-04,0.696,UP,0.2336,0.5321,UP,0.0095,UP,0.592,0.6282,True,0.0094,0.7979917289916453,0.5742503672447518,False,False,0.015554611380258265,0.04584522791215351,0.025546836728775224,0.09899590663302327,-0.01291516064133369,-0.04935422877133322,True,True
2025-07-07,0.6661,UP,0.1807,0.4583,DOWN,0.0175,UP,0.6101,0.8286,False,0.02,0.7719485640964455,0.6051828318802829,False,False,0.01564756312550397,0.045913105955278866,0.02033739822694236,0.10399842277641191,-0.009637493483152793,-0.04864622894695103,True,True
2025-07-08,0.7333,UP,0.2945,0.4421,DOWN,0.0136,UP,0.6499,0.68,False,0.0424,0.815680668028929,0.4412639329802676,False,False,0.03412619602794931,0.06411587149227338,0.055155127794608294,0.13870083285654067,-0.026544618470484505,-0.06270026614714619,True,True
2025-07-09,0.7575,UP,0.3057,0.6188,UP,0.0575,UP,0.608,0.2616,True,0.0194,0.7967670015199116,0.6210303153365725,False,False,0.03172984851942107,0.04401231510821635,0.05367739219622192,0.1014161249173442,-0.028571466241248844,-0.051612940085523085,True,True
2025-07-10,0.7718,UP,0.329,0.6591,UP,0.177,UP,0.6053,0.1794,True,0.0254,0.8026286360151074,0.7780916887649011,False,False,0.02610809389822144,0.061526025600393996,0.05684665759153651,0.14234150287526903,-0.03014840605896374,-0.06864562054253454,True,True
2025-07-11,0.7146,UP,0.2271,0.66,UP,0.1772,UP,0.564,0.2926,True,0.0122,0.7645309081543159,0.7769754806577355,False,False,0.03688032790099016,0.057033492381560524,0.06250040832371861,0.12411015761948851,-0.03271022747984964,-0.060747628982893875,True,True
2025-07-14,0.8146,UP,0.4155,0.6205,UP,0.1415,UP,0.6492,0.1788,True,0.0394,0.8301451180117876,0.7937457956626157,False,False,0.03182646739404449,0.07135610201519316,0.07542484887619705,0.1630800761792086,-0.03707132714962302,-0.07599626484923505,True,True
2025-07-15,0.6913,UP,0.1771,0.614,UP,0.1201,UP,0.5732,0.4476,True,0.0098,0.7315548563316865,0.7634548811138862,False,False,0.010999984741211,0.05800003051757807,0.027569378323429428,0.1349791728057408,-0.014574582351636223,-0.0639398486639503,True,True
2025-07-16,0.7876,UP,0.3607,0.701,UP,0.2274,UP,0.594,0.0612,True,0.0266,0.8135656686569053,0.7828127158945252,False,False,0.005952365634483314,0.05853168370892714,0.02688075943989854,0.128333499342558,-0.014231462910167081,-0.06072109541167736,True,True
2025-07-17,0.7222,UP,0.2537,0.7341,UP,0.2366,UP,0.5309,0.1224,True,0.0073,0.7855136070224081,0.752649551750492,False,False,0.005917144626156334,0.048323485721332604,0.02305186389482672,0.10693640117102143,-0.010042997895987393,-0.05212817601826969,True,True
2025-07-18,0.7551,UP,0.3155,0.51,UP,0.0027,UP,0.6429,0.4898,True,0.0218,0.8092760176860745,0.5669631418094098,False,False,-0.010689975294552845,0.033041802482615346,-0.0027218423146253556,0.08833988437133189,0.0024154219911944885,-0.04347833298104209,False,True
2025-07-21,0.8102,UP,0.4286,0.4093,DOWN,0.0442,UP,0.7129,0.5778,False,0.0964,0.8454412187059646,0.3782372244249203,False,False,0.0029469097580552273,0.047151230633292185,0.013478992520518318,0.10720322217527412,-0.007699703663385127,-0.05149189445698621,True,True
2025-07-22,0.7634,UP,0.3128,0.3222,DOWN,0.1113,UP,0.7238,0.8466,False,0.0925,0.7968583579213816,0.3435754891135256,False,False,-0.0019782092112828886,0.05242337420128118,0.011375400184850948,0.11740689042973451,-0.00477091977523858,-0.05582052576576957,False,True
2025-07-23,0.8141,UP,0.4012,0.4604,DOWN,0.012,UP,0.7074,0.4728,False,0.086,0.8193724783964778,0.5759859830097247,False,False,0.005917144626156334,0.01972386558090511,0.013722005071364451,0.04137595641726932,-0.007218552498667985,-0.022617959825438128,True,True
2025-07-24,0.7155,UP,0.2162,0.6453,UP,0.0802,UP,0.5652,0.301,True,0.0093,0.7508803344230297,0.6379722445945555,False,False,0.010784298765893041,0.019607843137254832,0.023158503516840234,0.04777853059188386,-0.013526602721040004,-0.027536308268807486,True,True
2025-07-25,0.8067,UP,0.3989,0.6284,UP,0.0545,UP,0.6263,0.1614,True,0.0275,0.8251090620340826,0.6060292924798631,False,False,0.003929213010740451,0.016699380130449137,0.011335291369008793,0.04492084400762253,-0.006746958537274139,-0.02457832428346196,True,True
2025-07-28,0.7056,UP,0.2062,0.5762,UP,0.03,UP,0.5828,0.4706,True,0.0091,0.7507149199332395,0.5983959875664852,False,False,-0.004897159720592237,0.032321284045800036,-0.007273009490647797,0.07689120788516868,0.005334563459068242,-0.039282315243646226,False,True
2025-07-29,0.7922,UP,0.3673,0.6338,UP,0.0704,UP,0.618,0.1786,True,0.0249,0.8142409375431456,0.6316553597457437,False,False,0.01982160525029375,0.045589676952990654,0.03841220664342693,0.09910826993146049,-0.01821673331719187,-0.049856226514741975,True,True
2025-07-30,0.698,UP,0.1694,0.539,UP,0.0107,UP,0.6023,0.5506,True,0.0089,0.7138832775691801,0.5682283000398408,False,False,0.0,0.03921568627450989,0.004164532683734512,0.09912458129004742,-0.002423617988101201,-0.048473099402823294,False,True
2025-07-31,0.4873,DOWN,0.0002,0.5891,UP,0.0367,DOWN,0.4601,0.8616,False,0.0013,0.5043426351849591,0.6028808011739648,False,False,0.01745880774391706,0.018428725063035056,0.032626838487116894,0.05791243509479149,-0.016650350211438236,-0.030852064564778403,True,True
2025-08-01,0.7523,UP,0.2652,0.4332,DOWN,0.0289,UP,0.6818,0.6848,False,0.0536,0.7628197949787658,0.6083387256662635,False,False,0.02641883227260866,0.027397290952717368,0.04898262980182655,0.07658814864116215,-0.02474527965931661,-0.03881616306247815,True,True
2025-08-04,0.7355,UP,0.2496,0.3715,DOWN,0.1245,UP,0.6817,0.799,False,0.0641,0.7649552151524716,0.2577578685874316,False,False,0.04035431629622921,0.023622062617355555,0.07494184264666437,0.05840471369049083,-0.03810897373968236,-0.032802716844750335,True,True
2025-08-05,0.6678,UP,0.1257,0.3676,DOWN,0.0391,UP,0.6578,0.9814,False,0.0262,0.6873207783903854,0.5738256838031152,False,False,0.02818271606292999,0.010689975294552845,0.051706523408626914,0.03331336015348052,-0.02783201697093285,-0.020996109120460793,True,True
2025-08-06,0.8034,UP,0.3771,0.2802,DOWN,0.0875,UP,0.7744,0.858,False,0.1286,0.8107273400834552,0.4004425600995272,False,False,0.046078401453354845,0.018627465939989207,0.07942808555133962,0.050808954387696836,-0.037900908140773404,-0.027696778276837475,True,True
2025-08-07,0.3464,DOWN,0.1039,0.4417,DOWN,0.0401,DOWN,0.4439,0.559,True,0.0042,0.3308530736943101,0.67195887783864,False,False,0.013346058203188127,-0.002859895590028194,0.024091335909147915,0.012835929532233337,-0.0129482186190093,-0.008964158658351207,True,False
2025-08-08,0.4532,DOWN,0.013,0.4373,DOWN,0.0444,UP,0.5103,0.756,True,0.0004,0.4302797722443604,0.6771693195039405,False,False,0.013346058203188127,0.007626267023131739,0.028690616930584945,0.037000425345687704,-0.014925429786844746,-0.020398001971686064,True,True
2025-08-11,0.4026,DOWN,0.0493,0.5226,UP,0.0136,DOWN,0.4452,0.869,False,0.0028,0.3733803937431155,0.6508784952486489,False,False,0.008514678825578548,0.009460738210708364,0.02375913943488106,0.0346644380803236,-0.0115346761998385,-0.020060160873469957,True,True
2025-08-12,0.3346,DOWN,0.1219,0.3714,DOWN,0.1422,DOWN,0.4517,0.4572,True,0.0059,0.3158111874457516,0.2236050696890742,False,False,0.005671062918850556,0.01890359113715334,0.011660064999027941,0.05130203542721001,-0.006027068448238193,-0.027121999614123538,True,True
2025-08-13,0.5,UP,0.0,0.242,DOWN,0.3391,UP,0.6007,0.4892,True,0.0168,0.5186061793032791,0.1714139556224892,False,False,-0.030927793034183804,0.029990671688481685,-0.05225810134033826,0.07435113415781869,0.02575758830976338,-0.03787878933834454,False,True
2025-08-14,0.5381,UP,0.0045,0.3241,DOWN,0.1832,UP,0.5935,0.7574,False,0.0167,0.5293735114180531,0.2397261458876776,False,False,-0.021636904851620176,0.04327373793095135,-0.03162297532449099,0.07886660408285717,0.01564074019755579,-0.039858679129294416,False,True
2025-08-15,0.286,DOWN,0.166,0.3994,DOWN,0.0922,DOWN,0.4036,0.387,True,0.0121,0.3060581092340697,0.2708225836912333,False,False,-0.026340573578295,0.053621794775178255,-0.04250799846326192,0.09559479187853315,0.022222250051103565,-0.04646465210826578,False,True
2025-08-18,0.4579,DOWN,0.0025,0.4132,DOWN,0.0704,DOWN,0.4992,0.7378,True,0.0,0.4854387875995988,0.2971138691633305,False,False,-0.01125700718029099,0.05065667545192176,-0.014267124080956206,0.07570810999877642,0.005073586307190903,-0.03957376030074755,False,True
2025-08-19,0.3593,DOWN,0.0744,0.432,DOWN,0.0657,DOWN,0.4354,0.614,True,0.004,0.3678179796067906,0.2587875309920642,False,False,-0.008458660836203169,0.0667293080103406,-0.0051868519256180745,0.10968139279842393,0.0015158553769110128,-0.053562472170445075,False,True
2025-08-20,0.6501,UP,0.081,0.3011,DOWN,0.2316,UP,0.6707,0.9284,False,0.0526,0.6349429382748749,0.20899005383175,False,False,0.0251450525701431,0.0899419273222708,0.06993710340871262,0.1558892283005655,-0.03348105972706039,-0.07188572736896981,True,True
2025-08-21,0.3333,DOWN,0.1082,0.2988,DOWN,0.2104,DOWN,0.4776,0.2658,True,0.0035,0.3377822703301492,0.2386337820776664,False,False,0.009615384615384581,0.09519232236422015,0.0330542880392819,0.1579049218382682,-0.01689012714426308,-0.07352208663380622,True,True
2025-08-22,0.5633,UP,0.0115,0.243,DOWN,0.3224,UP,0.6414,0.639,False,0.0461,0.5453556389712629,0.1863942436380095,False,False,0.01449275362318847,0.10144927536231885,0.04198475438058047,0.16854087818213803,-0.021245074606639935,-0.07855732068024879,True,True
2025-08-25,0.3788,DOWN,0.0593,0.3621,DOWN,0.1615,DOWN,0.4836,0.5214,True,0.0017,0.3777795100646423,0.2073408049167958,False,False,-0.013282746732552586,0.08918407390697158,-0.02431469542194198,0.13817117530677492,0.012115082159935175,-0.06562338577017746,False,True
2025-08-26,0.3373,DOWN,0.1073,0.3162,DOWN,0.2128,DOWN,0.4758,0.3332,True,0.0037,0.3351779032522375,0.2106661749445462,False,False,-0.014218009478673022,0.10805688650122192,-0.023749310395033807,0.16798683801467984,0.011604417042266224,-0.07719469237410825,False,True
2025-08-27,0.4055,DOWN,0.0348,0.2722,DOWN,0.2853,UP,0.5368,0.382,True,0.0057,0.4079467375447298,0.1869282666904607,False,False,-0.019811306359632908,0.1018868212429982,-0.039976813743779815,0.14740508951203513,0.019358180558393556,-0.06724400159233979,False,True
2025-08-28,0.4576,DOWN,0.0078,0.3413,DOWN,0.1854,UP,0.5377,0.636,True,0.0034,0.4540308579777856,0.2080033216942072,False,False,-0.003809538341703833,0.10857144310360867,-0.011372275130392184,0.15747895142742863,0.005558297014358615,-0.07225872860136129,False,True
2025-08-29,0.3027,DOWN,0.1589,0.3255,DOWN,0.1748,DOWN,0.453,0.2784,True,0.0076,0.2986193378724689,0.2496431051846251,False,False,0.006666637602306569,0.09047619047619038,0.010410001872782626,0.11683024863515401,-0.006057492938910447,-0.057041857204959134,True,True
2025-09-01,0.5542,UP,0.0122,0.3184,DOWN,0.1666,UP,0.6054,0.7588,False,0.0186,0.5564330568994026,0.2705976554918086,False,False,0.025961509117713444,0.11153844686654901,0.05083063520471076,0.17405062555751094,-0.025436326231400463,-0.07930175626385683,True,True
2025-09-02,0.5383,UP,0.0065,0.3804,DOWN,0.0567,UP,0.572,0.843,False,0.0046,0.5424058055351217,0.3815124289695526,False,False,0.036538490882286556,0.11730766296386719,0.07001540033058085,0.1795889681977696,-0.03391513335173779,-0.08179548389293967,True,True
2025-09-03,0.4273,DOWN,0.0232,0.4221,DOWN,0.0109,DOWN,0.4928,0.7004,True,0.0001,0.4201533106239605,0.4651396417133956,False,False,0.05774783360812119,0.1395572645529597,0.1036114444129661,0.2105782486523946,-0.0479760610115163,-0.09295355267747041,True,True
2025-09-04,0.3425,DOWN,0.1081,0.4472,DOWN,0.0246,DOWN,0.4329,0.6072,True,0.0041,0.3284910719264445,0.3835844942003979,False,False,0.06022947556080971,0.1481835585670188,0.09085579374464436,0.22441021734161204,-0.043718540128746985,-0.09899494226723948,True,True
2025-09-05,0.3983,DOWN,0.0504,0.4207,DOWN,0.0443,DOWN,0.4832,0.6864,True,0.0007,0.3759607916812226,0.3602750628981842,False,False,0.059602679599344954,0.167455109637362,0.08681544849681733,0.2509066878164441,-0.041137701946222016,-0.10970034478546498,True,True
2025-09-08,0.3053,DOWN,0.1675,0.4101,DOWN,0.043,DOWN,0.4273,0.4552,True,0.0073,0.2848935202633952,0.380576266587981,False,False,0.04967200752900425,0.14620437253698193,0.06437021361120343,0.21532094596595752,-0.03121804410289608,-0.09672472919359953,True,True
2025-09-09,0.3962,DOWN,0.055,0.3514,DOWN,0.1242,UP,0.5093,0.5392,True,0.0008,0.367404122473842,0.2911187824978261,False,False,0.05287566592651638,0.14285708219405535,0.06783808281173376,0.21183034076455898,-0.033040850246158215,-0.09447598577277505,True,True
2025-09-10,0.5509,UP,0.0071,0.3007,DOWN,0.2358,UP,0.6124,0.7484,False,0.0259,0.5346559475189748,0.2043326824301992,False,False,0.025477664999885796,0.11010007557890544,0.01967095955883824,0.13930659837539583,-0.01049862801053214,-0.06719153966193969,True,True
2025-09-11,0.634,UP,0.0727,0.2383,DOWN,0.3285,UP,0.6843,0.7642,False,0.0727,0.6355947767237637,0.1861973865763708,False,False,0.027051397283343936,0.09467989049170389,0.03932081948173338,0.12832897766979334,-0.0199685262429814,-0.06095637443808133,True,True
2025-09-12,0.6506,UP,0.0946,0.2447,DOWN,0.3379,UP,0.6888,0.8066,False,0.0795,0.6570331109114721,0.1691404939160666,False,False,0.017857142857142794,0.10357141494750977,0.021243029468654306,0.14431246780678286,-0.012182179685382377,-0.06832622169069691,True,True
2025-09-15,0.5517,UP,0.0123,0.2319,DOWN,0.358,UP,0.6301,0.5798,False,0.0459,0.5594627755925962,0.1662005487334418,False,False,0.025000027247837675,0.125,0.04297135579333089,0.19434156227446997,-0.022187008426994614,-0.08716321140677086,True,True
2025-09-16,0.5574,UP,0.0163,0.3073,DOWN,0.1825,UP,0.6081,0.7282,False,0.0211,0.5708165756105781,0.2632046908981355,False,False,0.02995596058043093,0.09339205704071452,0.04708312744133192,0.13570989177205073,-0.023491651759882992,-0.06460219509050691,True,True
2025-09-17,0.4072,DOWN,0.0325,0.3091,DOWN,0.1785,UP,0.5172,0.4478,True,0.0018,0.4125177007752841,0.2661771193177347,False,False,0.036379824441331365,0.11978704849654886,0.062083846662247755,0.18414565571956643,-0.028647262843463195,-0.08435013901383903,True,True
2025-09-18,0.448,DOWN,0.0105,0.3579,DOWN,0.1408,UP,0.5257,0.6348,True,0.0018,0.4493414650835081,0.2523386955309037,False,False,0.021949077844674036,0.10974538922336974,0.03267424771714822,0.16577824352141435,-0.015549544992514264,-0.07721182646174751,True,True
2025-09-19,0.3721,DOWN,0.0594,0.3924,DOWN,0.062,DOWN,0.4594,0.5162,True,0.0025,0.3839000094805939,0.3559785880084399,False,False,0.004385964912280604,0.10000001338490261,-0.00412547473797753,0.15832964656749904,0.0016086159388282173,-0.07453079989703382,True,True
2025-09-22,0.4548,DOWN,0.0047,0.5138,UP,0.0059,DOWN,0.4578,0.9212,False,0.0006,0.4742104266822129,0.3938227517879838,False,False,0.006968601054850199,0.08623687833894,0.006442587054964033,0.12716132236562716,-0.0027013043647163837,-0.06050787819471881,True,True
2025-09-23,0.4278,DOWN,0.0174,0.4955,DOWN,0.0014,DOWN,0.4546,0.8402,True,0.0004,0.439840887143276,0.4202330688903272,False,False,-0.005988063032503543,0.09153119596729398,-0.014051780231611133,0.14977669931199245,0.0065609035471885235,-0.07162390966196652,False,True
2025-09-24,0.4063,DOWN,0.0292,0.4481,DOWN,0.0306,DOWN,0.4569,0.7048,True,0.0013,0.4219982301213213,0.3527756792626789,False,False,0.013698616715036138,0.08476021950185553,0.012879582029740044,0.1329255375280718,-0.008738386241338714,-0.0666302211326526,True,True
2025-09-25,0.3839,DOWN,0.0487,0.4622,DOWN,0.0162,DOWN,0.439,0.6954,True,0.002,0.395228449387512,0.3927122461069492,False,False,0.03178691494621311,0.10652922133443488,0.04579516196362965,0.17402161546179284,-0.0234204951460264,-0.08169934368925258,True,True
2025-09-26,0.3745,DOWN,0.0669,0.2359,DOWN,0.3445,UP,0.5304,0.2292,True,0.0062,0.3667533407690505,0.1739051250802529,False,False,0.07772927096837479,0.12489085634722974,0.13171059820765074,0.21646809663743838,-0.06156314773783145,-0.09582445858051603,True,True
2025-09-30,0.222,DOWN,0.3138,0.2843,DOWN,0.26,DOWN,0.4199,0.029,True,0.0226,0.2178883058461858,0.1986463809035837,False,False,0.057958517872615856,0.12024222931967121,0.08776951677067069,0.1964285360835003,-0.0438786298003504,-0.0893824323056519,True,True
2025-10-01,0.3201,DOWN,0.1397,0.311,DOWN,0.1584,DOWN,0.4737,0.273,True,0.0039,0.3059234864607985,0.290534499273862,False,False,0.06024096543752866,0.10413086421082451,0.09926182947188544,0.17421157961569755,-0.04725686795739226,-0.0803910675992956,True,True
2025-10-02,0.3096,DOWN,0.1645,0.3398,DOWN,0.1427,DOWN,0.4617,0.3386,True,0.0056,0.2840981820408036,0.2772006480848386,False,False,0.03040539212606541,0.08023648545243955,0.03863736364168702,0.12846433436237703,-0.02093659331973985,-0.060606082897471714,True,True
2025-10-03,0.339,DOWN,0.1143,0.2941,DOWN,0.1893,DOWN,0.492,0.2896,True,0.0012,0.3226099397566649,0.2701574072750818,False,False,0.01082433862010368,0.051623685731958524,0.0052547627488950255,0.0773881297406489,-0.0033463170619725258,-0.04015623025367632,True,True
2025-10-07,0.3684,DOWN,0.0629,0.3746,DOWN,0.1375,DOWN,0.4619,0.4982,True,0.0036,0.3804171187535944,0.2260291440926967,False,False,0.0016207207922946942,0.02593190363592579,-0.005795971807594391,0.05170809474940197,0.003422673336692439,-0.026811249417758143,True,True
2025-10-08,0.2823,DOWN,0.1816,0.3327,DOWN,0.1866,DOWN,0.4301,0.2358,True,0.0127,0.2914980389388233,0.2211691168183618,False,False,0.030253449353360384,0.02289448366716984,0.045996605244409405,0.03887221953575981,-0.020963112741164802,-0.020963112741164802,True,True
2025-10-09,0.4564,DOWN,0.0048,0.3541,DOWN,0.1811,UP,0.5215,0.621,True,0.0019,0.4723407068391241,0.1896719285564138,False,False,0.007305207371531175,0.028409091612805693,0.0007624274327431291,0.046369822620413004,-0.0011402768939405838,-0.02451540950577269,True,True
2025-10-13,0.3198,DOWN,0.1316,0.2678,DOWN,0.2394,DOWN,0.4864,0.1726,True,0.0025,0.317503945266164,0.2422987161127177,False,False,0.034426204493788415,0.031147565998014937,0.05980158347784337,0.060900318904631545,-0.028700068415531077,-0.030951104684349362,True,True
2025-10-14,0.4566,DOWN,0.0077,0.2893,DOWN,0.1883,UP,0.5621,0.4958,True,0.0061,0.4553558474085363,0.2766086541846758,False,False,0.04118616093208316,0.04118616093208316,0.07381590242667091,0.08886427332975066,-0.03693350440766152,-0.044767829145972104,True,True
2025-10-15,0.4107,DOWN,0.0332,0.322,DOWN,0.1925,UP,0.5195,0.4944,True,0.0021,0.4072048299901405,0.2295975314835667,False,False,0.014563131666499807,0.017799390006443705,0.03375267740566712,0.048787479897126396,-0.018760654965514822,-0.027856723528571048,True,True
2025-10-16,0.3336,DOWN,0.112,0.3715,DOWN,0.0944,DOWN,0.452,0.4248,True,0.0048,0.3316941056718683,0.3162510149559648,False,False,-0.01031748453776038,-0.020634908524770568,-0.01569449668425771,-0.029019594247933655,0.006365665430091205,0.010416573534412832,False,False
2025-10-17,0.363,DOWN,0.0833,0.2875,DOWN,0.2335,UP,0.5091,0.339,True,0.0014,0.348104500743473,0.2252684030084334,False,False,0.028203062393509004,-0.0024173684613367774,0.060052211305746894,0.005639340345238164,-0.030821969259027693,-0.005707784181330444,True,False
2025-10-20,0.3231,DOWN,0.1253,0.3205,DOWN,0.1982,DOWN,0.4653,0.3132,True,0.0054,0.322972699119854,0.2238858710381313,False,False,0.00396196523051473,-0.04199679517058108,0.01614350149224375,-0.06723887103438964,-0.009849366977960794,0.030127488462806218,True,False
2025-10-21,0.3745,DOWN,0.0593,0.2907,DOWN,0.2413,UP,0.5036,0.33,True,0.0005,0.3819940810102077,0.2116906042546471,False,False,0.018987353614766667,-0.049841795693870816,0.03997642372231103,-0.08290291523075322,-0.02033692578385271,0.03951193151365695,True,False
2025-10-22,0.3595,DOWN,0.084,0.3387,DOWN,0.1332,DOWN,0.4842,0.4188,True,0.0017,0.3505412030141803,0.2934777632834138,False,False,0.027113249477730195,-0.012759158330559517,0.045859088408137794,-0.021222897814512365,-0.021436896542693096,0.006373152311289987,True,False
2025-10-23,0.3411,DOWN,0.1043,0.3142,DOWN,0.1494,DOWN,0.4822,0.3148,True,0.0022,0.335784237723311,0.2989733087725007,False,False,0.038492407130932715,-0.040096231935557225,0.06829129707456816,-0.07596287300869042,-0.033352498220977855,0.031627438971422395,True,False
2025-10-27,0.2708,DOWN,0.2127,0.4308,DOWN,0.0678,DOWN,0.3915,0.445,True,0.0141,0.2680914826602633,0.2552979803632319,False,False,0.005485929357426089,-0.06661442085929103,0.006901442033292682,-0.11401850246991607,-0.002944595901559266,0.05594822076269246,True,False
2025-10-28,0.3553,DOWN,0.091,0.3339,DOWN,0.1584,DOWN,0.4907,0.4234,True,0.0011,0.3427926060115674,0.2615045668715028,False,False,0.00947122814949175,-0.047355960098807603,0.00889109254112097,-0.08162093286413241,-0.002340603579297551,0.03744876441978984,True,False
2025-10-29,0.2486,DOWN,0.2551,0.432,DOWN,0.0557,DOWN,0.3774,0.39,True,0.0182,0.2462639141376524,0.295287955835584,False,False,-0.019409937428304103,-0.04736029471260461,-0.04028402986718094,-0.07659616512063239,0.02075910210265386,0.03440094322119713,False,False
2025-10-30,0.2855,DOWN,0.1854,0.3499,DOWN,0.1283,DOWN,0.4353,0.294,True,0.0098,0.2838616678266152,0.2864047868238271,False,False,-0.01708078047756456,-0.038819874856608205,-0.021569739199321036,-0.05846433031807152,0.010065132175086644,0.02249858388675441,False,False
2025-10-31,0.237,DOWN,0.2729,0.4201,DOWN,0.0546,DOWN,0.3754,0.336,True,0.0198,0.2406676685194548,0.3291195383999588,False,False,-0.03397684575968263,-0.03706566063133443,-0.05547761679932073,-0.05209799485612088,0.027959621394120893,0.018441486207009694,False,False
2025-11-03,0.3319,DOWN,0.1151,0.3602,DOWN,0.1009,DOWN,0.4585,0.4022,True,0.0044,0.3287578356372552,0.3195508667317543,False,False,-0.012470818904580683,-0.041309453824562414,-0.02041980722559189,-0.06482942908463107,0.01063203201010876,0.02539871809951011,False,False
2025-11-04,0.3836,DOWN,0.0504,0.2178,DOWN,0.343,UP,0.5491,0.2144,True,0.0096,0.3917484059838452,0.1961064855584215,False,False,-0.016419065278089007,-0.03518373687501075,-0.02354848375749552,-0.04550712842118354,0.009970679407681482,0.014662757254357617,False,False
2025-11-05,0.6541,UP,0.0885,0.2608,DOWN,0.3044,UP,0.6787,0.8292,False,0.0671,0.6435913477173902,0.1818780930772437,False,False,0.0007917535368555662,-0.013460051754235147,0.015962554752981806,-0.008572375150053602,-0.00813477031354104,-0.0029052434468551658,True,False
2025-11-06,0.3806,DOWN,0.0576,0.2501,DOWN,0.2847,UP,0.5239,0.2604,True,0.0041,0.3794314833992365,0.2151819347808338,False,False,-0.006319079241749015,-0.017377543244535665,-0.008556896692957006,-0.025670629220739594,0.0023447196236552337,0.005275507350839037,False,False
2025-11-07,0.6771,UP,0.1268,0.2421,DOWN,0.3396,UP,0.7048,0.8404,False,0.0935,0.6789016807462562,0.1708826196868521,False,False,-0.013589104468245572,0.0031974542826365138,-0.022360797529690446,0.01565318381762859,0.010416573534412832,-0.01562502587007053,False,True
2025-11-10,0.3712,DOWN,0.069,0.2831,DOWN,0.2806,UP,0.5033,0.318,True,0.0006,0.3660631495709362,0.1764863478249703,False,False,-0.02288866587478322,0.005524898141257895,-0.038192763581970324,0.014285868081080677,0.018118027754764343,-0.016949205446076587,False,True
2025-11-11,0.4535,DOWN,0.0076,0.2618,DOWN,0.3118,UP,0.5665,0.4544,True,0.0103,0.4591203475467513,0.1727557533934721,False,False,-0.03895072660580856,0.011128727047076348,-0.0682048974167585,0.025299870191332063,0.03252040624976815,-0.020905848859340104,False,True
2025-11-12,0.4662,DOWN,0.0046,0.3326,DOWN,0.1728,UP,0.5442,0.6088,True,0.0038,0.4658465446048077,0.2419913147282256,False,False,-0.049841795693870816,0.013449403141729155,-0.09557742152485527,0.02080300971454596,0.048037475658119,-0.017574648062325893,False,True
2025-11-13,0.4531,DOWN,0.0101,0.3479,DOWN,0.1792,UP,0.5257,0.6148,True,0.0023,0.4460275660748383,0.2053228693245545,False,False,-0.015898250806696268,0.007154164345402281,-0.035254072572591055,0.00351112948247545,0.01578950010178093,-0.008771907320705097,False,True
2025-11-14,0.6687,UP,0.1129,0.2399,DOWN,0.3762,UP,0.7008,0.8324,False,0.0954,0.6673301965455347,0.1384557350238192,False,False,-0.029983829269732754,0.028363046650903057,-0.06328199418077929,0.060841205196668025,0.02749149339943724,-0.03665517887784975,False,True
2025-11-17,0.5055,UP,0.0001,0.2603,DOWN,0.3502,UP,0.5942,0.5528,False,0.0315,0.5043288533207655,0.1346737405640409,False,False,-0.03796449484473563,0.014539542633215774,-0.0660800468383449,0.029251515641602,0.029276706466601743,-0.02353615646477858,False,True
2025-11-18,0.7018,UP,0.1438,0.2312,DOWN,0.4407,UP,0.7168,0.871,False,0.1203,0.6781412751150131,0.0900714468497169,False,False,-0.0016542975608970778,0.029776661941153915,0.0004757831316390959,0.05604933166828108,-0.0028122127378057415,-0.03262091683391721,False,True
2025-11-19,0.8378,UP,0.4569,0.1191,DOWN,0.6371,UP,0.8535,0.9226,False,0.3844,0.8381522613730954,0.0817931004209073,False,False,0.02164861371485638,0.03080769878972145,0.04712819809141622,0.06417825111888198,-0.02515365404937908,-0.03465617400990584,True,True
2025-11-20,0.5732,UP,0.0112,0.2883,DOWN,0.3108,UP,0.6087,0.7158,False,0.0318,0.5382590363049189,0.1328944050091319,False,False,0.0,0.0,0.006065257348730535,-0.002577953884548956,-0.005757074072435087,-0.0046056372965371795,False,False
2025-11-21,0.7805,UP,0.279,0.1523,DOWN,0.6094,UP,0.7917,0.8548,False,0.2476,0.7486447534121172,0.0619110664984046,False,False,0.04177109546762958,0.04427738669074088,0.09588179197074886,0.09523067892742865,-0.04570789690153665,-0.0468227495865019,True,True
2025-11-24,0.7431,UP,0.2395,0.1362,DOWN,0.6356,UP,0.7886,0.7762,False,0.2486,0.7463131518242292,0.0632147041047406,False,False,0.03274560517082059,0.06465159258007747,0.062803906206641,0.12495938837583132,-0.03179027803249279,-0.05911876452318843,True,True
2025-11-25,0.6612,UP,0.0934,0.266,DOWN,0.3364,UP,0.6761,0.856,False,0.0706,0.6449108601073121,0.140567836245642,False,False,0.022369549676082512,0.055509567083997347,0.04856413924273184,0.10490454233062163,-0.024252696913580674,-0.051325429831191594,True,True
2025-11-26,0.7559,UP,0.2568,0.1576,DOWN,0.5069,UP,0.7832,0.8146,False,0.212,0.7508606801228315,0.1298942203783246,False,False,0.015484935396374633,0.04074979726453565,0.03041474256346821,0.071889643482977,-0.016055084751787074,-0.03727061918724861,True,True
2025-11-27,0.724,UP,0.1882,0.2022,DOWN,0.3387,UP,0.7431,0.824,False,0.1243,0.7101256193407119,0.2157206718148107,False,False,0.004846514211071851,0.04038772113688571,0.01250900104439312,0.06932900684503096,-0.0069485139578819854,-0.035900452970438645,True,True
2025-11-28,0.7107,UP,0.167,0.1994,DOWN,0.3797,UP,0.7342,0.786,False,0.1238,0.6981134348880407,0.1842580586729609,False,False,0.00641542158248698,0.046511653518044316,0.012032003813699843,0.07293532785483814,-0.006425268981265275,-0.03679912600655255,True,True
2025-12-01,0.6965,UP,0.1514,0.278,DOWN,0.2472,UP,0.6968,0.9262,False,0.0755,0.6925864750134814,0.221669987594337,False,False,0.03577237012909684,0.05934961830697416,0.062452537627105675,0.10047375873801023,-0.031106042427518577,-0.04838710386260059,True,True
2025-12-02,0.736,UP,0.2225,0.2793,DOWN,0.2133,UP,0.7203,0.9958,False,0.0925,0.7356720779954644,0.2582833252046179,False,False,0.030794127839344876,0.06320903829751989,0.04888746963145807,0.09853141786929354,-0.02543344775220613,-0.04855492425620567,True,True
2025-12-03,0.6952,UP,0.1603,0.2583,DOWN,0.282,UP,0.7076,0.8964,False,0.0897,0.7053360561282742,0.2083404193285948,False,False,0.028089949215540866,0.07463880847715143,0.04606489435483385,0.11881380304144629,-0.022727237361091945,-0.057109530941174325,True,True
2025-12-04,0.6885,UP,0.1439,0.3165,DOWN,0.2059,UP,0.6722,0.9904,False,0.0562,0.6907676899394763,0.2194265243665643,False,False,0.018488708956203803,0.11736333034597157,0.02113742873370361,0.17951783049519454,-0.011661741110170376,-0.08279884010957417,True,True
2025-12-05,0.6519,UP,0.0915,0.2573,DOWN,0.2985,UP,0.6713,0.7844,False,0.063,0.650521211816421,0.1924955357818049,False,False,0.011155390644453478,0.12191237491440488,0.021135921513872225,0.1868485601196581,-0.01116993130517474,-0.08465611491366076,True,True
2025-12-08,0.6324,UP,0.0775,0.3036,DOWN,0.2725,UP,0.6449,0.871,False,0.047,0.646335696657554,0.1531740829007707,False,False,-0.014128752199364603,0.09654627374446911,-0.024001430966222426,0.15464186855916684,0.0112961080561782,-0.0725326596605056,False,True
2025-12-09,0.5669,UP,0.0188,0.2849,DOWN,0.3046,UP,0.6038,0.6764,False,0.0307,0.5702480059776751,0.1459247588823539,False,False,-0.021226391611792406,0.1022012603136282,-0.04025970943390378,0.15642160082620293,0.020166081867110996,-0.07295376342723614,False,True
2025-12-10,0.6229,UP,0.0626,0.2935,DOWN,0.3018,UP,0.639,0.8266,False,0.0462,0.6273627976252207,0.134622218386176,False,False,-0.033567547594674174,0.09055417870435378,-0.057147335308846414,0.13909068234016786,0.02981514528036433,-0.06618965891784978,False,True
2025-12-11,0.7209,UP,0.1993,0.2511,DOWN,0.3542,UP,0.7231,0.9396,False,0.1191,0.7256001945918774,0.1442236551445168,False,False,-0.02288866587478322,0.11049724023055107,-0.04110793727574824,0.1838192629011024,0.02005900514950354,-0.08318588422540607,False,True
2025-12-12,0.6026,UP,0.0431,0.2341,DOWN,0.381,UP,0.6529,0.647,False,0.062,0.6049819119914166,0.1418220244104245,False,False,-0.01497243107196844,0.11426313787434017,-0.032916243777750154,0.1786689914775632,0.01664689011449072,-0.07966707353747637,False,True
2025-12-15,0.7506,UP,0.244,0.1572,DOWN,0.5209,UP,0.7749,0.7858,False,0.2038,0.7434080577360012,0.1201151585886117,False,False,0.009554176689611671,0.1265923703745504,0.02076315005064311,0.21926077261382604,-0.008230416682224795,-0.09523808722873683,True,True
2025-12-16,0.7304,UP,0.2055,0.2995,DOWN,0.2911,UP,0.7044,0.9516,False,0.0954,0.7229593190099046,0.1370732772000465,False,False,0.023293184946818535,0.13493978354825553,0.04676003679453489,0.24597790056642888,-0.022093084375555128,-0.10523257786805895,True,True
2025-12-17,0.7171,UP,0.1787,0.261,DOWN,0.3518,UP,0.7104,0.929,False,0.1057,0.705729502548386,0.1319957439160055,False,False,0.03150237318535343,0.16316636874230972,0.054716040055392545,0.2918684782916168,-0.027793834945762597,-0.12449337088685852,True,True
2025-12-18,0.7293,UP,0.2052,0.1858,DOWN,0.4561,UP,0.7554,0.818,False,0.165,0.7236937653707438,0.1371294440359606,False,False,0.04038772113688571,0.17285939716445364,0.0785953314866712,0.31924621325905855,-0.03701568901724672,-0.13071145534333373,True,True
2025-12-19,0.6429,UP,0.0741,0.2894,DOWN,0.2561,UP,0.6573,0.8442,False,0.0493,0.6296955994586033,0.1959754405522351,False,False,0.04400000000000004,0.16159997558593742,0.0735731863444209,0.2901305695180041,-0.035672549517167584,-0.12046785810888061,True,True
2025-12-22,0.7456,UP,0.2428,0.1661,DOWN,0.442,UP,0.7825,0.8304,False,0.1941,0.7471649646015761,0.1690536033493078,False,False,0.02760252299498256,0.13328070575507844,0.03967113973177594,0.22273498604072683,-0.020746909547019965,-0.09958513190722751,True,True
2025-12-23,0.613,UP,0.0521,0.2142,DOWN,0.3438,UP,0.684,0.6622,False,0.073,0.6151688135307283,0.1993277439120958,False,False,0.029827279253143324,0.1271585901382113,0.0425159880142254,0.24806087032779467,-0.021403128233250857,-0.10879904618958913,True,True
2025-12-24,0.4777,DOWN,0.0013,0.2882,DOWN,0.2562,UP,0.5739,0.5658,True,0.0092,0.4857977507543325,0.1976066335632057,False,False,0.04855126935324128,0.13155836690087774,0.07552325357989664,0.26454609683380603,-0.03633118386476297,-0.11316262469333604,True,True
2025-12-26,0.6127,UP,0.049,0.2756,DOWN,0.293,UP,0.6463,0.7778,False,0.0472,0.6087532505845781,0.173602106199979,False,False,0.07919252101370966,0.12189438335597869,0.1168428169664486,0.24439754042514528,-0.05525526110343271,-0.10630627895747646,True,True
2025-12-29,0.6153,UP,0.0548,0.2326,DOWN,0.3638,UP,0.6711,0.7104,False,0.0693,0.618739099492441,0.1598389580782918,False,False,0.07892722645025141,0.11954027665529221,0.1194791478464654,0.2490656950165946,-0.0557913941215028,-0.10794419391617083,True,True
2025-12-30,0.5145,UP,0.0003,0.29,DOWN,0.274,UP,0.5778,0.5878,True,0.0102,0.5043730181386596,0.1738598566183494,False,False,0.07214116405469695,0.13891013369767058,0.11474914650213175,0.28749806989192095,-0.05569007571434936,-0.1210653719479825,True,True
2025-12-31,0.5882,UP,0.03,0.2787,DOWN,0.2827,UP,0.6318,0.7294,False,0.0393,0.5850760030215018,0.180646160560218,False,False,0.06859756257121297,0.12423783102821329,0.10416152600387174,0.2641226099820475,-0.05042521362074115,-0.11178610578716952,True,True
2026-01-02,0.5298,UP,0.0036,0.3421,DOWN,0.2207,UP,0.5728,0.772,False,0.0146,0.5306142211660292,0.1507201466416935,False,False,0.043315932159352366,0.0843913634566229,0.065023305078586,0.18574273993294632,-0.03213847020740357,-0.08405442427071619,True,True
2026-01-05,0.5565,UP,0.0141,0.3017,DOWN,0.2424,UP,0.6167,0.7518,False,0.0292,0.5624664429028128,0.1944111843837035,False,False,0.012230193872245998,0.02877697841726623,0.024861283950878832,0.07824326542716276,-0.012078803935952842,-0.03941512419592463,True,True
2026-01-06,0.4035,DOWN,0.0378,0.3299,DOWN,0.2158,UP,0.5042,0.4994,True,0.0005,0.4021553775828028,0.1829067340167235,False,False,0.004261298520753742,0.0362215251007616,0.014098417620292292,0.0990603822612226,-0.0057803567342270545,-0.049454047474729146,True,True
2026-01-07,0.4745,DOWN,0.0032,0.3104,DOWN,0.2793,UP,0.5475,0.5926,True,0.006,0.4684085277435247,0.1317432808206614,False,False,0.01288477516878328,0.04366504106493019,0.030619798011537025,0.11787385425417396,-0.013461540577679676,-0.055769283202506736,True,True
2026-01-08,0.4183,DOWN,0.027,0.2948,DOWN,0.2738,UP,0.524,0.444,True,0.0034,0.4175118618934937,0.1664098550842037,False,False,0.007845978084590977,0.027104159304373265,0.034065077541107325,0.08285495957616518,-0.015355071616181437,-0.040307108754199295,True,True
2026-01-09,0.5638,UP,0.0155,0.2715,DOWN,0.3109,UP,0.6189,0.6736,False,0.0366,0.5606306326992074,0.1598936739340632,False,False,0.030780265896146908,0.02934864848303942,0.06931050887484247,0.07256339109480314,-0.03448275652073296,-0.03831414007929013,True,True
2026-01-12,0.4752,DOWN,0.0015,0.3139,DOWN,0.2483,UP,0.5493,0.6034,True,0.0056,0.4851048096404802,0.1665101292749938,False,False,0.03198294312440786,0.0511726873092313,0.0685877163149502,0.11808863548265314,-0.03281854762765535,-0.05920206425690633,True,True
2026-01-13,0.4412,DOWN,0.0139,0.314,DOWN,0.2243,UP,0.5271,0.5038,True,0.0031,0.4408527943306801,0.198532686311102,False,False,0.026874138725491825,0.06789254963153368,0.058536642779214,0.1447562231214985,-0.02842374634332423,-0.07235141593533156,True,True
2026-01-14,0.4239,DOWN,0.0223,0.2694,DOWN,0.2978,UP,0.5339,0.3816,True,0.0052,0.4265959498603255,0.1770870070387964,False,False,0.015547681613018893,0.09116603460412986,0.023671755921714555,0.17415442666265024,-0.012995500875750632,-0.0818713580749536,True,True
2026-01-15,0.4037,DOWN,0.0337,0.3168,DOWN,0.2295,UP,0.5024,0.433,True,0.0003,0.4123469304198812,0.186799891124105,False,False,0.016277445166900106,0.09554139921040905,0.04850996309985511,0.17461109625239257,-0.02599093978436051,-0.08252114551216927,True,True
2026-01-16,0.4533,DOWN,0.0071,0.4047,DOWN,0.1023,DOWN,0.496,0.72,True,0.0002,0.4619080453379019,0.2317145954387699,False,False,0.003472222222222321,0.10277779897054029,0.03240931575620265,0.20346309719652633,-0.015211610051399371,-0.09523806820651015,True,True
2026-01-19,0.4732,DOWN,0.0019,0.4268,DOWN,0.0687,DOWN,0.4976,0.7998,True,0.0001,0.4824299651446918,0.2653601796483892,False,False,-0.004820915722826835,0.11707989226790283,0.01740021242910439,0.23046759063559596,-0.009980014716914454,-0.1057884351853926,False,True
2026-01-20,0.3773,DOWN,0.0559,0.4701,DOWN,0.0314,DOWN,0.4227,0.716,True,0.0027,0.3861437339094618,0.2381806920222016,False,False,0.006198410290561229,0.11776863955176986,0.03940133645035737,0.23928597084862457,-0.021941484344618067,-0.10837766745845734,True,True
2026-01-21,0.4594,DOWN,0.0054,0.3231,DOWN,0.2235,UP,0.5355,0.5706,True,0.0038,0.4665744074847474,0.184047360518546,False,False,0.03270700798925574,0.11830202060563066,0.09473810842802677,0.24174096346473828,-0.04410790922501939,-0.10862407268668517,True,True
2026-01-22,0.2663,DOWN,0.2178,0.3771,DOWN,0.1294,DOWN,0.4052,0.3098,True,0.0159,0.2669607405584702,0.2366617230356005,False,False,0.027158730715324708,0.0967966107638214,0.05593249740329309,0.15191619296203074,-0.024683114823789154,-0.07404934447136735,True,True
2026-01-23,0.2936,DOWN,0.167,0.4374,DOWN,0.0528,DOWN,0.3939,0.4852,True,0.0111,0.2976983370097164,0.2890112106055989,False,False,0.004844269538008206,0.046366760887489145,0.00849932853735269,0.03014477343366595,-0.004701185150067899,-0.02619209767161923,True,True
2026-01-26,0.276,DOWN,0.1952,0.5445,UP,0.0221,DOWN,0.34,0.6654,False,0.0364,0.2821306194109088,0.3755989847647907,False,False,-0.01038062283737029,0.0712802979360403,-0.032280114019388795,0.08460762965675173,0.01545695836474592,-0.049059172734964185,False,True
2026-01-27,0.2235,DOWN,0.3048,0.5887,UP,0.0332,DOWN,0.2937,0.6558,False,0.0705,0.2243887736536256,0.406464304533177,False,False,-0.001369008888949197,0.05201910011791355,-0.014963596330889728,0.0597427604278582,0.0061182972368794,-0.04010877981358685,False,True
2026-01-28,0.2665,DOWN,0.2161,0.4935,DOWN,0.0039,DOWN,0.355,0.543,False,0.0324,0.2686554673472928,0.3489007766210322,False,False,-0.017520154660789045,-0.00808623313744361,-0.03211588889488837,-0.07274485346701731,0.014462746408549387,0.02066110382938313,False,False
2026-01-29,0.206,DOWN,0.3387,0.4973,DOWN,0.0017,DOWN,0.3195,0.4322,False,0.0623,0.2119728867850287,0.3424206327477344,False,False,-0.023728813559321993,0.019660975569385508,-0.054168658035900874,-0.019400334504296568,0.025991800096815565,-0.009575946950658998,False,True
2026-01-30,0.2989,DOWN,0.1652,0.3773,DOWN,0.0945,DOWN,0.4335,0.3592,True,0.0085,0.2947318670975508,0.3075847188074343,False,False,-0.00964183144565367,0.07713496682947252,-0.03663335290192837,0.09135864990840492,0.016194381223658016,-0.06275299397113088,False,True
2026-02-02,0.5153,UP,0.0017,0.3806,DOWN,0.1484,UP,0.5468,0.8028,False,0.0062,0.5285439575873428,0.1892327519884379,False,False,0.03426569158380688,0.07132864998770772,0.062733977826124,0.10018752113676843,-0.032428840652000246,-0.06353408735669563,True,True
2026-02-03,0.3262,DOWN,0.1381,0.4105,DOWN,0.0637,DOWN,0.4389,0.5106,True,0.0057,0.3012585475341715,0.3220238942624488,False,False,0.03495549223349559,0.04112405929404628,0.056261778847901844,0.04568434156069068,-0.029729765431561805,-0.04054056579305587,True,True
2026-02-04,0.3297,DOWN,0.1311,0.3571,DOWN,0.0407,DOWN,0.4619,0.3648,True,0.0032,0.3075538664307597,0.428718734007632,False,False,0.05898484680877303,0.037036994399564094,0.08250747026262184,0.03240202174830631,-0.04073315997566673,-0.03394433235156025,True,True
2026-02-05,0.4094,DOWN,0.0324,0.3153,DOWN,0.2001,UP,0.5195,0.465,True,0.0022,0.4106097123662157,0.2290758058137142,False,False,0.07500002119276261,0.06458335452609587,0.1216869845637365,0.10555432575035129,-0.058666674296061205,-0.06733334859212237,True,True
2026-02-06,0.5453,UP,0.0075,0.2664,DOWN,0.2888,UP,0.6218,0.6522,False,0.0351,0.5412820752214234,0.1909370004725644,False,False,0.10431154159712408,0.08205843394530832,0.19981322088734754,0.15723795981997557,-0.09163347118127374,-0.08698541720558872,True,True
2026-02-09,0.342,DOWN,0.1046,0.4579,DOWN,0.0018,DOWN,0.4365,0.6296,True,0.003,0.3345325083604781,0.5108803256381322,False,False,0.09668697526631687,0.027721475812806595,0.17599133999716798,0.04074894753829139,-0.08071137581480614,-0.03693570219425324,True,True
2026-02-10,0.3702,DOWN,0.0771,0.4793,DOWN,0.0081,DOWN,0.4488,0.712,True,0.002,0.3514424855998642,0.5982601267344757,False,False,0.07483445729640925,0.005298033455349849,0.1459466954880675,0.0,-0.06615597715724153,-0.016713076382739778,True,True
2026-02-11,0.2751,DOWN,0.2123,0.5382,UP,0.0188,DOWN,0.3597,0.625,False,0.0304,0.2640647561994312,0.6230896509028236,False,False,0.04080313018653081,-0.03821239721317582,0.08259622721252469,-0.08907624655581448,-0.04175514138778447,0.02760087333079153,True,False
2026-02-23,0.214,DOWN,0.3322,0.5687,UP,0.0386,DOWN,0.3109,0.562,False,0.0669,0.2095520111360162,0.6405345241878176,False,False,0.017441840407066644,-0.038759689158364474,0.02825148581537107,-0.08948033923164722,-0.016997151066808325,0.027620421139069373,True,False
2026-02-24,0.2598,DOWN,0.2383,0.5892,UP,0.0086,DOWN,0.3184,0.7114,False,0.0448,0.2519419617386059,0.5242432514467037,False,False,-0.0478589795809925,-0.040302323880859636,-0.11627447227257681,-0.1383433109597565,0.059941496822479845,0.030701759278107588,False,False
2026-02-25,0.2708,DOWN,0.2145,0.5549,UP,0.0082,DOWN,0.3388,0.6724,False,0.0357,0.266054932236967,0.462622849099493,False,False,-0.045622651268271586,-0.0653513627876886,-0.10320268391221421,-0.16997565767198308,0.052827385440046504,0.0558035731708415,False,False
2026-02-26,0.2421,DOWN,0.2672,0.4942,DOWN,0.004,DOWN,0.3399,0.504,False,0.0443,0.2409857441416619,0.3278566000848803,False,False,-0.052988329894073205,-0.07578559963326259,-0.11118332056318281,-0.17607149703171043,0.05294556645979309,0.0618941038889147,False,False
2026-03-02,0.2743,DOWN,0.1979,0.5277,UP,0.0035,DOWN,0.3524,0.601,False,0.0299,0.2807953880930781,0.4688974973257351,False,False,-0.08400746892576505,-0.08027376565936817,-0.1825174694138243,-0.15790962670652464,0.09453469250940949,0.0723781756773747,False,False
2026-03-03,0.3106,DOWN,0.1425,0.455,DOWN,0.015,DOWN,0.4037,0.5258,True,0.0077,0.3118813520753348,0.4163168222687524,False,False,-0.04507940383184528,-0.08126986064608133,-0.10110903895085521,-0.15332211113497984,0.04322762412452463,0.06772331214935035,False,False
2026-03-04,0.6342,UP,0.0732,0.3381,DOWN,0.1984,UP,0.6348,0.9486,False,0.034,0.6364031942439914,0.1934904471665934,False,False,0.03439151490209502,-0.001984147207757636,0.06842697648936924,0.016501692823390757,-0.042068941839810026,-0.024827562529465275,True,False
2026-03-05,0.2988,DOWN,0.1651,0.3612,DOWN,0.131,DOWN,0.4342,0.3308,True,0.0096,0.2947633432615107,0.263979505168039,False,False,-0.010335956537291913,-0.0445737016747112,-0.018379261402849956,-0.0810360534651895,0.0,0.024028279982611478,False,False
2026-03-06,0.417,DOWN,0.0306,0.3194,DOWN,0.1458,UP,0.5261,0.4922,True,0.0022,0.4077046397182978,0.2981497260201103,False,False,-0.011711145657107291,-0.02016910153726592,-0.028030969734410438,-0.04968118616547568,0.005665717022269368,0.007790344020451867,False,False
2026-03-09,0.658,UP,0.0959,0.2531,DOWN,0.3627,UP,0.6828,0.8466,False,0.0783,0.6517438600031897,0.1326916205795931,False,False,0.027173913606849176,0.0760869373671269,0.07763814184172468,0.17261712004507124,-0.039811077242730586,-0.09311741854643041,True,True
2026-03-10,0.421,DOWN,0.0259,0.2519,DOWN,0.3211,UP,0.547,0.3574,True,0.0079,0.4180595733630589,0.1764612775829851,False,False,0.0192819765489447,0.05252665874914042,0.06635558661961527,0.11552727163166576,-0.033839764268562056,-0.06975133336582495,True,True
2026-03-11,0.3111,DOWN,0.1456,0.3203,DOWN,0.0897,DOWN,0.4665,0.2746,True,0.0038,0.3073231709264489,0.3751748402008068,False,False,-0.00511501166360806,0.032608735949766876,0.021519784847949808,0.07372317415119878,-0.010079218132637124,-0.047516255203240765,False,True
2026-03-12,0.35,DOWN,0.0931,0.3224,DOWN,0.1528,DOWN,0.4821,0.3612,True,0.0022,0.3448132351867462,0.2849570591250021,False,False,-0.007832878408265298,0.052219322189038575,0.005318863999571377,0.1056168810877891,-0.004946975032603551,-0.06360421503839975,False,True
2026-03-13,0.5189,UP,0.001,0.2662,DOWN,0.2989,UP,0.6069,0.6068,False,0.0309,0.5132193509718503,0.18042456343679,False,False,-0.0006582676020033817,0.09414090603257597,0.010115325310718681,0.17563787805474074,-0.005633797519761674,-0.09225348475622108,False,True
2026-03-16,0.4902,DOWN,0.0005,0.2023,DOWN,0.4237,UP,0.6195,0.4256,False,0.0497,0.4869475412953983,0.1441233318324928,False,False,-0.017857123033980127,0.11309528074507291,-0.04486648885757549,0.2020275015457298,0.020379544965309915,-0.10189738973366547,False,True
2026-03-17,0.419,DOWN,0.0266,0.3444,DOWN,0.1085,UP,0.5221,0.5444,True,0.0015,0.4180055971782233,0.3257524855280157,False,False,-0.029354206852042153,0.10893670329937222,-0.07619369859543468,0.19149440546178642,0.03716944004796874,-0.09721227154591627,False,True
2026-03-18,0.406,DOWN,0.036,0.3519,DOWN,0.1045,UP,0.508,0.538,True,0.0005,0.404294504784667,0.3235566480358318,False,False,-0.020565630343885588,0.08161951446064397,-0.10664260655835334,0.13492580977851887,0.025454573197798203,-0.0756363608620384,False,True
2026-03-19,0.4939,DOWN,0.0002,0.2525,DOWN,0.3162,UP,0.5945,0.5092,True,0.0146,0.4917792990074893,0.1805594452896468,False,False,-0.002631538792660315,0.11250004015470805,-0.06211633374850967,0.2101165380063985,0.007812475658614426,-0.10369318508935621,False,True
2026-03-20,0.4357,DOWN,0.0166,0.249,DOWN,0.3299,UP,0.5597,0.3842,True,0.0101,0.4355276460783388,0.1714165819512369,False,False,-0.01185772737530233,0.13306980594298667,-0.05582185470505818,0.25995531419311235,0.008498575533404162,-0.12181305106014206,False,True
2026-03-23,0.6323,UP,0.0695,0.2613,DOWN,0.318,UP,0.6648,0.7826,False,0.061,0.6314217878970383,0.1669490696564551,False,False,-0.004713784163247081,0.16296294241240528,0.0007905246214019446,0.3449414668733035,0.0,-0.14944903635548246,False,True
2026-03-24,0.6706,UP,0.1187,0.2079,DOWN,0.4347,UP,0.7104,0.7584,False,0.1123,0.673971053282434,0.1279984709689379,False,False,-0.027553803894005968,0.16061823525750274,-0.043845141687754,0.3205461730841559,0.021364539011194283,-0.13990355993274461,False,True
2026-03-25,0.5923,UP,0.0364,0.2444,DOWN,0.3505,UP,0.6436,0.6714,False,0.0521,0.598664639690472,0.1572035424193889,False,False,-0.009842520079225592,0.1804462014524686,0.04253643748387903,0.4118922304198118,0.0028368766504145437,-0.14751772109450423,False,True
2026-03-26,0.6262,UP,0.0681,0.2316,DOWN,0.3579,UP,0.6727,0.7078,False,0.0706,0.6349282518429118,0.1666784881440966,False,False,-0.024406411992522026,0.22691287936357574,-0.007108154777258013,0.47047286443828074,0.021141663115310738,-0.17477093837724678,False,True
2026-03-27,0.7617,UP,0.2826,0.1763,DOWN,0.5137,UP,0.7747,0.8734,False,0.2103,0.7699868214941965,0.1032479960389594,False,False,0.0040000406901041785,0.22666666666666657,0.025160811254572035,0.45309723820897374,-0.0007022632754614122,-0.1699438283139748,True,True
2026-03-30,0.7163,UP,0.201,0.2418,DOWN,0.3843,UP,0.7189,0.9158,False,0.1207,0.7323444498181001,0.1279216217314085,False,False,0.07171847514113083,0.22801080008395425,0.138350515698201,0.43075713381564396,-0.0743802233699592,-0.1783746605326757,True,True
2026-03-31,0.7452,UP,0.2581,0.2058,DOWN,0.4663,UP,0.7535,0.9036,False,0.1759,0.7631832743156494,0.1037652957843662,False,False,0.09398760463264022,0.25086388263533954,0.18431979204948568,0.4854621116488196,-0.0910930806744138,-0.1916329427172485,True,True
2026-04-01,0.5892,UP,0.0411,0.2664,DOWN,0.3244,UP,0.6252,0.6938,False,0.0415,0.6151563149908055,0.1528186394766904,False,False,0.07024523878236266,0.2538105009999614,0.12857146490187876,0.4761904761904763,-0.06435649073489236,-0.18953325601872006,True,True
2026-04-02,0.7126,UP,0.1951,0.2461,DOWN,0.3285,UP,0.7144,0.891,False,0.1064,0.7294504215581727,0.1765174703882573,False,False,0.08992564976754847,0.27924276373306545,0.18100004196166997,0.5539999961853028,-0.08557624504520445,-0.20979986265510042,True,True
2026-04-07,0.7649,UP,0.2925,0.2213,DOWN,0.4267,UP,0.7588,0.9664,False,0.1786,0.776079625656112,0.117320246151125,False,False,0.10358559238041365,0.2715802937509284,0.20242132602389296,0.5443099263320059,-0.09416719901756132,-0.20449753626308165,True,True
2026-04-08,0.5768,UP,0.0282,0.2566,DOWN,0.2815,UP,0.6386,0.6718,False,0.0417,0.5918884957664026,0.2108756500636212,False,False,0.06250006020671428,0.23358586758645838,0.10466635789745471,0.4417793690926677,-0.04910713303707459,-0.17485115336055612,True,True
2026-04-09,0.5821,UP,0.0344,0.2698,DOWN,0.2793,UP,0.6328,0.702,False,0.0399,0.6047802249497324,0.1967271341325421,False,False,0.0739102762014272,0.22552113872398172,0.13897414075029135,0.42349855243022216,-0.06236081187347864,-0.16926508102797733,True,True
2026-04-10,0.4937,DOWN,0.0002,0.3566,DOWN,0.1467,UP,0.5464,0.7112,True,0.0032,0.5062210037613146,0.2442407168951048,False,False,0.04210528205422803,0.20000001889633312,0.07974680712263504,0.3780590209298107,-0.03930457460933956,-0.15646256738073305,True,True
2026-04-13,0.5185,UP,0.0027,0.3735,DOWN,0.1347,UP,0.5493,0.7968,False,0.0059,0.5371185543238073,0.2337770388679914,False,False,0.04900750189102032,0.20161290704264112,0.10033864723442942,0.3767992930697597,-0.0475471784483712,-0.15396226127192658,True,True
2026-04-14,0.4302,DOWN,0.0158,0.4408,DOWN,0.0517,DOWN,0.4728,0.7666,True,0.0007,0.4434838070579613,0.2817589122865402,False,False,0.03489773260082574,0.14921783096952157,0.08256138716711559,0.2827225323936242,-0.03801401952997696,-0.12257563084740508,True,True
2026-04-15,0.356,DOWN,0.0811,0.3758,DOWN,0.1129,DOWN,0.4624,0.49,True,0.0034,0.3591553129417537,0.2728856552754845,False,False,0.026143754109922535,0.1414141569827454,0.06869324028263102,0.26174493409933497,-0.03364627233849682,-0.11424100693682415,True,True
2026-04-16,0.2788,DOWN,0.1963,0.4668,DOWN,0.0215,DOWN,0.3736,0.511,True,0.0134,0.278156149666555,0.3384987490905187,False,False,0.015882334989659963,0.12235295912798705,0.023864543885978362,0.2032332863617523,-0.011876529758149568,-0.09263658477375536,True,True
2026-04-17,0.3008,DOWN,0.1607,0.3955,DOWN,0.0732,DOWN,0.4199,0.4094,True,0.0091,0.298222632718206,0.3248388880383287,False,False,0.06892448386444294,0.12774806660810367,0.1113716437856882,0.2078936953146604,-0.05428792905683566,-0.09756095730893066,True,True
2026-04-20,0.2697,DOWN,0.2057,0.4729,DOWN,0.0147,DOWN,0.3687,0.5054,True,0.0141,0.2767526359875094,0.3644600160747669,False,False,0.09994082369304547,0.10112353771447347,0.13966914582850953,0.15159678987131087,-0.0721077540145948,-0.07606973429892738,True,True
2026-04-21,0.2543,DOWN,0.2407,0.5167,UP,0.0046,DOWN,0.3419,0.5458,False,0.0395,0.2550637495063975,0.4315700699950521,False,False,0.06976744186046502,0.07558139534883712,0.08891374150358833,0.09784230469597333,-0.04677418883459605,-0.0540322658794854,True,True
2026-04-22,0.3158,DOWN,0.1335,0.5304,UP,0.0109,DOWN,0.3685,0.7056,False,0.0202,0.3188273933100988,0.410546276316857,False,False,0.050955432584026905,0.11001737310796966,0.06464721166341936,0.16660510822776797,-0.03400810229318896,-0.08582999084009357,True,True
2026-04-23,0.3396,DOWN,0.0981,0.4224,DOWN,0.0453,DOWN,0.4321,0.5346,True,0.0048,0.3471674819887489,0.354009511084125,False,False,0.04806023855486985,0.126809551489667,0.07556391729535683,0.22406018444921472,-0.04006410403364513,-0.11217946072772078,True,True
2026-04-24,0.3132,DOWN,0.1354,0.4501,DOWN,0.0158,DOWN,0.4017,0.5162,True,0.0077,0.318776542555803,0.4209639595610805,False,False,0.05169540504325476,0.1206226400403192,0.09001404422889236,0.21518989888570994,-0.04658905143842962,-0.11148087367354376,True,True
2026-04-27,0.3891,DOWN,0.05,0.4727,DOWN,0.0129,DOWN,0.4402,0.7418,True,0.0018,0.3873373485492497,0.3817677492782253,False,False,0.01720428466796875,0.07634406961420526,0.04929098727569259,0.16137746627995098,-0.02220326456318089,-0.08454310571247659,True,True
2026-04-28,0.3752,DOWN,0.0627,0.509,UP,0.0011,DOWN,0.4155,0.7654,False,0.0057,0.3744179998826891,0.4685432659839147,False,False,0.040760869565217295,0.11467394621475879,0.0895114072739902,0.2207037575484283,-0.04230118552532125,-0.11167510396825342,True,True
2026-04-29,0.3515,DOWN,0.0876,0.4642,DOWN,0.0079,DOWN,0.4208,0.6178,True,0.0039,0.352540815013151,0.4450987720816039,False,False,0.07658398841038228,0.1074380165289257,0.14712011531451408,0.19604446862272495,-0.07041074024310456,-0.10058681745538911,True,True
2026-04-30,0.3278,DOWN,0.1172,0.5136,UP,0.0036,DOWN,0.3956,0.6668,False,0.0123,0.3298504135771876,0.566898717276847,False,False,0.07182320441988943,0.16464090083844085,0.13491787934303479,0.29115686258823414,-0.06594323806673175,-0.1360600353130169,True,True
2026-05-04,0.2693,DOWN,0.2066,0.5869,UP,0.0096,DOWN,0.3199,0.7202,False,0.04,0.2760857978838145,0.4724923931638363,False,False,0.02431292905767868,0.11522200530331639,0.05354838217458413,0.21870963804183474,-0.026178027027596085,-0.1082024229485663,True,True
2026-05-05,0.3503,DOWN,0.0908,0.6114,UP,0.038,DOWN,0.3619,0.9064,False,0.0183,0.3483983807552885,0.5853610346000262,False,False,0.023784355563340798,0.11733613798268316,0.04633206362910136,0.21975546784015654,-0.020960679049440767,-0.11004368994506586,True,True
2026-05-06,0.2764,DOWN,0.1997,0.6317,UP,0.0206,DOWN,0.3075,0.8156,False,0.0436,0.2767196997096613,0.5390094932759874,False,False,-0.0026109660574412663,0.12375977518664327,-0.0012542806191364608,0.22985268019271343,-0.0008833282223578154,-0.11484092509781063,False,True
2026-05-07,0.3313,DOWN,0.1138,0.6089,UP,0.0139,DOWN,0.3494,0.8746,False,0.02,0.3314770516305944,0.5318197125021532,False,False,-0.01688837203708904,0.08597750039162144,-0.033272905115698026,0.15849962631891779,0.020739363306740533,-0.08566274086510728,False,True
2026-05-08,0.3138,DOWN,0.1318,0.5862,UP,0.0168,DOWN,0.3478,0.784,False,0.0236,0.3230241479880154,0.5485737064841594,False,False,-0.016494829630114394,0.07371135593689604,-0.03726519699204023,0.12935007053723901,0.024128728140168754,-0.07327968950613051,False,True
2026-05-11,0.2697,DOWN,0.2006,0.6811,UP,0.0945,DOWN,0.2851,0.8928,False,0.0647,0.282266296184974,0.6304856234784159,False,False,-0.02063983455630658,0.04179561773568863,-0.05358236399804106,0.03490506414496419,0.0277778157576396,-0.03494618234594993,False,True
2026-05-12,0.2722,DOWN,0.2091,0.6008,UP,0.0218,DOWN,0.321,0.7418,False,0.0418,0.2704368122060009,0.5539533786854105,False,False,-0.03871967020218403,0.06866289758028055,-0.079643300004,0.08979084033955487,0.0401427125543099,-0.06422839113101608,False,True
2026-05-13,0.3374,DOWN,0.1037,0.5671,UP,0.0336,DOWN,0.3769,0.7712,False,0.0166,0.3404906213213031,0.6250305252447748,False,False,-0.03141361256544506,0.04973821989528804,-0.07346939166598243,0.04960753233225379,0.03713519956119171,-0.0433245540771684,False,True
2026-05-14,0.3672,DOWN,0.0728,0.5218,UP,0.0147,DOWN,0.4179,0.735,False,0.0062,0.3628715465102543,0.6688234884819291,False,False,-0.0020822964214685102,0.03956267883006315,-0.011889836409639254,0.03973718692566197,-0.0026501531607733275,-0.04328620002898087,False,True
2026-05-15,0.3445,DOWN,0.1049,0.5332,UP,0.0212,DOWN,0.4056,0.7412,False,0.0103,0.3312639691962173,0.6596694216469793,False,False,0.019916158233640013,0.06865823184066189,0.041586728563363096,0.11420350531138013,-0.03315882313926777,-0.0794066181835067,True,True
2026-05-18,0.4545,DOWN,0.0119,0.5078,UP,0.0032,DOWN,0.4818,0.9264,True,0.0001,0.4347864273274195,0.603542752894892,False,False,0.06217072108549959,0.10906215287360865,0.11808481216102296,0.199288252275027,-0.06887532201057822,-0.10810816878155927,True,True
2026-05-19,0.5268,UP,0.0002,0.4513,DOWN,0.0109,UP,0.5473,0.951,False,0.0007,0.5014060379948981,0.5561601773905248,False,False,0.07518797115711862,0.13748660860951367,0.14934851904863256,0.2465753756387037,-0.0806174607791208,-0.1260720657174853,True,True
2026-05-20,0.5885,UP,0.0265,0.4103,DOWN,0.009,UP,0.5981,0.9898,False,0.0038,0.5749702048657802,0.5250159563539482,False,False,0.10864868164062491,0.145945945945946,0.21077598322981017,0.2710944774856918,-0.10485930010546518,-0.13384482149134835,True,True
2026-05-21,0.2902,DOWN,0.189,0.5056,UP,0.0011,DOWN,0.3757,0.5882,False,0.0232,0.2747912902283557,0.5498106234125978,False,False,0.04851331872617992,0.11945753531470471,0.09151365750408513,0.21374293615123263,-0.04960145451805531,-0.11160320931259171,True,True
2026-05-22,0.4527,DOWN,0.0146,0.5119,UP,0.0052,DOWN,0.4785,0.9326,False,0.0002,0.4228130413873268,0.6100074271849361,False,False,0.0832476692710109,0.1423432480958271,0.1345207944926834,0.2690417061443686,-0.06588443567354796,-0.12906140027277835,True,True
2026-05-25,0.3929,DOWN,0.0601,0.4943,DOWN,0.0004,DOWN,0.4449,0.7932,True,0.0015,0.3595553017961898,0.517181156016395,False,False,0.04662695243996051,0.09226185655557972,0.09317121753630397,0.1631944202990454,-0.04307116338976558,-0.08052439941736578,True,True
2026-05-26,0.3457,DOWN,0.1077,0.4194,DOWN,0.0271,DOWN,0.4428,0.5454,True,0.0037,0.3254227814560633,0.4159791982785272,False,False,0.05594404155329591,0.07042960199025838,0.10203483040233752,0.10697674831227366,-0.049440361328685345,-0.06343286270871074,True,True
2026-05-27,0.3256,DOWN,0.1294,0.4642,DOWN,0.0065,DOWN,0.4156,0.6,True,0.0054,0.3144691485524499,0.4546751431653968,False,False,0.04924422498373304,0.0453436738966988,0.09767707033808604,0.06801008497924221,-0.04571424211774555,-0.04380952744256883,True,True
2026-05-28,0.3822,DOWN,0.0636,0.5244,UP,0.0098,DOWN,0.431,0.8116,False,0.0043,0.3650641645796516,0.5998066439212525,False,False,0.05572137785195119,0.02587063158329439,0.11111104962935348,0.022918394918872043,-0.054985948190507394,-0.026095036804897553,True,True
2026-05-29,0.2817,DOWN,0.1964,0.5312,UP,0.0021,DOWN,0.3599,0.6284,False,0.0273,0.2751638131714452,0.5169919941695321,False,False,-0.01185958237100293,-0.00901332603305005,-0.007309162636742861,-0.017866807578463373,0.0019323191644671223,-0.0038647304713768094,False,False
2026-06-01,0.3005,DOWN,0.1632,0.5258,UP,0.0041,DOWN,0.369,0.6388,False,0.0222,0.2954999266300554,0.5400359817502345,False,False,-0.04312799101192244,0.021800976793912907,-0.1053467355964377,0.016940164381348488,0.05381606422352481,-0.027397326744582395,False,True
2026-06-02,0.3401,DOWN,0.099,0.5322,UP,0.0039,DOWN,0.3894,0.7564,False,0.0114,0.3452372023700685,0.4695353134913177,False,False,-0.020813595191676804,0.03453170890502677,-0.06515434530849085,0.041413867083710754,0.029440647996923586,-0.033365967901323956,False,True
2026-06-03,0.351,DOWN,0.0877,0.5099,UP,0.004,DOWN,0.403,0.7368,False,0.0092,0.3528908356484882,0.3997677857944259,False,False,-0.06830853697352834,0.011152459058122899,-0.14762877958481468,-0.00866905002563878,0.07984023957211428,-0.01197613111289031,False,True
2026-06-04,0.2879,DOWN,0.1867,0.5089,UP,0.0007,DOWN,0.3721,0.5864,False,0.0237,0.2799371625645067,0.5190686284665138,False,False,-0.05890669264735604,0.021206409353048183,-0.13237597378117683,0.013054830547259755,0.06804729359182615,-0.025641047345037582,False,True
2026-06-05,0.3869,DOWN,0.0444,0.4563,DOWN,0.0019,DOWN,0.4496,0.654,True,0.0012,0.4018770723430254,0.5111422018574311,False,False,-0.021123423383628714,0.039366283380248834,-0.05017715925191568,0.056722168936898854,0.017357792397514338,-0.04339438902904824,False,True
2026-06-08,0.4759,DOWN,0.0019,0.494,DOWN,0.0029,DOWN,0.483,0.9638,False,0.0001,0.4805032885679452,0.379750415058062,False,False,0.04259537574788097,0.052005945108564156,0.09674557785723925,0.1002958421943223,-0.05013935864209529,-0.054781813139346935,True,True
2026-06-09,0.4799,DOWN,0.003,0.4178,DOWN,0.0388,UP,0.5246,0.8088,True,0.0005,0.4621610274066149,0.3818067156974047,False,False,0.023188420539892896,0.024637710645003086,0.052765316564451714,0.047968420677597434,-0.028598684202152724,-0.031458525348554756,True,True
2026-06-10,0.5597,UP,0.0132,0.3996,DOWN,0.0112,UP,0.5765,0.8958,False,0.0019,0.5553507505659123,0.4721704224091894,False,False,0.057356608478803084,0.0553616264514496,0.1220460059560855,0.10020934620220245,-0.060998139189211154,-0.05637704934215859,True,True
2026-06-11,0.6353,UP,0.0697,0.3985,DOWN,0.0446,UP,0.6246,0.9268,False,0.0145,0.6288021372431487,0.3901101354111629,False,False,0.0746119648621486,0.05958943083187762,0.1534758458944938,0.10683115515991481,-0.07386890086524589,-0.05724837395445859,True,True
2026-06-12,0.5253,UP,0.0015,0.4473,DOWN,0.0082,UP,0.5377,0.9464,False,0.0004,0.5147811401850944,0.4610620219829868,False,False,0.09024036148139714,0.039725386689456244,0.1863335493133107,0.05828305117936905,-0.08530810956714308,-0.03033181447518485,True,True
2026-06-15,0.3923,DOWN,0.0499,0.4259,DOWN,0.0079,DOWN,0.4752,0.6518,True,0.0006,0.3840831831610681,0.473448804673802,False,False,0.04608074559734998,-0.008075995003525849,0.08443488248941766,-0.032101392945928064,-0.04007818824618259,0.011730287839990083,True,False
2026-06-16,0.4544,DOWN,0.0109,0.4015,DOWN,0.0089,UP,0.5244,0.7208,True,0.0002,0.4402906411472301,0.4775068601169787,False,False,0.011803588120766317,0.003777162607322193,0.020637910196242615,-0.007236677776081724,-0.014720277203841725,-0.003925413493640506,True,True
2026-06-17,0.3316,DOWN,0.118,0.5119,UP,0.0035,DOWN,0.3975,0.6684,False,0.0122,0.3247961274573653,0.5742617216162428,False,False,0.011320725926813102,0.00377359930074439,0.01732875379804444,-0.008531050630320003,-0.011811012535560939,-0.001968455156468263,True,True
2026-06-18,0.3764,DOWN,0.064,0.4885,DOWN,0.002,DOWN,0.4357,0.7496,True,0.002,0.3704673373501788,0.4574488770646574,False,False,-0.039142632415497536,-0.06663561344383184,-0.08009400894508145,-0.1607097147884451,0.04187438559078882,0.07976073898636882,False,False
2026-06-22,0.3169,DOWN,0.1374,0.5033,UP,0.0008,DOWN,0.3876,0.6646,False,0.0155,0.3123287016560225,0.438651743359247,False,False,-0.06027894274096579,-0.10751241037863968,-0.12197485364838134,-0.22410451088878203,0.06839386810120374,0.12953368387701336,False,False
2026-06-23,0.3771,DOWN,0.0636,0.5243,UP,0.0047,DOWN,0.4265,0.8094,False,0.0045,0.3706398368057076,0.5484064593734231,False,False,-0.02089005862160742,-0.06902814331925233,-0.044278670652044716,-0.1457711566949501,0.012219947992700098,0.06720976251760713,False,False
2026-06-24,0.4294,DOWN,0.02,0.538,UP,0.0045,DOWN,0.4416,0.951,False,0.0014,0.4290700652379986,0.4702208390573891,False,False,0.02053193576213652,-0.03079797484613933,0.03676464400902213,-0.08613451775937842,-0.018924261066255332,0.034860595896369695,True,False
2026-06-25,0.478,DOWN,0.0022,0.4459,DOWN,0.0156,UP,0.5152,0.8644,True,0.0001,0.4755436355032559,0.4279282439464599,False,False,0.014925430495003944,-0.030783540264059606,0.018867956592823587,-0.08097484708971892,-0.01394425735604432,0.030876535935711713,True,False
2026-06-26,0.5891,UP,0.0316,0.2835,DOWN,0.196,UP,0.6404,0.745,False,0.032,0.5886037689233115,0.2737261135698037,False,False,0.05092143625315182,-0.013579064467496793,0.10039708122633328,-0.04991487252733007,-0.05454542633760129,0.011483242846826558,True,False
2026-06-29,0.514,UP,0.0007,0.3697,DOWN,0.1201,UP,0.5603,0.7958,False,0.0068,0.5129514009322191,0.2695438528135966,False,False,0.03638107384187683,-0.02872187733510978,0.06808162358904557,-0.07552364817975421,-0.03782738384575679,0.024248301631911495,True,False
2026-06-30,0.3961,DOWN,0.0451,0.4522,DOWN,0.0167,DOWN,0.4606,0.7198,True,0.0011,0.3913619943409401,0.4127833138155,False,False,-0.014842356755290775,-0.09879407443769317,-0.03201456535285652,-0.20353977512150034,0.0241449431513181,0.11468816815370464,False,False
2026-07-01,0.4132,DOWN,0.0324,0.33,DOWN,0.1168,UP,0.5256,0.5162,True,0.0018,0.4066859282107518,0.3282794554497259,False,False,-0.030178285033485963,-0.14311844302021326,-0.059270521269498055,-0.2773555973291322,0.03147202578038155,0.16040607741279111,False,False
2026-07-02,0.4692,DOWN,0.0044,0.4333,DOWN,0.0223,UP,0.5134,0.8238,True,0.0002,0.4646833966218824,0.4162476056938852,False,False,-0.027573528638348055,-0.14062502410481892,-0.054012403063963155,-0.27006177003321863,0.031313174905224894,0.16060608220749995,False,False
2026-07-03,0.4144,DOWN,0.0314,0.4448,DOWN,0.0131,DOWN,0.4811,0.7444,True,0.0004,0.4082543932637512,0.4405661723626943,False,False,-0.023534798876553187,-0.050761422034663384,-0.05206186849184857,-0.13144326222691605,0.03340080160765546,0.05668010723237438,False,False
2026-07-06,0.4616,DOWN,0.0067,0.3695,DOWN,0.076,UP,0.5357,0.6834,True,0.0014,0.4560173907147397,0.3543674596694108,False,False,-0.020785219399538146,-0.05773672055427248,-0.048774177797379026,-0.15819357595136085,0.031249945923205846,0.06854841733326134,False,False
2026-07-07,0.5336,UP,0.0039,0.3969,DOWN,0.0792,UP,0.5645,0.894,False,0.0051,0.5289003504976011,0.3078942470006822,False,False,-0.016949109925497696,-0.05225984540346207,-0.03522445837502508,-0.1355202282048612,0.016699417602916267,0.04420430213900328,False,False
2026-07-08,0.5845,UP,0.0281,0.3717,DOWN,0.1123,UP,0.5992,0.9346,False,0.0132,0.5830951009480813,0.2812226623506786,False,False,0.0023573785271651104,-0.021216406744485328,-0.002692473768563519,-0.08050613658876082,-0.0009842745110260065,0.013779561557613063,True,False
2026-07-09,0.6777,UP,0.1238,0.3445,DOWN,0.1069,UP,0.6714,0.946,False,0.0401,0.6741189312893388,0.3280450121319298,False,False,0.005671062918850556,-0.023629488921441566,0.011147358918426553,-0.0796628711914219,-0.00685599359086031,0.011753171901149218,True,False
2026-07-10,0.6167,UP,0.0534,0.3092,DOWN,0.1709,UP,0.6468,0.8694,False,0.0325,0.6143851498722389,0.2761082266807204,False,False,-0.053402659384753526,-0.02788284019418752,-0.12533987937341884,-0.08428489877672463,0.06072476819222494,0.01371208058762785,False,False
2026-07-13,0.6125,UP,0.0503,0.3084,DOWN,0.1463,UP,0.6442,0.8388,False,0.0284,0.6117343858321416,0.3091076854020787,False,False,-0.06415097218639443,-0.01650943396226412,-0.13022244052032217,-0.05860010340872068,0.06549365652732764,-0.005865050696694962,False,False
2026-07-14,0.7183,UP,0.1885,0.2987,DOWN,0.1997,UP,0.7104,0.9494,False,0.0808,0.7158984117244479,0.252038351417718,False,False,-0.018199248066178675,0.0019156795528649795,-0.042920871507327374,-0.02814944554525134,0.012560304925142596,-0.018357538845871657,False,True
2026-07-15,0.492,DOWN,0.0004,0.4091,DOWN,0.0482,UP,0.5316,0.8174,True,0.0007,0.4878684916294719,0.3673754152545629,False,False,-0.023048019824080335,-0.010348128616515906,-0.060475205807237864,-0.04292656893324631,0.023645392493840678,-0.008866916482367926,False,False
2026-07-16,0.4504,DOWN,0.0102,0.3265,DOWN,0.1364,UP,0.5351,0.5484,True,0.0026,0.4486683619554147,0.3034517610249843,False,False,-0.023496240264545,0.0028195058088444913,-0.057004544505743326,-0.024199993127595465,0.02071006223241989,-0.018737724617803764,False,True
2026-07-17,0.6413,UP,0.0854,0.232,DOWN,0.3847,UP,0.6788,0.7434,False,0.0794,0.6511957993105281,0.1411423355624473,False,False,0.015476738879157681,0.0624063894635587,0.041342925295487776,0.10941873354415166,-0.02400740819145486,-0.07571557715612731,True,True
2026-07-20,0.7406,UP,0.2371,0.1293,DOWN,0.6027,UP,0.7914,0.7522,False,0.2427,0.7464005594190044,0.093517826868811,False,False,0.022681452310668426,0.07308467966770915,0.0461634272876017,0.12133497264567095,-0.03119258814794512,-0.08532104440815236,True,True
2026-07-21,0.6493,UP,0.0998,0.2862,DOWN,0.2323,UP,0.6608,0.8546,False,0.0499,0.667110110390288,0.2284560010394018,False,False,-0.05219510706459607,0.023414649032964974,-0.10891088394000237,0.01368669827066693,0.05725194729747973,-0.03339689342397856,False,True
2026-07-22,0.7343,UP,0.2217,0.2975,DOWN,0.1656,UP,0.7155,0.9446,False,0.0813,0.73654657017869,0.2955428850235729,False,False,-0.09773713697654252,-0.007221954848529832,-0.18017237608838088,-0.024137935948381428,0.1000962394117142,-0.012512041399927787,False,False
2026-07-23,0.7822,UP,0.3219,0.2634,DOWN,0.243,UP,0.7541,0.9242,False,0.1385,0.7851593315769868,0.2432340139422763,False,False,-0.10009625960677704,-0.0009624492074351565,-0.19076135136222871,-0.02281149826125073,0.11014486450545946,-0.01256039706758516,False,False
2026-07-24,0.8447,UP,0.4707,0.1613,DOWN,0.502,UP,0.8361,0.9914,False,0.3212,0.8413566731804993,0.1294395153439329,False,False,0.011307783287979545,0.029006928870785043,0.005970172028043397,0.0400000045548623,-0.012298970500876583,-0.03973510770294586,True,True
2026-07-27,0.8014,UP,0.3624,0.1901,DOWN,0.4498,UP,0.7962,0.9786,False,0.234,0.8006051609509406,0.1371473357505126,False,False,0.0054214200916971045,0.02316418111589047,-0.027429992800526826,0.01699462371094751,0.003787875024959364,-0.03125008184349576,True,True
2026-07-28,0.7974,UP,0.3638,0.2099,DOWN,0.4421,UP,0.7817,0.9856,False,0.2172,0.8058237990554744,0.1190711023319548,False,False,0.03602676217218237,0.07462686449952072,0.05065363153876978,0.13333332917788976,-0.04061370147686971,-0.08303249843220417,True,True
2026-07-29,0.801,UP,0.3823,0.1706,DOWN,0.5265,UP,0.8005,0.9346,False,0.2634,0.8175481621724963,0.1004398795142671,False,False,0.10779089042120926,0.13020282790804916,0.19698565383715683,0.25166485191106225,-0.09886264954246993,-0.1259842953289817,True,True
2026-07-30,0.8847,UP,0.5998,0.1099,DOWN,0.6567,UP,0.8837,0.9938,False,0.4779,0.8897326072483771,0.0792072558335308,False,False,0.10481286686371982,0.1342246315696023,0.19274134866488613,0.2667372031722206,-0.10095734295208103,-0.13402959029851746,True,True
2026-07-31,0.6527,UP,0.0961,0.206,DOWN,0.4202,UP,0.6941,0.7042,False,0.0949,0.6574473472382247,0.1426258380938038,False,False,0.0,0.039863865191526626,-0.0005934853801448092,0.07715128828662698,-0.008620613269245903,-0.052681921376126484,False,True
2026-08-03,0.7117,UP,0.1795,0.2189,DOWN,0.3611,UP,0.7324,0.8654,False,0.122,0.7119395826495216,0.1788062008729845,True,True,0.022058823529411686,,0.06376461983944348,,-0.04056606506613736,,True,False
2026-08-04,0.7889,UP,0.3113,0.2075,DOWN,0.3592,UP,0.7874,0.9908,False,0.1909,0.7693423584484667,0.1929793985760005,True,True,0.039244877181910054,,0.08460333676240794,,-0.04421451194438941,,True,False
2026-08-05,0.647,UP,0.0795,0.2862,DOWN,0.1515,UP,0.6723,0.8528,False,0.0398,0.635210400597009,0.3227767915120717,True,True,0.013487416717957945,,0.0380673258850488,,-0.02330094822076323,,True,False
2026-08-06,0.7163,UP,0.1755,0.2027,DOWN,0.3107,UP,0.7504,0.832,False,0.1228,0.702880754768995,0.238685656687478,True,True,0.032913783117516804,,0.07208279324655442,,-0.03678607136955203,,True,False
2026-08-07,0.7206,UP,0.1973,0.2182,DOWN,0.3436,UP,0.7355,0.8544,False,0.1237,0.7235804474926517,0.1950970849622006,True,True,0.034516316037195294,,0.05967928454039573,,-0.03285025507792394,,True,False
2026-08-10,0.5949,UP,0.0419,0.3299,DOWN,0.1596,UP,0.6124,0.8272,False,0.0212,0.6102671468976906,0.2654247414890288,True,True,0.021103088232538925,,0.036023053963014195,,-0.019665664480311262,,True,False
2026-08-11,0.6342,UP,0.0841,0.2841,DOWN,0.2196,UP,0.6569,0.8154,False,0.0457,0.6566652428671997,0.2456741374744348,True,True,0.002868098050996082,,-0.0017206068377274564,,-0.0029527296674942693,,True,False
2026-08-12,0.7191,UP,0.2095,0.3651,DOWN,0.1119,UP,0.6776,0.8372,False,0.0547,0.7390020061200846,0.2925378944896653,True,True,-0.0199619632608381,,-0.04203107606204881,,0.01988069591678565,,False,False
2026-08-13,0.7257,UP,0.2177,0.3743,DOWN,0.1173,UP,0.6763,0.7912,False,0.0558,0.7411917129570891,0.2667338949908791,True,True,-0.02717895013521976,,-0.055662728211709034,,0.027135724918532667,,False,False
2026-08-14,0.7014,UP,0.1793,0.2845,DOWN,0.2268,UP,0.6963,0.9548,False,0.0761,0.7225425739848524,0.2369302260328395,True,True,-0.016447368185181444,,-0.023816153175332144,,0.013985952692038728,,False,False
2026-08-17,0.7222,UP,0.2173,0.2721,DOWN,0.252,UP,0.7146,0.9746,False,0.0967,0.7444906618254865,0.2235970165833987,True,True,-0.02489425995730976,,-0.05118220065476964,,0.026078161308314973,,False,False
2026-08-18,0.7287,UP,0.227,0.2204,DOWN,0.345,UP,0.7411,0.8766,False,0.1345,0.748195588061134,0.1915321274357122,True,True,-0.004766444163269656,,-0.003734589571575908,,0.0029614740999286404,,False,False
2026-08-19,0.7702,UP,0.311,0.2903,DOWN,0.2226,UP,0.7343,0.8994,False,0.1194,0.7877242891324046,0.2345921755947481,True,True,0.027158128934993586,,0.05153121458122012,,-0.0263158335029684,,True,False
2026-08-20,0.7634,UP,0.3035,0.2844,DOWN,0.2367,UP,0.7339,0.9192,False,0.1213,0.788067414254441,0.2256211206875441,True,True,0.021676299940743604,,0.049022476881676935,,-0.026418830793452308,,True,False
2026-08-21,0.5995,UP,0.0586,0.2641,DOWN,0.2632,UP,0.6353,0.6848,False,0.0405,0.6470456894018156,0.2209673355778904,True,True,0.021977977915217828,,0.04190582887710481,,-0.025615693101392223,,True,False
2026-08-24,0.7444,UP,0.2667,0.2814,DOWN,0.2422,UP,0.7236,0.9576,False,0.1089,0.772804503775261,0.2229697929333851,True,True,,,,,,,False,False
2026-08-25,0.7074,UP,0.1964,0.2929,DOWN,0.235,UP,0.6928,0.9842,False,0.0778,0.7367300215478494,0.2163895329231528,True,True,,,,,,,False,False
2026-08-26,0.625,UP,0.0813,0.2812,DOWN,0.2034,UP,0.6522,0.7778,False,0.0416,0.6624679248538663,0.2676155583543865,True,True,,,,,,,False,False
2026-08-27,0.6805,UP,0.149,0.3243,DOWN,0.1234,UP,0.6689,0.9732,False,0.0438,0.7064382089427492,0.3243893482775404,True,True,,,,,,,False,False
2026-08-28,0.554,UP,0.034,0.297,DOWN,0.179,UP,0.6071,0.6826,False,0.022,0.6574,0.2794975394287826,True,True,,,,,,,False,False
