date,prob_up_h1,prob_up_h5,prob_up_h20,ensemble_prob_up,direction,prob_magnitude,ensemble_weight_h1,ensemble_weight_h5,ensemble_weight_h20,horizon_ensemble_method,h20_prob_up,h20_direction,actual_up_h1,actual_up_h5,actual_up_h20,prob_fwd_mdd_gt5_h20,actual_fwd_mdd_gt5_h20,forward_mdd_h20,prob_fwd_gain_gt5_h20,actual_fwd_gain_gt5_h20,forward_gain_h20,tail_reward_risk_score_h20,confidence,is_live
2025-01-02,0.4390147645760602,0.4043757500060911,0.7957559048073453,0.5463821397964987,UP,0.0927642795929974,0.3333333333333333,0.3333333333333333,0.3333333333333333,expanding_prior_auc_min60,0.7957559048073453,UP,1.0,1.0,1.0,0.094089493972707,0.0,-0.0069570011970344,0.2422245802498663,1.0,0.0533367208552217,0.1481350862771593,0.0927642795929974,False
2025-01-03,0.3956542783628601,0.4321952668433219,0.6824084424813976,0.5034193292291931,UP,0.0068386584583861,0.3333333333333333,0.3333333333333333,0.3333333333333333,expanding_prior_auc_min60,0.6824084424813976,UP,1.0,1.0,1.0,0.0854430851304379,0.0,-0.0168367502640705,0.2237573196087346,0.0,0.0428571117167571,0.1383142344782967,0.0068386584583861,False
2025-01-06,0.6350194299634393,0.3284608032641984,0.7653280172765466,0.5762694168347281,UP,0.1525388336694562,0.3333333333333333,0.3333333333333333,0.3333333333333333,expanding_prior_auc_min60,0.7653280172765466,UP,1.0,0.0,0.0,0.0887445542446618,0.0,-0.0467474510688399,0.2715821560204768,0.0,0.0111303490869862,0.1828376017758149,0.1525388336694562,False
2025-01-07,0.6411074300288981,0.3242641992498491,0.647220507512783,0.5375307122638434,UP,0.0750614245276868,0.3333333333333333,0.3333333333333333,0.3333333333333333,expanding_prior_auc_min60,0.647220507512783,UP,0.0,0.0,0.0,0.0693974060524156,1.0,-0.0572406912799003,0.2635779825863181,0.0,-0.0149216628377855,0.1941805765339024,0.0750614245276868,False
2025-01-08,0.5203336902601237,0.4353008593614395,0.7923240537691322,0.5826528677968984,UP,0.1653057355937968,0.3333333333333333,0.3333333333333333,0.3333333333333333,expanding_prior_auc_min60,0.7923240537691322,UP,0.0,0.0,0.0,0.055198791041475,0.0,-0.0429600640331065,0.2656070893981296,0.0,-0.0002483389632087,0.2104082983566546,0.1653057355937968,False
2025-01-09,0.6665194963863544,0.5985012353116946,0.7589037301638744,0.6746414872873078,UP,0.3492829745746155,0.3333333333333333,0.3333333333333333,0.3333333333333333,expanding_prior_auc_min60,0.7589037301638744,UP,0.0,0.0,0.0,0.0790276542705939,0.0,-0.031901562452448,0.2561350705967039,0.0,0.011303692366259,0.17710741632611,0.3492829745746155,False
2025-01-10,0.622085238460573,0.410531180167186,0.7044243872895624,0.5790136019724403,UP,0.1580272039448806,0.3333333333333333,0.3333333333333333,0.3333333333333333,expanding_prior_auc_min60,0.7044243872895624,UP,0.0,0.0,0.0,0.0855610152920391,0.0,-0.0316583067927528,0.2614718264087181,0.0,0.01155780428019,0.1759108111166789,0.1580272039448806,False
2025-01-13,0.5894489007372183,0.4310542765042138,0.7983455601563811,0.6062829124659377,UP,0.2125658249318753,0.3333333333333333,0.3333333333333333,0.3333333333333333,expanding_prior_auc_min60,0.7983455601563811,UP,1.0,1.0,1.0,0.0921416169947362,0.0,-0.0087448405432944,0.3153592200489249,0.0,0.0354938753699118,0.2232176030541887,0.2125658249318753,False
2025-01-14,0.5045588500050855,0.4217110914265762,0.7170780725683567,0.5477826713333395,UP,0.0955653426666789,0.3333333333333333,0.3333333333333333,0.3333333333333333,expanding_prior_auc_min60,0.7170780725683567,UP,0.0,1.0,1.0,0.09350338748171,0.0,-0.0148262222125836,0.2618604858226306,0.0,0.0291410877831241,0.1683570983409206,0.0955653426666789,False
2025-01-15,0.6438659707028791,0.6050427674516181,0.6478762185764444,0.6322616522436472,UP,0.2645233044872943,0.3333333333333333,0.3333333333333333,0.3333333333333333,expanding_prior_auc_min60,0.6478762185764444,UP,1.0,1.0,1.0,0.0891798923914159,0.0,-0.0072128238601228,0.2633242453431149,0.0,0.0370942644092568,0.1741443529516989,0.2645233044872943,False
2025-01-16,0.4845078766804678,0.5676651789392557,0.6339776052639445,0.562050220294556,UP,0.1241004405891119,0.3333333333333333,0.3333333333333333,0.3333333333333333,expanding_prior_auc_min60,0.6339776052639445,UP,0.0,0.0,0.0,0.0973890247201332,0.0,-0.0270134108612837,0.2315939501198521,0.0,0.0164099972225229,0.1342049253997189,0.1241004405891119,False
2025-01-17,0.450434293591136,0.5460511781306588,0.6722462684011105,0.5562439133743018,UP,0.1124878267486035,0.3333333333333333,0.3333333333333333,0.3333333333333333,expanding_prior_auc_min60,0.6722462684011105,UP,1.0,0.0,0.0,0.1197588667307098,0.0,-0.018339307425107,0.2329904466177633,0.0,0.025471217128212,0.1132315798870535,0.1124878267486035,False
2025-01-20,0.39920303562937,0.2193778875631931,0.6012778943586534,0.4066196058504054,DOWN,0.186760788299189,0.3333333333333333,0.3333333333333333,0.3333333333333333,expanding_prior_auc_min60,0.6012778943586534,UP,1.0,0.0,0.0,0.1020366190473182,0.0,-0.0282400706875126,0.1687423799026015,0.0,0.0151285928080242,0.0667057608552832,0.186760788299189,False
2025-01-21,0.5125551947493859,0.2758769594994743,0.6115564727267597,0.46666287565854,DOWN,0.06667424868292,0.3333333333333333,0.3333333333333333,0.3333333333333333,expanding_prior_auc_min60,0.6115564727267597,UP,1.0,0.0,0.0,0.1106571527068542,0.0,-0.0312028034396858,0.2031375603015242,0.0,0.0130850837616915,0.09248040759467,0.06667424868292,False
2025-01-22,0.4079175398291156,0.2162743217262819,0.7288046670187298,0.4509988428580424,DOWN,0.0980023142839151,0.3333333333333333,0.3333333333333333,0.3333333333333333,expanding_prior_auc_min60,0.7288046670187298,UP,0.0,0.0,0.0,0.1080442535666261,1.0,-0.0658221549882102,0.2212088065906984,0.0,-0.0136612019786851,0.1131645530240723,0.0980023142839151,False
2025-02-03,0.6745055977607194,0.5087194663648733,0.7420074922064523,0.6417441854440149,UP,0.2834883708880298,0.3333333333333333,0.3333333333333333,0.3333333333333333,expanding_prior_auc_min60,0.7420074922064523,UP,1.0,1.0,0.0,0.0872853701479424,0.0,-0.0306175090291728,0.256984243754654,0.0,0.0303581016925853,0.1696988736067116,0.2834883708880298,False
2025-02-04,0.4412935249035369,0.4137355261708729,0.7475672344004826,0.5341987618249642,UP,0.0683975236499283,0.3333333333333333,0.3333333333333333,0.3333333333333333,expanding_prior_auc_min60,0.7475672344004826,UP,1.0,1.0,0.0,0.0907645257141292,0.0,-0.0363683406230749,0.2547298340336527,0.0,0.0242455341772462,0.1639653083195235,0.0683975236499283,False
2025-02-05,0.557881339449404,0.359766372645268,0.7198925719988437,0.5458467613645053,UP,0.0916935227290105,0.3333333333333333,0.3333333333333333,0.3333333333333333,expanding_prior_auc_min60,0.7198925719988437,UP,1.0,1.0,0.0,0.0933673805998349,1.0,-0.0508130073421291,0.1241076956359102,0.0,0.0088922762848726,0.0307403150360753,0.0916935227290105,False
2025-02-06,0.4253835231308222,0.2875674739048384,0.7092586465666777,0.4740698812007794,DOWN,0.0518602375984411,0.3333333333333333,0.3333333333333333,0.3333333333333333,expanding_prior_auc_min60,0.7092586465666777,UP,1.0,0.0,0.0,0.1122440138946018,1.0,-0.0571717082818981,0.1703075129845563,0.0,0.0045535501293503,0.0580634990899544,0.0518602375984411,False
2025-02-07,0.4171620056169271,0.3541495577179808,0.7127372872334294,0.4946829501894457,DOWN,0.0106340996211085,0.3333333333333333,0.3333333333333333,0.3333333333333333,expanding_prior_auc_min60,0.7127372872334294,UP,0.0,0.0,0.0,0.1028907457318644,1.0,-0.0669856602736529,0.2234211252400007,0.0,-0.0030219395330818,0.1205303795081362,0.0106340996211085,False
2025-02-10,0.6432663738650575,0.6101302367779753,0.7209817998696577,0.6581261368375635,UP,0.316252273675127,0.3333333333333333,0.3333333333333333,0.3333333333333333,expanding_prior_auc_min60,0.7209817998696577,UP,1.0,1.0,0.0,0.1192650462886717,1.0,-0.0728476965330834,0.2298552049034028,0.0,0.0084054705595155,0.1105901586147311,0.316252273675127,False
2025-02-11,0.7397325141006186,0.6639286139721186,0.7055538858072162,0.7030716712933178,UP,0.4061433425866356,0.3333333333333333,0.3333333333333333,0.3333333333333333,expanding_prior_auc_min60,0.7055538858072162,UP,0.0,1.0,0.0,0.1039570303593783,1.0,-0.0784810126582278,0.1825649120389226,0.0,0.0022784655607199,0.0786078816795443,0.4061433425866356,False
2025-02-12,0.6547262029195674,0.4807062942861799,0.695479165552773,0.6103038875861734,UP,0.2206077751723467,0.3333333333333333,0.3333333333333333,0.3333333333333333,expanding_prior_auc_min60,0.695479165552773,UP,0.0,1.0,0.0,0.0933981217810652,1.0,-0.0816429568655228,0.1218248743443413,0.0,0.0038032454949623,0.0284267525632761,0.2206077751723467,False
2025-02-13,0.6058431307013687,0.3504729516540503,0.7239106360331266,0.5600755727961818,UP,0.1201511455923636,0.3333333333333333,0.3333333333333333,0.3333333333333333,expanding_prior_auc_min60,0.7239106360331266,UP,0.0,1.0,0.0,0.0917859508660011,1.0,-0.0807232269458627,0.2156352697617568,0.0,0.0081486671504509,0.1238493188957557,0.1201511455923636,False
2025-02-14,0.7910891207551936,0.6240167119404174,0.7808155396680506,0.7319737907878872,UP,0.4639475815757743,0.3333333333333333,0.3333333333333333,0.3333333333333333,expanding_prior_auc_min60,0.7808155396680506,UP,1.0,1.0,0.0,0.0931706339458634,1.0,-0.0695876288659793,0.2635710093502045,0.0,0.0203608090115576,0.170400375404341,0.4639475815757743,False
2025-02-17,0.5134636018267215,0.4770048114361684,0.7339071526434856,0.5747918553021252,UP,0.1495837106042503,0.3333333333333333,0.3333333333333333,0.3333333333333333,expanding_prior_auc_min60,0.7339071526434856,UP,1.0,0.0,0.0,0.1264323201558453,1.0,-0.0835237227882018,0.2136498406589549,0.0,0.0050774308986802,0.0872175205031096,0.1495837106042503,False
2025-02-18,0.5259786286365662,0.4173905002575894,0.6422723314602746,0.5285471534514767,UP,0.0570943069029534,0.3333333333333333,0.3333333333333333,0.3333333333333333,expanding_prior_auc_min60,0.6422723314602746,UP,0.0,0.0,0.0,0.1041236644433455,1.0,-0.0867695139189651,0.1691225014203161,0.0,0.0015178500431167,0.0649988369769705,0.0570943069029534,False
2025-02-19,0.3940605974401791,0.2999450527793248,0.6979989781027344,0.4640015427740794,DOWN,0.071996914451841,0.3333333333333333,0.3333333333333333,0.3333333333333333,expanding_prior_auc_min60,0.6979989781027344,UP,0.0,0.0,0.0,0.1132582034189395,1.0,-0.0851495326502892,0.2213654686579843,0.0,0.0032944444319844,0.1081072652390448,0.071996914451841,False
2025-02-20,0.6018727781120612,0.5516240190704664,0.7581271750420008,0.6372079907415095,UP,0.2744159814830189,0.3333333333333333,0.3333333333333333,0.3333333333333333,expanding_prior_auc_min60,0.7581271750420008,UP,1.0,0.0,0.0,0.0905501463780082,1.0,-0.0816586252991883,0.2257389938939737,0.0,0.007122838335015,0.1351888475159655,0.2744159814830189,False
2025-02-21,0.6537950495195372,0.4128155314345157,0.687249361218987,0.5846199807243466,UP,0.1692399614486932,0.3333333333333333,0.3333333333333333,0.3333333333333333,expanding_prior_auc_min60,0.687249361218987,UP,0.0,0.0,0.0,0.0996055758041086,1.0,-0.0881535600771179,0.1463587393945278,0.0,-0.0088406164535459,0.0467531635904191,0.1692399614486932,False
2025-02-24,0.3735145443902476,0.2115166824534021,0.7914154715639413,0.4588155661358636,DOWN,0.0823688677282726,0.3333333333333333,0.3333333333333333,0.3333333333333333,expanding_prior_auc_min60,0.7914154715639413,UP,0.0,0.0,0.0,0.0837083535138824,1.0,-0.0800203730501782,0.2376508852693801,0.0,-0.0076452600577547,0.1539425317554976,0.0823688677282726,False
2025-02-25,0.3945655350324634,0.3993456326059897,0.7579644055436294,0.5172918577273609,UP,0.0345837154547217,0.3333333333333333,0.3333333333333333,0.3333333333333333,expanding_prior_auc_min60,0.7579644055436294,UP,1.0,0.0,0.0,0.0959771999856855,1.0,-0.0679059866302588,0.2667342441911393,0.0,0.0054221692995202,0.1707570442054537,0.0345837154547217,False
2025-02-26,0.4329476683910397,0.4720237310161783,0.7739385125516736,0.5596366373196304,UP,0.1192732746392608,0.3333333333333333,0.3333333333333333,0.3333333333333333,expanding_prior_auc_min60,0.7739385125516736,UP,0.0,0.0,0.0,0.08447720373704,1.0,-0.0729327024695178,0.2375929449654212,0.0,-0.0112994195312032,0.1531157412283811,0.1192732746392608,False
2025-02-27,0.5988073363242943,0.5746135658068751,0.7197597303497603,0.6310602108269765,UP,0.262120421653953,0.3333333333333333,0.3333333333333333,0.3333333333333333,expanding_prior_auc_min60,0.7197597303497603,UP,0.0,0.0,0.0,0.0880484683328029,1.0,-0.0690909249441964,0.2573071406985688,0.0,-0.0168831168831168,0.1692586723657658,0.262120421653953,False
2025-03-03,0.4365472868802594,0.5670402377139172,0.7565907867273112,0.5867261037738292,UP,0.1734522075476583,0.3333333333333333,0.3333333333333333,0.3333333333333333,expanding_prior_auc_min60,0.7565907867273112,UP,0.0,0.0,0.0,0.0902400934751903,1.0,-0.0813613549772011,0.2692616457352086,0.0,0.0063812652420531,0.1790215522600182,0.1734522075476583,False
2025-03-04,0.5266197717322635,0.711496058926449,0.7251432252421987,0.6544196853003037,UP,0.3088393706006074,0.3333333333333333,0.3333333333333333,0.3333333333333333,expanding_prior_auc_min60,0.7251432252421987,UP,1.0,0.0,0.0,0.1781680430078567,1.0,-0.0752141478705699,0.2772273361462821,0.0,0.0131156151403453,0.0990592931384253,0.3088393706006074,False
2025-03-05,0.4566637412479833,0.6035581092520393,0.736215898887793,0.5988125831292719,UP,0.1976251662585437,0.3333333333333333,0.3333333333333333,0.3333333333333333,expanding_prior_auc_min60,0.736215898887793,UP,0.0,0.0,0.0,0.2955976881232471,1.0,-0.0871862615587847,0.2346383241136035,0.0,-0.0060765859787813,-0.0609593640096436,0.1976251662585437,False
2025-03-06,0.4497023841445934,0.5724183286490856,0.7216762682281639,0.5812656603406142,UP,0.1625313206812284,0.3333333333333333,0.3333333333333333,0.3333333333333333,expanding_prior_auc_min60,0.7216762682281639,UP,0.0,0.0,0.0,0.2425909775967737,1.0,-0.1578947966151934,0.2525360472333896,0.0,-0.0093035616332566,0.0099450696366158,0.1625313206812284,False
2025-03-07,0.4475003565160501,0.5670781523825926,0.2920524219500369,0.4355436436162265,DOWN,0.1289127127675469,0.3333333333333333,0.3333333333333333,0.3333333333333333,expanding_prior_auc_min60,0.2920524219500369,DOWN,0.0,0.0,0.0,0.1510793356785175,1.0,-0.1776227798196523,0.3020266979424686,0.0,-0.0059029035014068,0.1509473622639511,0.1289127127675469,False
2025-03-10,0.5734567784447706,0.5646777463846131,0.3744997701458317,0.5042114316584051,UP,0.0084228633168101,0.3333333333333333,0.3333333333333333,0.3333333333333333,expanding_prior_auc_min60,0.3744997701458317,DOWN,0.0,0.0,0.0,0.1209446946212191,1.0,-0.2107962377962634,0.2652779816651552,0.0,-0.0032388993442139,0.144333287043936,0.0084228633168101,False
2025-03-11,0.6350071362088264,0.6957617708024763,0.3948314007773411,0.5752001025962146,UP,0.1504002051924291,0.3333333333333333,0.3333333333333333,0.3333333333333333,expanding_prior_auc_min60,0.3948314007773411,DOWN,1.0,1.0,0.0,0.10840388353779,1.0,-0.1967033134711967,0.3171408255116559,0.0,0.0145604060246393,0.2087369419738658,0.1504002051924291,False
2025-03-12,0.7735489825068468,0.7428777042655393,0.3221686646732193,0.6128651171485351,UP,0.2257302342970701,0.3333333333333333,0.3333333333333333,0.3333333333333333,expanding_prior_auc_min60,0.3221686646732193,DOWN,0.0,0.0,0.0,0.114457414490947,1.0,-0.200218848427222,0.2720613891211652,0.0,0.0101202998569029,0.1576039746302181,0.2257302342970701,False
2025-03-13,0.4558482748288264,0.5661633932056668,0.3522420080710074,0.4580845587018335,DOWN,0.0838308825963329,0.3333333333333333,0.3333333333333333,0.3333333333333333,expanding_prior_auc_min60,0.3522420080710074,DOWN,0.0,1.0,0.0,0.1078484964556252,1.0,-0.1927112533354903,0.2969093131191497,0.0,0.0196023615313387,0.1890608166635244,0.0838308825963329,False
2025-03-14,0.6672376140169647,0.7228831700988558,0.3241584810714845,0.5714264217291016,UP,0.1428528434582032,0.3333333333333333,0.3333333333333333,0.3333333333333333,expanding_prior_auc_min60,0.3241584810714845,DOWN,1.0,1.0,0.0,0.0934795968692158,1.0,-0.1900277177382704,0.548238221360142,0.0,0.0229916559362015,0.4547586244909261,0.1428528434582032,False
2025-03-17,0.6347675828375519,0.65748228699223,0.1841000307546709,0.4921166335281509,DOWN,0.0157667329436981,0.3333333333333333,0.3333333333333333,0.3333333333333333,expanding_prior_auc_min60,0.1841000307546709,DOWN,1.0,1.0,0.0,0.1180363504776215,1.0,-0.1969239522249459,0.3026503626029748,0.0,0.0142817401875428,0.1846140121253532,0.0157667329436981,False
2025-03-18,0.3403685956240632,0.530437283767583,0.1133508668890596,0.3280522487602353,DOWN,0.3438955024795294,0.3333333333333333,0.3333333333333333,0.3333333333333333,expanding_prior_auc_min60,0.1133508668890596,DOWN,0.0,1.0,0.0,0.117722554549904,1.0,-0.200218848427222,0.2977843398659917,0.0,0.0101202998569029,0.1800617853160876,0.3438955024795294,False
2025-03-19,0.8188341027350563,0.7753027460172183,0.3980994540718515,0.664078767608042,UP,0.3281575352160839,0.3333333333333333,0.3333333333333333,0.3333333333333333,expanding_prior_auc_min60,0.3980994540718515,DOWN,1.0,1.0,0.0,0.1235506346291746,1.0,-0.1902520383434642,0.4070363110770087,0.0,0.0227083399358969,0.2834856764478341,0.3281575352160839,False
2025-03-20,0.665721413346202,0.6993761184757968,0.0882152544405659,0.4844375954208549,DOWN,0.03112480915829,0.3333333333333333,0.3333333333333333,0.3333333333333333,expanding_prior_auc_min60,0.0882152544405659,DOWN,0.0,0.0,0.0,0.0869282019243997,1.0,-0.2073732753204283,0.2763787306287078,0.0,0.0010842881623809,0.1894505287043081,0.03112480915829,False
2025-03-21,0.8228146722511928,0.7194033419025441,0.1590351341494092,0.5670843827677153,UP,0.1341687655354306,0.3333333333333333,0.3333333333333333,0.3333333333333333,expanding_prior_auc_min60,0.1590351341494092,DOWN,0.0,0.0,0.0,0.0857024593868918,1.0,-0.2008745592403417,0.3027157274523238,0.0,0.0092921398010361,0.217013268065432,0.1341687655354306,False
2025-03-24,0.7930368614666568,0.7518730180967491,0.1082560565432744,0.5510553120355601,UP,0.1021106240711202,0.3333333333333333,0.3333333333333333,0.3333333333333333,expanding_prior_auc_min60,0.1082560565432744,DOWN,1.0,0.0,0.0,0.0958032095294408,1.0,-0.2000000166990851,0.300496378739322,0.0,0.010396683428095,0.2046931692098812,0.1021106240711202,False
2025-03-25,0.8107736944676158,0.6998214999817511,0.0739775196563212,0.528190904701896,UP,0.056381809403792,0.3333333333333333,0.3333333333333333,0.3333333333333333,expanding_prior_auc_min60,0.0739775196563212,DOWN,0.0,0.0,0.0,0.0932150846174505,1.0,-0.2082317802284761,0.2521178147572586,0.0,-0.0008123146571478,0.158902730139808,0.056381809403792,False
2025-03-26,0.6565924846964971,0.5844016199926143,0.1239539329275333,0.4549826792055482,DOWN,0.0900346415889035,0.3333333333333333,0.3333333333333333,0.3333333333333333,expanding_prior_auc_min60,0.1239539329275333,DOWN,0.0,0.0,0.0,0.0871036103489535,1.0,-0.2075880924214516,0.2312543725064309,0.0,-0.018970189701897,0.1441507621574773,0.0900346415889035,False
2025-03-27,0.6912618582955511,0.6926959279644457,0.1440923607088307,0.5093500489896091,UP,0.0187000979792182,0.3333333333333333,0.3333333333333333,0.3333333333333333,expanding_prior_auc_min60,0.1440923607088307,DOWN,0.0,0.0,0.0,0.1266884478995059,1.0,-0.1922652102307062,0.3351787217396834,0.0,-0.0099447682417558,0.2084902738401775,0.0187000979792182,False
2025-03-28,0.599984387011155,0.6513891171867137,0.4700881977123947,0.5738205673034211,UP,0.1476411346068422,0.3333333333333333,0.3333333333333333,0.3333333333333333,expanding_prior_auc_min60,0.4700881977123947,DOWN,0.0,0.0,0.0,0.118505533474707,1.0,-0.1841517888503719,0.2798507853423408,0.0,-0.0161830019300835,0.1613452518676338,0.1476411346068422,False
2025-03-31,0.758740464177738,0.5903771476386152,0.6135532414673136,0.6542236177612222,UP,0.3084472355224443,0.3333333333333333,0.3333333333333333,0.3333333333333333,expanding_prior_auc_min60,0.6135532414673136,UP,1.0,0.0,0.0,0.0890826934048168,1.0,-0.1536903215731276,0.3870345000353032,0.0,0.0205499453068469,0.2979518066304863,0.3084472355224443,False
2025-04-01,0.7924033124927575,0.5527182542559572,0.161844274098991,0.5023219469492353,UP,0.0046438938984705,0.3333333333333333,0.3333333333333333,0.3333333333333333,expanding_prior_auc_min60,0.161844274098991,DOWN,0.0,0.0,0.0,0.1325815050399759,1.0,-0.1707317389817567,0.2665801592817879,0.0,-0.0017016622039974,0.1339986542418119,0.0046438938984705,False
2025-04-02,0.7581446284502336,0.5655111751533213,0.1582897077170671,0.4939818371068739,DOWN,0.0120363257862521,0.3333333333333333,0.3333333333333333,0.3333333333333333,expanding_prior_auc_min60,0.1582897077170671,DOWN,0.0,0.0,0.0,0.150861543432845,1.0,-0.1693181991577148,0.26105154300916,0.0,-0.0142045454545454,0.1101899995763149,0.0120363257862521,False
2025-04-07,0.7114712751591092,0.6513233159717103,0.9690071712308138,0.7772672541205444,UP,0.5545345082410889,0.3333333333333333,0.3333333333333333,0.3333333333333333,expanding_prior_auc_min60,0.9690071712308138,UP,0.0,1.0,1.0,0.0600444505916919,1.0,-0.0770201857218187,0.9561526042591796,1.0,0.0953283250337977,0.8961081536674875,0.5545345082410889,False
2025-04-08,0.6028675066725868,0.501237425091307,0.9832907668448472,0.6957985662029136,UP,0.3915971324058271,0.3333333333333333,0.3333333333333333,0.3333333333333333,expanding_prior_auc_min60,0.9832907668448472,UP,0.0,1.0,1.0,0.0792737428241105,0.0,-0.0460032825563315,0.9715919935087418,1.0,0.132137030995106,0.8923182506846312,0.3915971324058271,False
2025-04-09,0.6757413347756969,0.6124661832461334,0.972926226613504,0.753711248211778,UP,0.5074224964235561,0.3333333333333333,0.3333333333333333,0.3333333333333333,expanding_prior_auc_min60,0.972926226613504,UP,1.0,1.0,1.0,0.0828877020694035,0.0,0.0666894678763345,0.969001992426882,1.0,0.1867305309275935,0.8861142903574785,0.5074224964235561,False
2025-04-10,0.5756165207326497,0.5624762864114652,0.9696974714379624,0.702596759527359,UP,0.405193519054718,0.3333333333333333,0.3333333333333333,0.3333333333333333,expanding_prior_auc_min60,0.9696974714379624,UP,1.0,0.0,1.0,0.0902393535311067,0.0,-0.030161728927048,0.9722897957361882,1.0,0.0867537107182268,0.8820504422050816,0.405193519054718,False
2025-04-11,0.6483428155270704,0.5527147598148726,0.965450768809066,0.6483428155270704,UP,0.2966856310541408,1.0,0.0,0.0,expanding_prior_auc_min60,0.965450768809066,UP,0.0,0.0,1.0,0.083943335363072,1.0,-0.052263785743052,0.965759257283424,1.0,0.0738377008274056,0.8818159219203519,0.2966856310541408,False
2025-04-14,0.5533749739731727,0.526936357701373,0.9677847625616248,0.5533749739731727,UP,0.1067499479463454,1.0,0.0,0.0,expanding_prior_auc_min60,0.9677847625616248,UP,1.0,0.0,1.0,0.0317789468910755,0.0,-0.0473427009436679,0.9681123753578592,1.0,0.0925474003525088,0.9363334284667836,0.1067499479463454,False
2025-04-15,0.5482092500280203,0.5617380538876916,0.9674613256817528,0.6924695431991549,UP,0.3849390863983097,0.3333333333333333,0.3333333333333333,0.3333333333333333,expanding_prior_auc_min60,0.9674613256817528,UP,0.0,0.0,1.0,0.0297633599478024,1.0,-0.0568491612234272,0.959669944717248,1.0,0.1061384163601528,0.9299065847694457,0.3849390863983097,False
2025-04-16,0.7087875751646686,0.7495103251699334,0.9890115682161962,0.8157698228502661,UP,0.6315396457005322,0.3333333333333333,0.3333333333333333,0.3333333333333333,expanding_prior_auc_min60,0.9890115682161962,UP,0.0,1.0,1.0,0.0082784401692941,0.0,-0.0394210589138674,0.9786225290616486,1.0,0.1265783000948328,0.9703440888923544,0.6315396457005322,False
2025-04-17,0.8028295358049475,0.8701694191421772,0.9772802422017908,0.8697251279065217,UP,0.7394502558130434,0.0065977428774357,0.9934022571225642,0.0,expanding_prior_auc_min60,0.9772802422017908,UP,1.0,1.0,1.0,0.043750001045269,0.0,-0.0286515479045658,0.974468071577359,1.0,0.1398318064248482,0.93071807053209,0.7394502558130434,False
2025-04-18,0.8686670794214283,0.9270538155174362,0.9708664610206436,0.9270538155174362,UP,0.8541076310348723,0.0,1.0,0.0,expanding_prior_auc_min60,0.9708664610206436,UP,0.0,1.0,1.0,0.0616331766175642,0.0,-0.0307644321691322,0.971876331188286,1.0,0.1373524359344211,0.9102431545707218,0.8541076310348723,False
2025-04-21,0.7050195909297954,0.6323659731133612,0.971959114935434,0.6392711662960443,UP,0.2785423325920886,0.0950426611945141,0.904957338805486,0.0,expanding_prior_auc_min60,0.971959114935434,UP,0.0,1.0,1.0,0.0625064797219729,0.0,-0.0167087582174733,0.976630167503904,1.0,0.1538461094418803,0.914123687781931,0.2785423325920886,False
2025-04-22,0.7328362801545378,0.9218175296389028,0.9725340785467288,0.9218175296389028,UP,0.8436350592778057,0.0,1.0,0.0,expanding_prior_auc_min60,0.9725340785467288,UP,1.0,1.0,1.0,0.0800834407194942,0.0,0.0381532354259481,0.974376471886642,1.0,0.1773004789762844,0.8942930311671479,0.8436350592778057,False
2025-04-23,0.8284785939138876,0.5961539455590602,0.9346040063767554,0.5961539455590602,UP,0.1923078911181204,0.0,1.0,0.0,expanding_prior_auc_min60,0.9346040063767554,UP,0.0,1.0,1.0,0.0481670228772953,0.0,-0.005833663932609,0.961616476540564,1.0,0.1274178644292483,0.9134494536632686,0.1923078911181204,False
2025-04-24,0.6948305312057955,0.6894649221415943,0.9721984983272024,0.6894649221415943,UP,0.3789298442831885,0.0,1.0,0.0,expanding_prior_auc_min60,0.9721984983272024,UP,1.0,1.0,1.0,0.0009500979118688,0.0,0.023780149775529,0.9741157735015372,1.0,0.134033434373727,0.9731656755896684,0.3789298442831885,False
2025-04-25,0.5648387977776382,0.6181374461869432,0.9680027779740176,0.6181374461869432,UP,0.2362748923738864,0.0,1.0,0.0,expanding_prior_auc_min60,0.9680027779740176,UP,1.0,1.0,1.0,0.0008847345603107,0.0,0.0084464186816552,0.9423340321312008,1.0,0.1076923445159314,0.94144929757089,0.2362748923738864,False
2025-04-28,0.4500989760140521,0.5974441332885055,0.9574028022938564,0.5974441332885055,UP,0.194888266577011,0.0,1.0,0.0,expanding_prior_auc_min60,0.9574028022938564,UP,1.0,1.0,1.0,0.0006430008603413,0.0,0.0038887776189568,0.9256408956148364,1.0,0.0984146742907972,0.924997894754495,0.194888266577011,False
2025-04-29,0.5807510317922375,0.6712853761861767,0.969723444670038,0.6712853761861767,UP,0.3425707523723533,0.0,1.0,0.0,expanding_prior_auc_min60,0.969723444670038,UP,1.0,1.0,1.0,0.0006743977106751,0.0,0.0047675985530886,0.9340493714567076,1.0,0.0941597304195775,0.9333749737460326,0.3425707523723533,False
2025-04-30,0.5534185123978119,0.9169997481583234,0.94204182557795,0.9169997481583234,UP,0.8339994963166468,0.0,1.0,0.0,expanding_prior_auc_min60,0.94204182557795,UP,1.0,1.0,1.0,0.0011874857691686,0.0,0.0103795963027757,0.887318236136925,1.0,0.0889679683095054,0.8861307503677563,0.8339994963166468,False
2025-05-02,0.552637880911291,0.5273358218204444,0.8871855902604522,0.5273358218204444,UP,0.0546716436408887,0.0,1.0,0.0,expanding_prior_auc_min60,0.8871855902604522,UP,0.0,1.0,1.0,0.0100363482874513,0.0,-0.0181555844177774,0.7873359106058029,1.0,0.0582132916629143,0.7772995623183515,0.0546716436408887,False
2025-05-05,0.4769827786918897,0.5734551299454427,0.9076914479002954,0.5734551299454427,UP,0.1469102598908853,0.0,1.0,0.0,expanding_prior_auc_min60,0.9076914479002954,UP,0.0,1.0,1.0,0.0021627673892521,0.0,-0.0093049774534638,0.8455208350440933,1.0,0.0677523080083575,0.8433580676548411,0.1469102598908853,False
2025-05-06,0.6803130822669577,0.6474732843133035,0.9117087848202512,0.6474732843133035,UP,0.294946568626607,0.0,1.0,0.0,expanding_prior_auc_min60,0.9117087848202512,UP,0.0,1.0,1.0,0.0084922959362659,0.0,-0.0038011338975694,0.8503408318067562,1.0,0.0736842462193896,0.8418485358704902,0.294946568626607,False
2025-05-07,0.8075257845171631,0.8455465711690175,0.9107012931001665,0.8455465711690175,UP,0.6910931423380351,0.0,1.0,0.0,expanding_prior_auc_min60,0.9107012931001665,UP,1.0,1.0,1.0,0.0111449527496943,0.0,0.0132081004953574,0.7884956810441395,1.0,0.0777810362504387,0.7773507282944451,0.6910931423380351,False
2025-05-08,0.8180766462066944,0.6663840402124447,0.8955319549915723,0.6663840402124447,UP,0.3327680804248893,0.0,1.0,0.0,expanding_prior_auc_min60,0.8955319549915723,UP,1.0,1.0,1.0,0.0127697554898424,0.0,0.0124565111266272,0.540102023640743,1.0,0.0637311680823629,0.5273322681509005,0.3327680804248893,False
2025-05-09,0.7308860997845579,0.6048059120287618,0.8091513956118913,0.7365872379107068,UP,0.4731744758214136,0.0,0.3551052679452284,0.6448947320547715,expanding_prior_auc_min60,0.8091513956118913,UP,1.0,1.0,1.0,0.0547127530488218,0.0,0.0065807948296674,0.3155097332476017,1.0,0.0512160054262786,0.2607969801987799,0.4731744758214136,False
2025-05-12,0.7085303262217639,0.5514796500082297,0.8002085258086785,0.7177619152032965,UP,0.4355238304065929,0.0134907692441854,0.3264992892710451,0.6600099414847693,expanding_prior_auc_min60,0.8002085258086785,UP,1.0,1.0,1.0,0.0441569968711857,0.0,-0.0045274650004218,0.2917718809500159,1.0,0.0676287331897493,0.2476148840788301,0.4355238304065929,False
2025-05-13,0.528275368369242,0.4063337343358159,0.7285892332183384,0.6221804194142465,UP,0.244360838828493,0.0284463268274851,0.3125179259492842,0.6590357472232307,expanding_prior_auc_min60,0.7285892332183384,UP,1.0,1.0,1.0,0.0955459517765798,0.0,-0.0164943366304601,0.2981781214552508,1.0,0.0547944504251045,0.2026321696786709,0.244360838828493,False
2025-05-14,0.4770990367766365,0.4362545576305639,0.5996868596361127,0.5448204887499425,UP,0.0896409774998849,0.0392619484436704,0.306263409931901,0.6544746416244286,expanding_prior_auc_min60,0.5996868596361127,UP,0.0,1.0,1.0,0.027683840303741,0.0,-0.0382722812115662,0.2785491702128722,0.0,0.0314379452809294,0.2508653299091312,0.0896409774998849,False
2025-05-15,0.4946305266752558,0.4811880071183411,0.6922920164328882,0.6200041593678409,UP,0.2400083187356818,0.0311824898027742,0.313230809263091,0.6555867009341348,expanding_prior_auc_min60,0.6922920164328882,UP,1.0,0.0,1.0,0.0091668612849605,0.0,-0.036164417005565,0.2737079755514767,0.0,0.0336985966930649,0.2645411142665161,0.2400083187356818,False
2025-05-16,0.3791238546588594,0.5574639860644108,0.5532033284721272,0.5474822472204584,UP,0.0949644944409167,0.0404462531864169,0.3097599823865533,0.6497937644270297,expanding_prior_auc_min60,0.5532033284721272,UP,0.0,0.0,1.0,0.0152408354785433,0.0,-0.0387978475601946,0.2744846110920144,0.0,0.0308742835873463,0.2592437756134711,0.0949644944409167,False
2025-05-19,0.757788508653167,0.5196244521284993,0.8148788821123372,0.7209575185156208,UP,0.4419150370312417,0.0312465284440361,0.3120613215645482,0.6566921499914158,expanding_prior_auc_min60,0.8148788821123372,UP,1.0,1.0,1.0,0.0523728923909863,0.0,-0.0252147582638245,0.3073551729960324,0.0,0.0454419345354391,0.2549822806050461,0.4419150370312417,False
2025-05-20,0.6842839042358738,0.663965361231368,0.7948107339457758,0.7508083752781922,UP,0.5016167505563844,0.0476939203354297,0.2960051246214768,0.6563009550430934,expanding_prior_auc_min60,0.7948107339457758,UP,1.0,0.0,1.0,0.0559662985615348,0.0,-0.0271018200916219,0.263516519619337,1.0,0.0524336038026791,0.2075502210578022,0.5016167505563844,False
2025-05-21,0.7808770218090094,0.6075228265780857,0.7432708172015045,0.7079156261122739,UP,0.4158312522245477,0.0600300209003659,0.2770773413666548,0.6628926377329791,expanding_prior_auc_min60,0.7432708172015045,UP,0.0,0.0,1.0,0.0395574215793733,0.0,-0.0419390629142457,0.2395054613539015,0.0,0.0363834011640229,0.1999480397745282,0.4158312522245477,False
2025-05-22,0.7913124817190216,0.8910523223658471,0.8448154144642879,0.8533682553982802,UP,0.7067365107965604,0.0675836604458654,0.2631829316833701,0.6692334078707645,expanding_prior_auc_min60,0.8448154144642879,UP,0.0,0.0,1.0,0.0504986035943767,0.0,-0.0313877313626417,0.3413178342409292,0.0,0.0477973148901409,0.2908192306465524,0.7067365107965604,False
2025-05-23,0.8138986103485759,0.900326376435205,0.8716503944728132,0.8762017265293529,UP,0.7524034530587058,0.0540256971308641,0.2675204798379257,0.67845382303121,expanding_prior_auc_min60,0.8716503944728132,UP,0.0,0.0,1.0,0.0477551538885459,0.0,-0.0273708158140616,0.3569514228987069,1.0,0.0521426174040806,0.309196269010161,0.7524034530587058,False
2025-05-26,0.8247734790969184,0.9004595115800216,0.8761663486845022,0.8806208975901881,UP,0.7612417951803763,0.0403978106379018,0.2688290671540375,0.6907731222080606,expanding_prior_auc_min60,0.8761663486845022,UP,0.0,0.0,1.0,0.0238885037995289,0.0,-0.0262939394435951,0.4788497963266233,1.0,0.053307529522147,0.4549612925270944,0.7612417951803763,False
2025-05-27,0.791672048854662,0.8946381822811615,0.880508092431777,0.8820082304472212,UP,0.7640164608944424,0.0250422508913473,0.2636071353119743,0.7113506137966783,expanding_prior_auc_min60,0.880508092431777,UP,1.0,1.0,1.0,0.0606706568827434,0.0,-0.0175929019915339,0.8345679120938989,1.0,0.0763473774697101,0.7738972552111555,0.7640164608944424,False
2025-05-28,0.7319198247500935,0.7373729179115828,0.8627184822623516,0.8295547916929881,UP,0.6591095833859761,0.0081232092731495,0.2561014892550333,0.7357753014718171,expanding_prior_auc_min60,0.8627184822623516,UP,1.0,1.0,1.0,0.0611459290209214,0.0,-0.0192361978791347,0.5066465808009545,1.0,0.0758851416068324,0.445500651780033,0.6591095833859761,False
2025-05-29,0.7883509052508817,0.7411898904477348,0.8855242656455661,0.8477736229524822,UP,0.6955472459049643,0.0219218477747718,0.2467909881476649,0.7312871640775632,expanding_prior_auc_min60,0.8855242656455661,UP,0.0,1.0,1.0,0.0634474533714684,0.0,-0.0214186709514082,0.5280670581143041,1.0,0.0746036365068671,0.4646196047428357,0.6955472459049643,False
2025-06-02,0.8922853177064801,0.904758165795032,0.8876232401066753,0.8916701906527716,UP,0.7833403813055433,0.0315727813263984,0.227591053526482,0.7408361651471195,expanding_prior_auc_min60,0.8876232401066753,UP,1.0,1.0,1.0,0.1013277957989647,0.0,0.0071063106502187,0.6840464520828695,1.0,0.0997157996221649,0.5827186562839048,0.7833403813055433,False
2025-06-03,0.8510565975306734,0.795633493756057,0.8950226482786275,0.872913262975579,UP,0.7458265259511581,0.0201830731381231,0.2135244573429659,0.766292469518911,expanding_prior_auc_min60,0.8950226482786275,UP,1.0,1.0,1.0,0.0679230414140204,0.0,0.0234265272269693,0.5777992466440715,1.0,0.0982783192884708,0.5098762052300511,0.7458265259511581,False
2025-06-04,0.7697133370012116,0.5289637083987685,0.8874260849973589,0.8135830478346595,UP,0.627166095669319,0.0389555453434675,0.193207090595693,0.7678373640608395,expanding_prior_auc_min60,0.8874260849973589,UP,1.0,1.0,1.0,0.0615634276171286,0.0,0.0019304514000844,0.4771573650746186,1.0,0.0733590889568871,0.4155939374574899,0.627166095669319,False
2025-06-05,0.5715515603852807,0.5770981548692644,0.8821824060604666,0.8042963428185583,UP,0.6085926856371167,0.0543436333240404,0.1999619915718501,0.7456943751041094,expanding_prior_auc_min60,0.8821824060604666,UP,1.0,1.0,1.0,0.068071246244377,0.0,0.001651544518789,0.4406291217420817,1.0,0.0860446210183716,0.3725578754977047,0.6085926856371167,False
2025-06-06,0.6088359197405498,0.7583764528725243,0.8933107212184896,0.8479452904334016,UP,0.6958905808668032,0.0619213552547436,0.2056583985811459,0.7324202461641104,expanding_prior_auc_min60,0.8933107212184896,UP,1.0,1.0,1.0,0.0748284758994509,0.0,0.0096180270917938,0.4281159141630181,1.0,0.084253927387619,0.3532874382635672,0.6958905808668032,False
2025-06-09,0.6266869062080902,0.6085849318946133,0.8912941384334496,0.8159300953858999,UP,0.6318601907717998,0.0565017724533903,0.2136940150002929,0.7298042125463167,expanding_prior_auc_min60,0.8912941384334496,UP,1.0,1.0,1.0,0.0652667404144304,0.0,0.0155688658566357,0.4291146072764973,1.0,0.0739248887134216,0.3638478668620669,0.6318601907717998,False
2025-06-10,0.7146041570034843,0.7509071211773373,0.7748088614150249,0.7662054238219377,UP,0.5324108476438754,0.0542539786912643,0.2232930652645244,0.7224529560442112,expanding_prior_auc_min60,0.7748088614150249,UP,0.0,0.0,1.0,0.0587120381955251,0.0,-0.0110786981474139,0.3831730087766703,0.0,0.0457461180070217,0.3244609705811452,0.5324108476438754,False
2025-06-11,0.7706729671019874,0.7944287524598577,0.7702663657404906,0.7758588182100985,UP,0.551717636420197,0.0528542980418187,0.230563391968138,0.7165823099900431,expanding_prior_auc_min60,0.7702663657404906,UP,0.0,1.0,1.0,0.0641213708313254,0.0,-0.0110786981474139,0.3936530511171588,0.0,0.0457461180070217,0.3295316802858334,0.551717636420197,False
2025-06-12,0.6645549855779466,0.7864136051069951,0.7718658552610332,0.7701332942476502,UP,0.5402665884953004,0.0470290622599636,0.227813139021887,0.7251577987181492,expanding_prior_auc_min60,0.7718658552610332,UP,0.0,0.0,1.0,0.0577227501539114,0.0,-0.0110786981474139,0.3749703519131306,0.0,0.0476544170899737,0.3172476017592192,0.5402665884953004,False
2025-06-13,0.6650320521762336,0.7068792212869173,0.7754401330229495,0.754947646893378,UP,0.509895293786756,0.0378419423598022,0.2379552646692645,0.7242027929709332,expanding_prior_auc_min60,0.7754401330229495,UP,0.0,0.0,1.0,0.0745985521540472,0.0,-0.0110786981474139,0.4011324173100423,1.0,0.0521070879888212,0.3265338651559951,0.509895293786756,False
2025-06-16,0.7139450364878352,0.7239496814249978,0.7735851285581254,0.7589930484015345,UP,0.517986096803069,0.0351577664080702,0.2517408113099957,0.713101422281934,expanding_prior_auc_min60,0.7735851285581254,UP,0.0,0.0,1.0,0.0768141509122653,0.0,-0.0110786981474139,0.5368831749243268,1.0,0.0521070879888212,0.4600690240120614,0.517986096803069,False
2025-06-18,0.6245611638838121,0.6189357080351338,0.7522882893964903,0.7130350371069613,UP,0.4260700742139225,0.0329405423416507,0.2628059475536862,0.704253510104663,expanding_prior_auc_min60,0.7522882893964903,UP,0.0,1.0,1.0,0.0702151117280792,0.0,-0.019550143181459,0.6171502652284272,1.0,0.0594913148877442,0.5469351535003479,0.4260700742139225,False
2025-06-19,0.6332417551818335,0.5915935995064883,0.7490832999685358,0.7064690758165758,UP,0.4129381516331516,0.0264818403140061,0.2511054802007254,0.7224126794852685,expanding_prior_auc_min60,0.7490832999685358,UP,0.0,1.0,1.0,0.0747442637445458,0.0,-0.0097664352308928,0.7845337254029694,1.0,0.0764331720901512,0.7097894616584235,0.4129381516331516,False
2025-06-20,0.6483902872544008,0.5994500564605334,0.7194425777218502,0.6866686747878975,UP,0.373337349575795,0.0268531836152256,0.2572320541921843,0.71591476219259,expanding_prior_auc_min60,0.7194425777218502,UP,0.0,1.0,1.0,0.0755002237296265,0.0,-0.0082925664420837,0.6898078654152392,1.0,0.0939826089382829,0.6143076416856127,0.373337349575795,False
2025-06-23,0.7663982747112538,0.691942458074819,0.7600789097184791,0.7435039967662702,UP,0.4870079935325404,0.0275821603796156,0.2458187106445169,0.7265991289758674,expanding_prior_auc_min60,0.7600789097184791,UP,1.0,1.0,1.0,0.0722527790140346,0.0,0.0182247491411204,0.8131337714441722,1.0,0.1031303909999317,0.7408809924301376,0.4870079935325404,False
2025-06-24,0.6858804442992558,0.7221177520223425,0.7696955355290098,0.7563807383797736,UP,0.5127614767595472,0.0249099174606859,0.2359708527230979,0.739119229816216,expanding_prior_auc_min60,0.7696955355290098,UP,1.0,1.0,1.0,0.072480428412858,0.0,0.0145293451741832,0.6138033294036304,1.0,0.0833859537694694,0.5413229009907723,0.5127614767595472,False
2025-06-25,0.7646342882788535,0.6805896133066136,0.7932007850158539,0.7671035787407905,UP,0.534207157481581,0.0350298922346161,0.2228599933019479,0.7421101144634359,expanding_prior_auc_min60,0.7932007850158539,UP,1.0,1.0,1.0,0.0642897906877591,0.0,0.001245358507907,0.3523531769062519,1.0,0.067870494749922,0.2880633862184928,0.534207157481581,False
2025-06-26,0.7368515004491158,0.5425351647008934,0.7959880572275969,0.7371810852382427,UP,0.4743621704764853,0.039559271255235,0.222793168133618,0.7376475606111469,expanding_prior_auc_min60,0.7959880572275969,UP,1.0,1.0,1.0,0.0689811474520496,0.0,0.0010364683938819,0.4007225644270751,1.0,0.0665422672633431,0.3317414169750254,0.4743621704764853,False
2025-06-27,0.6526039400601931,0.452827302047061,0.7934897780222138,0.7116424006607309,UP,0.4232848013214618,0.0482699161529263,0.2202967308362871,0.7314333530107865,expanding_prior_auc_min60,0.7934897780222138,UP,1.0,1.0,1.0,0.0575989086190633,0.0,0.0012424426890922,0.3287814275148294,1.0,0.0654379744771558,0.2711825188957661,0.4232848013214618,False
2025-06-30,0.6048167810246734,0.404818605754519,0.7932159182629253,0.6978547257640639,UP,0.3957094515281278,0.0553561826890611,0.2186733345061468,0.725970482804792,expanding_prior_auc_min60,0.7932159182629253,UP,1.0,1.0,1.0,0.0745012605802776,0.0,-0.0002068266357367,0.3163247982953216,1.0,0.0638957839865383,0.2418235377150439,0.3957094515281278,False
2025-07-01,0.7728732928542883,0.6274739416773114,0.7946786025677689,0.7565963569811636,UP,0.5131927139623271,0.0547872300902052,0.2206134259039059,0.7245993440058888,expanding_prior_auc_min60,0.7946786025677689,UP,1.0,0.0,1.0,0.0266450875075011,0.0,-0.0059621899499665,0.3136047785300787,1.0,0.0577714105376621,0.2869596910225775,0.5131927139623271,False
2025-07-02,0.6724828409263431,0.4796581854014625,0.8024721587564351,0.7229637700908478,UP,0.4459275401816955,0.0505755387326021,0.225932316773187,0.7234921444942107,expanding_prior_auc_min60,0.8024721587564351,UP,1.0,1.0,1.0,0.034523394989368,0.0,-0.0061665579105527,0.4007456724531209,1.0,0.057553939347178,0.3662222774637528,0.4459275401816955,False
2025-07-03,0.6135594060182187,0.573552727045634,0.802899367094234,0.7400911418515204,UP,0.4801822837030407,0.0583831896061067,0.2256582192973609,0.7159585910965324,expanding_prior_auc_min60,0.802899367094234,UP,0.0,1.0,1.0,0.034031929844629,0.0,-0.0196675025690423,0.4013441086284705,0.0,0.0452149139504223,0.3673121787838414,0.4801822837030407,False
2025-07-04,0.6020907664326471,0.5828685889246681,0.7972184717353112,0.7384919596502881,UP,0.4769839193005762,0.0617605564804163,0.217752936501565,0.7204865070180186,expanding_prior_auc_min60,0.7972184717353112,UP,0.0,1.0,1.0,0.0279844839567032,0.0,-0.0104380296737536,0.4121764015017504,1.0,0.0550552311319267,0.3841919175450471,0.4769839193005762,False
2025-07-07,0.6524522159849896,0.5693439286039402,0.7982822333140198,0.741219637163911,UP,0.4824392743278221,0.063570193306228,0.2087556026029557,0.7276742040908162,expanding_prior_auc_min60,0.7982822333140198,UP,0.0,1.0,1.0,0.0335453406319533,0.0,-0.0045295701479398,0.405923038798157,1.0,0.0613547366884972,0.3723776981662036,0.4824392743278221,False
2025-07-08,0.7911855230247897,0.6379494890557179,0.7997865657257359,0.7671616931275157,UP,0.5343233862550314,0.0664007238732014,0.198061889131685,0.7355373869951135,expanding_prior_auc_min60,0.7997865657257359,UP,1.0,1.0,1.0,0.0699725988745316,0.0,0.0103412619602794,0.4672259680301059,1.0,0.0661840923253023,0.3972533691555743,0.5343233862550314,False
2025-07-09,0.652115435411608,0.4992002976211649,0.7968180731750574,0.7298934613277624,UP,0.4597869226555249,0.0651425915115408,0.1931951373462783,0.7416622711421808,expanding_prior_auc_min60,0.7968180731750574,UP,1.0,1.0,1.0,0.0657162539591811,0.0,0.0098260669790579,0.3427477524512645,1.0,0.0552712558296151,0.2770314984920833,0.4597869226555249,False
2025-07-10,0.643356651106821,0.4568401718485039,0.7929345856754458,0.7198418959249693,UP,0.4396837918499385,0.074895369231445,0.1841446705625703,0.7409599602059846,expanding_prior_auc_min60,0.7929345856754458,UP,1.0,1.0,1.0,0.0426203713385151,0.0,-0.0016190653026608,0.3401573871120393,1.0,0.0615260256003939,0.2975370157735241,0.4396837918499385,False
2025-07-11,0.602671020714067,0.4054281526763712,0.7926022000516132,0.7073681082259798,UP,0.4147362164519597,0.0746764193171583,0.1835110382983889,0.7418125423844527,expanding_prior_auc_min60,0.7926022000516132,UP,0.0,1.0,1.0,0.0597346043725525,0.0,-0.005844359271917,0.332687634325179,1.0,0.0570334923815605,0.2729530299526265,0.4147362164519597,False
2025-07-14,0.6929590835898762,0.4275686172862502,0.7720409831520132,0.7030218907582417,UP,0.4060437815164834,0.0735706140116358,0.1834718681335596,0.7429575178548045,expanding_prior_auc_min60,0.7720409831520132,UP,1.0,1.0,1.0,0.0497096042125744,0.0,0.0135819611610783,0.3485169872712793,1.0,0.0713561020151931,0.2988073830587048,0.4060437815164834,False
2025-07-15,0.6647493286692533,0.4941891055656869,0.7902106367898393,0.7268421062566689,UP,0.4536842125133378,0.0761225368205916,0.1818046723278704,0.7420727908515379,expanding_prior_auc_min60,0.7902106367898393,UP,1.0,1.0,1.0,0.0544214579961994,0.0,0.008000030517578,0.3816670984931756,1.0,0.058000030517578,0.3272456404969761,0.4536842125133378,False
2025-07-16,0.6513472501672054,0.5073951834156917,0.7912303014211476,0.7280682101304295,UP,0.4561364202608591,0.0799324464271489,0.1831376510263151,0.7369299025465359,expanding_prior_auc_min60,0.7912303014211476,UP,1.0,1.0,1.0,0.0619085734779879,0.0,0.0009920483243412,0.3879572311307792,1.0,0.0585316837089271,0.3260486576527913,0.4561364202608591,False
2025-07-17,0.5240377279905191,0.4234684709750854,0.790955180266995,0.7037677679160907,UP,0.4075355358321815,0.082643515513048,0.1772265883260987,0.7401298961608532,expanding_prior_auc_min60,0.790955180266995,UP,1.0,1.0,1.0,0.0742451364203424,0.0,-0.0049309663952262,0.437640959513314,1.0,0.0522681986450526,0.3633958230929716,0.4075355358321815,False
2025-07-18,0.6544884881987548,0.4530229115465949,0.7989292399472594,0.7278736219457624,UP,0.4557472438915249,0.0834282450844414,0.17058138206739,0.7459903728481685,expanding_prior_auc_min60,0.7989292399472594,UP,0.0,0.0,1.0,0.0775642098464653,0.0,-0.0194363456787414,0.4423526279551645,0.0,0.0369290123033438,0.3647884181086991,0.4557472438915249,False
2025-07-21,0.6055045207994441,0.4368663764368995,0.7936406071576512,0.7202004195798954,UP,0.4404008391597909,0.0780177935318582,0.1647042307894783,0.7572779756786634,expanding_prior_auc_min60,0.7936406071576512,UP,0.0,1.0,1.0,0.0487852108246803,0.0,-0.0088408791640341,0.4850114514170041,0.0,0.0481335338859771,0.4362262405923237,0.4404008391597909,False
2025-07-22,0.6459811564502482,0.4188815763448457,0.7784731401226638,0.7116619981237599,UP,0.4233239962475197,0.0765980009010725,0.1575746669885438,0.7658273321103837,expanding_prior_auc_min60,0.7784731401226638,UP,1.0,0.0,1.0,0.0735249265625857,0.0,-0.0019782092112828,0.4519824414677582,1.0,0.0553906880182055,0.3784575149051725,0.4233239962475197,False
2025-07-23,0.6506939982226985,0.4667847995150369,0.7902067884025971,0.7301943851569671,UP,0.4603887703139342,0.0794565726778784,0.1512797421767666,0.7692636851453549,expanding_prior_auc_min60,0.7902067884025971,UP,1.0,1.0,1.0,0.0393914681976229,0.0,-0.0049309663952262,0.338485035864343,1.0,0.0522681986450526,0.29909356766672,0.4603887703139342,False
2025-07-24,0.7020650371517884,0.5453055743896174,0.7889973593368007,0.7467406661374838,UP,0.4934813322749676,0.0788752815201568,0.1452649781421459,0.7758597403376973,expanding_prior_auc_min60,0.7889973593368007,UP,0.0,1.0,1.0,0.048031126678796,0.0,-0.010784298765893,0.3807193836368286,0.0,0.0460784014533548,0.3326882569580326,0.4934813322749676,False
2025-07-25,0.6273891702592974,0.439252205778293,0.7762389369328584,0.7180660262454892,UP,0.4361320524909784,0.079246055129691,0.1376230859672715,0.7831308589030374,expanding_prior_auc_min60,0.7762389369328584,UP,1.0,1.0,1.0,0.0728527529704261,0.0,-0.0088408791640341,0.3416085758903446,0.0,0.0481335338859771,0.2687558229199185,0.4361320524909784,False
2025-07-28,0.7078975198710056,0.5375338283064829,0.778934840944683,0.7387583190086546,UP,0.4775166380173092,0.0724654017879438,0.145106159827857,0.7824284383841991,expanding_prior_auc_min60,0.778934840944683,UP,0.0,0.0,1.0,0.0578329384660302,0.0,-0.0117531534395306,0.3322474488533509,0.0,0.0450538544845036,0.2744145103873207,0.4775166380173092,False
2025-07-29,0.7234667047703593,0.6657423384356496,0.7311210715891835,0.7215467740915007,UP,0.4430935481830014,0.0711071714786165,0.1381185698800649,0.7907742586413185,expanding_prior_auc_min60,0.7311210715891835,UP,1.0,1.0,1.0,0.0737138401237526,0.0,0.0069375315922335,0.3474503955014342,1.0,0.0574826098577976,0.2737365553776816,0.4430935481830014,False
2025-07-30,0.3932925864086355,0.2612949506648306,0.7306058967918265,0.6393684423432673,UP,0.2787368846865345,0.0642360362376085,0.1482381457187049,0.7875258180436865,expanding_prior_auc_min60,0.7306058967918265,UP,1.0,0.0,1.0,0.0520833635443642,0.0,-0.003921583587048,0.3174164230344063,0.0,0.0460784014533548,0.2653330594900421,0.2787368846865345,False
2025-07-31,0.3356238670050001,0.2250872996788689,0.6310197415061236,0.5528999099703271,UP,0.1057998199406542,0.0710293992633237,0.1407575107028096,0.7882130900338665,expanding_prior_auc_min60,0.6310197415061236,UP,0.0,1.0,1.0,0.0422338559773711,0.0,-0.0145489817866147,0.2889001606223353,0.0,0.0349175414878859,0.2466663046449642,0.1057998199406542,False
2025-08-01,0.4636661091207398,0.3106693261377742,0.771158380581822,0.6896396597265404,UP,0.3792793194530808,0.0588720112018999,0.1377145271821712,0.8034134616159289,expanding_prior_auc_min60,0.771158380581822,UP,0.0,1.0,1.0,0.0391916966615489,0.0,-0.0058708267322645,0.313555978381644,0.0,0.044031312469402,0.2743642817200951,0.3792793194530808,False
2025-08-04,0.664327608700296,0.3631801284039019,0.7286610494211772,0.6768078386050911,UP,0.3536156772101821,0.0713575677958602,0.1293160059538946,0.7993264262502451,expanding_prior_auc_min60,0.7286610494211772,UP,1.0,1.0,1.0,0.0493549237350649,0.0,0.0039370229516371,0.6535293225908249,1.0,0.0501968361290885,0.60417439885576,0.3536156772101821,False
2025-08-05,0.6281799215128426,0.5562441239940955,0.7593487491219687,0.7226181381494092,UP,0.4452362762988184,0.0793880343753626,0.1295754617147732,0.7910365039098641,expanding_prior_auc_min60,0.7593487491219687,UP,0.0,1.0,1.0,0.0480734089970263,0.0,-0.0087463703841885,0.4582315180370767,0.0,0.0369290123033438,0.4101581090400503,0.4452362762988184,False
2025-08-06,0.5644351108967562,0.4773701384434662,0.7108447000104623,0.6680501792351301,UP,0.3361003584702602,0.0804619699146703,0.1328372419362969,0.7867007881490327,expanding_prior_auc_min60,0.7108447000104623,UP,1.0,1.0,1.0,0.0561443247561531,0.0,0.0137255051556755,0.3719612406823462,0.0,0.0460784014533548,0.3158169159261931,0.3361003584702602,False
2025-08-07,0.6582915002132901,0.4708140595792296,0.7857029728785674,0.7300968486846614,UP,0.4601936973693228,0.0807085286935677,0.1439330817383401,0.7753583895680921,expanding_prior_auc_min60,0.7857029728785674,UP,0.0,1.0,0.0,0.0539597475050773,0.0,-0.0142993324898088,0.3641887092420568,0.0,0.017159155349671,0.3102289617369795,0.4601936973693228,False
2025-08-08,0.3480304549466311,0.3307595831842604,0.7532109537450764,0.6656927946949548,UP,0.3313855893899096,0.076137745974018,0.1341423726090661,0.7897198814169157,expanding_prior_auc_min60,0.7532109537450764,UP,1.0,1.0,1.0,0.0241768502978589,0.0,-0.0142993324898088,0.2747121409318117,0.0,0.017159155349671,0.2505352906339527,0.3313855893899096,False
2025-08-11,0.5055650221350865,0.3085274631391828,0.7973488453158704,0.7143949751189403,UP,0.4287899502378807,0.0744462208427264,0.125263888795981,0.8002898903612926,expanding_prior_auc_min60,0.7973488453158704,UP,1.0,1.0,1.0,0.0301971612127664,0.0,-0.0217596545768067,0.3185636125882933,0.0,0.0094607382107083,0.2883664513755268,0.4287899502378807,False
2025-08-12,0.4276000393771916,0.291865280965184,0.773737606244304,0.6946712847005678,UP,0.3893425694011356,0.0628199590207892,0.1189567667003602,0.8182232742788504,expanding_prior_auc_min60,0.773737606244304,UP,1.0,1.0,1.0,0.0167336264354592,0.0,-0.0226843237868794,0.2706352634945814,0.0,0.0189035911371533,0.2539016370591221,0.3893425694011356,False
2025-08-13,0.5629158629318661,0.32060168472339,0.7796739823190169,0.713608364228852,UP,0.427216728457704,0.0561531145136361,0.1173975752244807,0.8264493102618831,expanding_prior_auc_min60,0.7796739823190169,UP,0.0,0.0,1.0,0.0211062052710365,0.0,-0.0309277930341838,0.3159390652290061,0.0,0.0299906716884816,0.2948328599579696,0.427216728457704,False
2025-08-14,0.4506098258720664,0.320608268492292,0.765574447323941,0.7004740233871312,UP,0.4009480467742623,0.0458647353858039,0.113839337297576,0.84029592731662,expanding_prior_auc_min60,0.765574447323941,UP,0.0,0.0,1.0,0.0437560501945574,0.0,-0.0272812929691722,0.2986156697698368,0.0,0.0432737379309513,0.2548596195752793,0.4009480467742623,False
2025-08-15,0.462539509600084,0.3726856659079521,0.7027396923769761,0.6548797565901978,UP,0.3097595131803956,0.0511742686033272,0.1077637727837972,0.8410619586128756,expanding_prior_auc_min60,0.7027396923769761,UP,1.0,0.0,1.0,0.0794895339207747,0.0,-0.0272812929691722,0.2856376018525183,1.0,0.0536217947751782,0.2061480679317435,0.3097595131803956,False
2025-08-18,0.3881491253694787,0.3940605499951415,0.6964650695081893,0.6482159752394003,UP,0.2964319504788006,0.0598102483395622,0.0985720753473062,0.8416176763131314,expanding_prior_auc_min60,0.6964650695081893,UP,0.0,0.0,1.0,0.0758003610732463,0.0,-0.0300187335276467,0.2639007434470182,1.0,0.0506566754519217,0.1881003823737719,0.2964319504788006,False
2025-08-19,0.329859439091399,0.2972623696999125,0.6593179096105767,0.6094296507274042,UP,0.2188593014548083,0.0520054670828533,0.0904684879217767,0.85752604499537,expanding_prior_auc_min60,0.6593179096105767,UP,0.0,0.0,1.0,0.054079794030017,0.0,-0.0281954883174538,0.2455216011724786,1.0,0.0667293080103406,0.1914418071424615,0.2188593014548083,False
2025-08-20,0.63403543297923,0.4815508109219505,0.5572200022373431,0.5560684843482016,UP,0.1121369686964031,0.0641389054566332,0.0803282740761837,0.855532820467183,expanding_prior_auc_min60,0.5572200022373431,UP,1.0,1.0,1.0,0.0787401861930525,0.0,0.0009671032170737,0.3371202058018587,1.0,0.0976789006293512,0.2583800196088062,0.1121369686964031,False
2025-08-21,0.5286593884262123,0.6815970213571598,0.6846207530200468,0.6727351649971303,UP,0.3454703299942605,0.0744307598689278,0.0916963464072089,0.8338728937238632,expanding_prior_auc_min60,0.6846207530200468,UP,0.0,1.0,1.0,0.0890962063822301,0.0,-0.0048076923076922,0.2940574642334352,1.0,0.0951923223642201,0.2049612578512051,0.3454703299942605,False
2025-08-22,0.6063300072784125,0.6740210763969469,0.7545574465744241,0.7354135898128151,UP,0.4708271796256302,0.0729998305807572,0.1033480747547802,0.8236520946644624,expanding_prior_auc_min60,0.7545574465744241,UP,1.0,1.0,1.0,0.0486710239725191,0.0,0.0038647490423082,0.2811932058975379,1.0,0.1014492753623188,0.2325221819250187,0.4708271796256302,False
2025-08-25,0.4694067902971423,0.5709649839166425,0.7122355355103598,0.6776259070952491,UP,0.3552518141904981,0.0770779118523457,0.1124997079508632,0.8104223801967909,expanding_prior_auc_min60,0.7122355355103598,UP,1.0,0.0,1.0,0.055167360297535,0.0,-0.0142314988452035,0.3226067170605218,1.0,0.0891840739069715,0.2674393567629868,0.3552518141904981,False
2025-08-26,0.5576559098178753,0.6069229109533266,0.7141768243376518,0.6894400899614149,UP,0.3788801799228298,0.0744967908278561,0.1219202930173309,0.8035829161548129,expanding_prior_auc_min60,0.7141768243376518,UP,1.0,0.0,1.0,0.0555690766418682,0.0,-0.015165862313944,0.2711157553295594,1.0,0.1080568865012219,0.2155466786876912,0.3788801799228298,False
2025-08-27,0.6469084732889187,0.6642658360083391,0.6426695141087355,0.6458455825148636,UP,0.2916911650297271,0.0670513487900949,0.1339043050513022,0.7990443461586029,expanding_prior_auc_min60,0.6426695141087355,UP,0.0,0.0,1.0,0.0718453480638507,0.0,-0.0198113063596329,0.2766802667708652,1.0,0.1028302030743293,0.2048349187070144,0.2916911650297271,False
2025-08-28,0.41617531168082,0.4264697915253718,0.705519799152656,0.6504003997571427,UP,0.3008007995142854,0.0633346243412401,0.1318540547234814,0.8048113209352784,expanding_prior_auc_min60,0.705519799152656,UP,0.0,0.0,1.0,0.0635222816167676,0.0,-0.0104761759440104,0.2358981649042625,1.0,0.1133333478655134,0.1723758832874949,0.3008007995142854,False
2025-08-29,0.5827484376242169,0.5232115857758503,0.6304720527146452,0.6127798415849302,UP,0.2255596831698603,0.0618662165467943,0.1374199837536177,0.8007137996995878,expanding_prior_auc_min60,0.6304720527146452,UP,0.0,1.0,1.0,0.0887777294978928,0.0,-0.0104761759440104,0.2355070480121787,1.0,0.1133333478655134,0.1467293185142858,0.2255596831698603,False
2025-09-01,0.5790210493172405,0.4157265541332308,0.784890061650126,0.7187658738746654,UP,0.4375317477493308,0.0706651136625683,0.1397116171267172,0.7896232692107144,expanding_prior_auc_min60,0.784890061650126,UP,0.0,1.0,1.0,0.050306421856355,0.0,-0.0009615237896258,0.225144626231616,1.0,0.1240384762103741,0.1748382043752609,0.4375317477493308,False
2025-09-02,0.521302152536834,0.3635506792296627,0.7834302581322481,0.7060787386231094,UP,0.4121574772462189,0.0732619585432837,0.138486137515796,0.7882519039409203,expanding_prior_auc_min60,0.7834302581322481,UP,0.0,1.0,1.0,0.0574345432724747,0.0,-0.0009615237896258,0.2222513410109409,1.0,0.1240384762103741,0.1648167977384662,0.4121574772462189,False
2025-09-03,0.5187180365632565,0.5130881046952936,0.7874546893498143,0.7302470375657524,UP,0.4604940751315047,0.0760455667472108,0.1340229560515249,0.7899314772012643,expanding_prior_auc_min60,0.7874546893498143,UP,1.0,1.0,1.0,0.0486779689654493,0.0,0.0067372178822138,0.2116269714031851,1.0,0.1395572645529597,0.1629490024377358,0.4604940751315047,False
2025-09-04,0.5011590199685664,0.5305068322951483,0.7574488380430664,0.7075184013444914,UP,0.4150368026889828,0.0825341876071253,0.1268066908855287,0.7906591215073459,expanding_prior_auc_min60,0.7574488380430664,UP,1.0,1.0,1.0,0.0496017793945428,0.0,0.0105162379557131,0.2072461374874352,1.0,0.1481835585670188,0.1576443580928924,0.4150368026889828,False
2025-09-05,0.5815785920138183,0.38651441220645,0.5922839031389744,0.5636082871746881,UP,0.1272165743493762,0.0767518326533374,0.1353648861649769,0.7878832811816856,expanding_prior_auc_min60,0.5922839031389744,UP,1.0,1.0,1.0,0.0881650051977622,0.0,0.0094607382107083,0.1973201694279917,1.0,0.167455109637362,0.1091551642302294,0.1272165743493762,False
2025-09-08,0.3692145554663946,0.2966579728024245,0.6681205030592081,0.5973720918943066,UP,0.1947441837886132,0.071112310153635,0.1332369073098763,0.7956507825364886,expanding_prior_auc_min60,0.6681205030592081,UP,1.0,1.0,1.0,0.0712443966343953,0.0,0.0103093358479589,0.204038300004777,1.0,0.1565136368817097,0.1327939033703816,0.1947441837886132,False
2025-09-09,0.5322094221876398,0.1971535069136456,0.5922785638517498,0.5376014189145951,UP,0.0752028378291902,0.0680745862728489,0.1280302579710345,0.8038951557561165,expanding_prior_auc_min60,0.5922785638517498,UP,1.0,1.0,1.0,0.064205427357195,0.0,0.0194805047743165,0.2240081439102339,1.0,0.1447124121752676,0.1598027165530389,0.0752028378291902,False
2025-09-10,0.6521950936938563,0.2916690526873264,0.7494703137467953,0.6876788326621718,UP,0.3753576653243435,0.0576707545793339,0.1227203822293574,0.8196088631913087,expanding_prior_auc_min60,0.7494703137467953,UP,1.0,1.0,1.0,0.0551075201159242,0.0,0.0090991809473681,0.3044230319257758,1.0,0.1228389427894689,0.2493155118098516,0.3753576653243435,False
2025-09-11,0.5819687815953103,0.3147648621529807,0.7516601760820436,0.6901586827694606,UP,0.3803173655389211,0.053257876906234,0.1200838925030901,0.8266582305906759,expanding_prior_auc_min60,0.7516601760820436,UP,1.0,1.0,1.0,0.033996346784546,0.0,0.0099188319115073,0.3374104171404677,1.0,0.1127141553472663,0.3034140703559217,0.3803173655389211,False
2025-09-12,0.6022090496108234,0.2963953481715796,0.707980528902814,0.6540036118455318,UP,0.3080072236910636,0.0548947236389652,0.117036820536353,0.8280684558246817,expanding_prior_auc_min60,0.707980528902814,UP,0.0,1.0,1.0,0.0308929993905403,0.0,0.0,0.3648706769469769,1.0,0.1035714149475097,0.3339776775564366,0.3080072236910636,False
2025-09-15,0.3871632469287723,0.3067544971124843,0.7431277740270938,0.6755939582693864,UP,0.3511879165387728,0.0525409335657571,0.1119021483921522,0.8355569180420906,expanding_prior_auc_min60,0.7431277740270938,UP,1.0,1.0,1.0,0.0216712574161654,0.0,0.0062499727521623,0.3573042520592561,1.0,0.125,0.3356329946430907,0.3511879165387728,False
2025-09-16,0.4352709945760197,0.26588614724035,0.7086589181914829,0.6476736257367316,UP,0.2953472514734632,0.0546820960283556,0.1039717678748104,0.841346136096834,expanding_prior_auc_min60,0.7086589181914829,UP,0.0,1.0,1.0,0.0412967698963777,0.0,-0.0070484850375137,0.3360710861025881,1.0,0.1101321585903083,0.2947743162062104,0.2953472514734632,False
2025-09-17,0.302135064158387,0.2497775254214526,0.7859139257427745,0.7128632347602206,UP,0.4257264695204412,0.0451576509643562,0.0955062442626619,0.8593361047729818,expanding_prior_auc_min60,0.7859139257427745,UP,1.0,1.0,1.0,0.0351915337848402,0.0,0.0106477782620333,0.3164497869160365,1.0,0.1197870484965488,0.2812582531311962,0.4257264695204412,False
2025-09-18,0.495693665139908,0.3371971691134944,0.706460562613183,0.662694232403196,UP,0.325388464806392,0.0555631232436532,0.0868092090206718,0.8576276677356749,expanding_prior_auc_min60,0.706460562613183,UP,1.0,1.0,1.0,0.0511774450511454,0.0,0.0008779497171329,0.3514264579525289,1.0,0.1097453892233697,0.3002490129013835,0.325388464806392,False
2025-09-19,0.3800330352391841,0.3248303589008386,0.5854230775363736,0.555446013210177,UP,0.1108920264203539,0.0441160821918476,0.0802634104603666,0.8756205073477857,expanding_prior_auc_min60,0.5854230775363736,UP,1.0,1.0,1.0,0.0764654113279037,0.0,0.0043859649122806,0.3525590383328064,1.0,0.108771943209464,0.2760936270049027,0.1108920264203539,False
2025-09-22,0.417146262218811,0.3000862121709541,0.5784702602839795,0.5522909342653552,UP,0.1045818685307105,0.0384677967899483,0.0717481744341976,0.889784028775854,expanding_prior_auc_min60,0.5784702602839795,UP,1.0,1.0,1.0,0.0788202841742864,0.0,-0.0026132669319055,0.3547778928832624,1.0,0.1010452801895067,0.275957608708976,0.1045818685307105,False
2025-09-23,0.4446106347321114,0.2322925674132839,0.5961075261498348,0.56847273558832,UP,0.13694547117664,0.0277851812875393,0.0643882869751313,0.9078265317373292,expanding_prior_auc_min60,0.5961075261498348,UP,0.0,0.0,1.0,0.0910389990567781,0.0,-0.0205303806206332,0.3504683833752462,1.0,0.0915311959672939,0.259429384318468,0.13694547117664,False
2025-09-24,0.399076310568865,0.2918477155817873,0.6999857931656407,0.6719799237187518,UP,0.3439598474375036,0.0179941192672432,0.0553520231734726,0.926653857559284,expanding_prior_auc_min60,0.6999857931656407,UP,0.0,1.0,1.0,0.146524843098357,0.0,-0.0196918064354725,0.3481656602346057,1.0,0.0924657118166123,0.2016408171362487,0.3439598474375036,False
2025-09-25,0.393399697502352,0.3104776688316672,0.6724836212075582,0.6483914894690934,UP,0.2967829789381868,0.0280888804472817,0.0448969876436578,0.9270141319090603,expanding_prior_auc_min60,0.6724836212075582,UP,0.0,1.0,1.0,0.1450413538037687,0.0,-0.0163230369499306,0.3492062311944212,1.0,0.1065292213344348,0.2041648773906525,0.2967829789381868,False
2025-09-26,0.4956045770289392,0.3299814829068165,0.7793995506682989,0.7513768897969181,UP,0.5027537795938362,0.0397701600050965,0.0372394671279295,0.922990372866974,expanding_prior_auc_min60,0.7793995506682989,UP,1.0,1.0,1.0,0.1792465934770906,0.0,0.0096069735731099,0.3366004652445077,1.0,0.1248908563472297,0.157353871767417,0.5027537795938362,False
2025-09-30,0.5841967477930237,0.5562675081189968,0.7127897221189018,0.7014900607399167,UP,0.4029801214798334,0.0520640365669456,0.0294181378077943,0.91851782562526,expanding_prior_auc_min60,0.7127897221189018,UP,1.0,1.0,1.0,0.1556439904011342,0.0,0.0051902982875506,0.3232129807121414,1.0,0.1202422293196712,0.1675689903110071,0.4029801214798334,False
2025-10-01,0.5894951108864619,0.5395361498857667,0.5982684798428619,0.5966422015475442,UP,0.1932844030950884,0.0465788251463327,0.0207317686467198,0.9326894062069474,expanding_prior_auc_min60,0.5982684798428619,UP,1.0,1.0,1.0,0.1067959893001911,0.0,0.0189329142462597,0.3216467404044869,1.0,0.1144578605942812,0.2148507511042957,0.1932844030950884,False
2025-10-02,0.5054334237335314,0.3149388544387991,0.6729525031204282,0.6522825172298499,UP,0.3045650344596997,0.0432110935334968,0.0375161766374161,0.919272729829087,expanding_prior_auc_min60,0.6729525031204282,UP,1.0,1.0,1.0,0.1560923172538331,0.0,0.0143580821480868,0.3224933459622923,1.0,0.0937499859043071,0.1664010287084591,0.3045650344596997,False
2025-10-03,0.5166107755988808,0.3212655788937564,0.7420787784555196,0.7208326458184203,UP,0.4416652916368406,0.0410536900589711,0.0284920699780661,0.9304542399629628,expanding_prior_auc_min60,0.7420787784555196,UP,1.0,1.0,1.0,0.2090285253014367,0.0,0.0108243386201036,0.3274379455609989,1.0,0.0782681236078817,0.1184094202595621,0.4416652916368406,False
2025-10-07,0.5135829282806309,0.4364141815735156,0.772886344530523,0.7567287120642112,UP,0.5134574241284224,0.0360548650486443,0.0202349065876196,0.943710228363736,expanding_prior_auc_min60,0.772886344530523,UP,0.0,1.0,1.0,0.3971677508487191,0.0,-0.0162074552290873,0.4269574556756929,0.0,0.0494327260834095,0.0297897048269737,0.5134574241284224,False
2025-10-08,0.3442277351284455,0.2857924377834804,0.7885537563717622,0.7679168659494721,UP,0.5358337318989441,0.0313210069032139,0.0133664858357047,0.9553125072610812,expanding_prior_auc_min60,0.7885537563717622,UP,1.0,1.0,1.0,0.1899840371847879,0.0,-0.0073589656861907,0.413665884010423,1.0,0.0588716007242871,0.223681846825635,0.5358337318989441,False
2025-10-09,0.4569366530758955,0.2758400645626979,0.7329165253329928,0.716510618658475,UP,0.4330212373169499,0.0379927738037081,0.0129533378365181,0.9490538883597738,expanding_prior_auc_min60,0.7329165253329928,UP,0.0,1.0,1.0,0.3084481548696625,0.0,-0.0146103528161569,0.3699058582387902,1.0,0.0511363896738124,0.0614577033691277,0.4330212373169499,False
2025-10-13,0.552596876677913,0.3571815024879331,0.7060661190816538,0.6980852810302431,UP,0.3961705620604863,0.0259638777118383,0.0114541634083143,0.9625819588798472,expanding_prior_auc_min60,0.7060661190816538,UP,0.0,1.0,1.0,0.2611320035785499,0.0,-0.0049180202796811,0.3144477729376411,1.0,0.0614754098360654,0.0533157693590911,0.3961705620604863,False
2025-10-14,0.591257595257707,0.4443304140048855,0.7512506630787942,0.744713995902198,UP,0.489427991804396,0.0355745215769841,0.0027531267023815,0.9616723517206344,expanding_prior_auc_min60,0.7512506630787942,UP,1.0,1.0,1.0,0.2204796668975893,0.0,0.0181218856720788,0.3294816980380107,1.0,0.066721568140956,0.1090020311404214,0.489427991804396,False
2025-10-15,0.5319014333893578,0.3721241143789727,0.7767004306486951,0.766897543315803,UP,0.5337950866316059,0.0400446384284287,0.0,0.9599553615715712,expanding_prior_auc_min60,0.7767004306486951,UP,1.0,1.0,1.0,0.2503580064999618,0.0,0.0040453074933062,0.3216448313664091,0.0,0.0477346407663121,0.0712868248664472,0.5337950866316059,False
2025-10-16,0.5852002339404053,0.4548625760120627,0.7707662048288203,0.7636564224405327,UP,0.5273128448810653,0.0383140419240057,0.0,0.9616859580759942,expanding_prior_auc_min60,0.7707662048288203,UP,0.0,0.0,0.0,0.4367854556071282,0.0,-0.0206349085247705,0.3047151937842103,0.0,0.0277777777777776,-0.1320702618229179,0.5273128448810653,False
2025-10-17,0.4595646190772627,0.2764590727303384,0.7694370520285656,0.758793794333506,UP,0.517587588667012,0.0343472234483413,0.0,0.9656527765516588,expanding_prior_auc_min60,0.7694370520285656,UP,1.0,1.0,0.0,0.2495134685114282,0.0,-0.0056405878875829,0.3553138223937493,0.0,0.0435133085598302,0.105800353882321,0.517587588667012,False
2025-10-20,0.407452678112331,0.3846071008161495,0.7624671014052772,0.7499085331046087,UP,0.4998170662092174,0.0353748114912661,0.0,0.9646251885087338,expanding_prior_auc_min60,0.7624671014052772,UP,1.0,1.0,0.0,0.3926433089690563,0.0,-0.041996795170581,0.3235520287392202,0.0,0.0261489947033137,-0.069091280229836,0.4998170662092174,False
2025-10-21,0.5899154164719749,0.2465245608129459,0.7034260708500836,0.7002166373773641,UP,0.4004332747547281,0.0282742927551873,0.0,0.9717257072448128,expanding_prior_auc_min60,0.7034260708500836,UP,0.0,1.0,0.0,0.4350302041392475,0.0,-0.0498417956938708,0.3029225687587085,0.0,0.0245253040878041,-0.132107635380539,0.4004332747547281,False
2025-10-22,0.3877805812628124,0.3399171917884328,0.6272385332298813,0.623027868079013,UP,0.246055736158026,0.0175841525256484,0.0,0.9824158474743516,expanding_prior_auc_min60,0.6272385332298813,UP,0.0,1.0,0.0,0.3226231518355623,0.0,-0.0422647766129735,0.2999424733120947,0.0,0.0326953622347043,-0.0226806785234676,0.246055736158026,False
2025-10-23,0.6177276206706682,0.4705839074566046,0.7041265409881251,0.702579981201482,UP,0.405159962402964,0.017900221217586,0.0,0.982099778782414,expanding_prior_auc_min60,0.7041265409881251,UP,1.0,1.0,0.0,0.1653825204297628,0.0,-0.0400962319355572,0.3403600153718761,0.0,0.0384924071309327,0.1749774949421133,0.405159962402964,False
2025-10-27,0.4576016565071953,0.3147032351943295,0.6424463464519566,0.6366863229385814,UP,0.2733726458771628,0.0311614226792045,0.0,0.9688385773207956,expanding_prior_auc_min60,0.6424463464519566,UP,0.0,1.0,0.0,0.3930569761240474,1.0,-0.066614420859291,0.2952323175886922,0.0,0.0148902942680226,-0.0978246585353552,0.2733726458771628,False
2025-10-28,0.517001914499633,0.3263676396317043,0.4430119079552657,0.445429984293414,DOWN,0.1091400314131718,0.0326811207497113,0.0,0.9673188792502888,expanding_prior_auc_min60,0.4430119079552657,DOWN,1.0,1.0,0.0,0.2943057075403166,1.0,-0.0599842040819128,0.2880454667645724,0.0,0.0220994721325971,-0.0062602407757442,0.1091400314131718,False
2025-10-29,0.3787599738620446,0.2031516603215405,0.5224387521312237,0.5163807731368192,UP,0.0327615462736383,0.0421633526355236,0.0,0.9578366473644764,expanding_prior_auc_min60,0.5224387521312237,UP,0.0,0.0,0.0,0.4491223720293149,1.0,-0.0753105927624769,0.2621692139672767,0.0,0.0054347587861538,-0.1869531580620381,0.0327615462736383,False
2025-10-30,0.4056629855841818,0.1856670840521507,0.4986068207974676,0.4951279524338272,DOWN,0.0097440951323455,0.0374297913966768,0.0,0.9625702086033232,expanding_prior_auc_min60,0.4986068207974676,DOWN,1.0,0.0,0.0,0.4720892491553782,1.0,-0.0753105927624769,0.2853991927837473,0.0,0.0054347587861538,-0.1866900563716308,0.0097440951323455,False
2025-10-31,0.3627390842855122,0.2228257962781562,0.6118086127634933,0.5992689776899017,UP,0.1985379553798034,0.050345922081352,0.0,0.949654077918648,expanding_prior_auc_min60,0.6118086127634933,UP,0.0,0.0,0.0,0.4424021919035075,1.0,-0.0803088920917289,0.2955943914189716,0.0,-0.0092663857007119,-0.1468078004845358,0.1985379553798034,False
2025-11-03,0.4421635529772988,0.2285606622961109,0.5106006530534051,0.507850110756955,UP,0.0157002215139099,0.0401908072287015,0.0,0.9598091927712984,expanding_prior_auc_min60,0.5106006530534051,UP,0.0,0.0,0.0,0.3252613311391603,1.0,-0.0717069708402525,0.3315534325646518,0.0,-0.0031177047261451,0.0062921014254915,0.0157002215139099,False
2025-11-04,0.5271655951135987,0.4518809546595871,0.6345181920138865,0.6287335457950858,UP,0.2574670915901715,0.0538845485421625,0.0,0.9461154514578376,expanding_prior_auc_min60,0.6345181920138865,UP,0.0,0.0,0.0,0.2054562235865613,1.0,-0.0688037759716307,0.3704962466339113,0.0,-0.0093823656240841,0.16504002304735,0.2574670915901715,False
2025-11-05,0.599321120114505,0.5388912354614527,0.7621505382507603,0.7518402415821114,UP,0.5036804831642228,0.0633196186945855,0.0,0.9366803813054144,expanding_prior_auc_min60,0.7621505382507603,UP,1.0,1.0,0.0,0.1056315620689602,1.0,-0.0570071607574399,0.5238760788563075,0.0,0.003167014147422,0.4182445167873472,0.5036804831642228,False
2025-11-06,0.5773654990112791,0.6528235691711335,0.6969703889274005,0.6889151177072029,UP,0.3778302354144058,0.0673490124513034,0.0,0.9326509875486966,expanding_prior_auc_min60,0.6969703889274005,UP,0.0,0.0,0.0,0.1432177609040368,1.0,-0.0592417068751632,0.5044223260160541,0.0,0.0007898773722461,0.3612045651120172,0.3778302354144058,False
2025-11-07,0.556839218839476,0.6236048486077604,0.7730196583103726,0.7586409537030164,UP,0.5172819074060329,0.0665125144649909,0.0,0.933487485535009,expanding_prior_auc_min60,0.7730196583103726,UP,1.0,0.0,1.0,0.0557869261384006,0.0,-0.0479616312804447,0.5408975950890745,0.0,0.0127897561441783,0.4851106689506739,0.5172819074060329,False
2025-11-10,0.4228341461775988,0.5987511231538014,0.7590670610857766,0.7363800650971626,UP,0.4727601301943251,0.0674740484429065,0.0,0.9325259515570936,expanding_prior_auc_min60,0.7590670610857766,UP,0.0,0.0,1.0,0.0690458757050437,1.0,-0.0599842040819128,0.4229413775944468,0.0,0.0055248981412578,0.353895501889403,0.4727601301943251,False
2025-11-11,0.4754138549710042,0.506542486100861,0.7488821031580365,0.7311097315716358,UP,0.4622194631432716,0.0649887937785219,0.0,0.935011206221478,expanding_prior_auc_min60,0.7488821031580365,UP,1.0,0.0,1.0,0.1032238220573739,1.0,-0.0532591765906408,0.3592147249563404,0.0,0.0127185885159541,0.2559909028989665,0.4622194631432716,False
2025-11-12,0.399396095583053,0.478400651804816,0.7558307100364334,0.7291394791218888,UP,0.4582789582437776,0.0748839473839477,0.0,0.9251160526160525,expanding_prior_auc_min60,0.7558307100364334,UP,0.0,0.0,1.0,0.1114720880869288,1.0,-0.0577531880034291,0.3403208318666746,0.0,0.0134494031417291,0.2288487437797457,0.4582789582437776,False
2025-11-13,0.4548256310586226,0.5156513542552686,0.7701417252586489,0.7483234736595417,UP,0.4966469473190833,0.0691948555764691,0.0,0.9308051444235308,expanding_prior_auc_min60,0.7701417252586489,UP,0.0,0.0,1.0,0.1014254937048874,1.0,-0.0532591765906408,0.3563575463697294,0.0,0.0182830126865063,0.254932052664842,0.4966469473190833,False
2025-11-14,0.5446621617533747,0.5156069136152114,0.8258351767714323,0.8035914114094459,UP,0.6071828228188918,0.0791105980086949,0.0,0.920889401991305,expanding_prior_auc_min60,0.8258351767714323,UP,1.0,0.0,1.0,0.0598311824285324,0.0,-0.0348460534731519,0.4698033266815073,0.0,0.0380875568842764,0.4099721442529748,0.6071828228188918,False
2025-11-17,0.5426673534345663,0.7062349855066117,0.7919476078457514,0.7700837059053403,UP,0.5401674118106805,0.0877081178854496,0.0,0.9122918821145504,expanding_prior_auc_min60,0.7919476078457514,UP,0.0,0.0,1.0,0.0358637751387081,0.0,-0.0379644948447356,0.4621511677266677,0.0,0.0347334648284305,0.4262873925879595,0.5401674118106805,False
2025-11-18,0.527042747746824,0.5793624368079798,0.8972870493522785,0.8655667812249009,UP,0.7311335624498019,0.0856738861066383,0.0,0.9143261138933616,expanding_prior_auc_min60,0.8972870493522785,UP,0.0,0.0,1.0,0.0208927714364939,0.0,-0.0148883625230766,0.6348961912731383,1.0,0.0595533869873072,0.6140034198366444,0.7311335624498019,False
2025-11-19,0.6783957858020957,0.869998897088688,0.903642776837664,0.883488815117607,UP,0.766977630235214,0.0894749431608378,0.0,0.9105250568391622,expanding_prior_auc_min60,0.903642776837664,UP,1.0,1.0,1.0,0.0520946472008924,0.0,-0.0083263947768947,0.8046550490001423,1.0,0.0666112217405094,0.7525604017992499,0.766977630235214,False
2025-11-20,0.5336090232780866,0.5189521217907382,0.8807022756219506,0.8484455892198014,UP,0.6968911784396028,0.0929337755324397,0.0,0.9070662244675602,expanding_prior_auc_min60,0.8807022756219506,UP,0.0,0.0,0.0,0.0674254482794755,0.0,-0.0379644948447356,0.4068104836673342,0.0,0.0347334648284305,0.3393850353878587,0.6968911784396028,False
2025-11-21,0.4842353783985628,0.7331044074935248,0.9086655682079762,0.8670189506142746,UP,0.7340379012285492,0.0981235986356264,0.0,0.9018764013643736,expanding_prior_auc_min60,0.9086655682079762,UP,0.0,1.0,1.0,0.0786717678828849,0.0,-0.0050125187085888,0.5755832779917982,1.0,0.0701755168707778,0.4969115101089132,0.7340379012285492,False
2025-11-24,0.6117270246732656,0.7696972540605774,0.9340061384240664,0.9015253722798052,UP,0.8030507445596107,0.1007845831715192,0.0,0.8992154168284807,expanding_prior_auc_min60,0.9340061384240664,UP,1.0,1.0,1.0,0.069741317795226,0.0,0.0134340763612079,0.5612180721099321,1.0,0.075566815656594,0.491476754314706,0.8030507445596107,False
2025-11-25,0.5997736742453337,0.6939494954682239,0.8699274465659499,0.841175203462651,UP,0.6823504069253019,0.1064291749706758,0.0,0.8935708250293242,expanding_prior_auc_min60,0.8699274465659499,UP,1.0,1.0,1.0,0.0587502568226432,0.0,0.0165700087039573,0.3860329906907922,1.0,0.0613091080561225,0.327282733868149,0.6823504069253019,False
2025-11-26,0.5251795408674208,0.5030683545228316,0.8106670126525668,0.7801375998052203,UP,0.5602751996104407,0.1069378374345003,0.0,0.8930621625654996,expanding_prior_auc_min60,0.8106670126525668,UP,1.0,1.0,1.0,0.0510923492651461,0.0,0.0024450127075745,0.3755543638541019,0.0,0.0440098556608057,0.3244620145889558,0.5602751996104407,False
2025-11-27,0.5853086700957258,0.6800710796435567,0.8098825778818368,0.7860825176057925,UP,0.572165035211585,0.1059787421907982,0.0,0.8940212578092018,expanding_prior_auc_min60,0.8098825778818368,UP,1.0,1.0,1.0,0.0696962047631277,0.0,-0.0064620600326104,0.3461241464339759,0.0,0.0403877211368857,0.2764279416708482,0.572165035211585,False
2025-11-28,0.6313075271996225,0.5748921810072237,0.8095451564462849,0.7914455941279301,UP,0.5828911882558603,0.1015473690648507,0.0,0.8984526309351493,expanding_prior_auc_min60,0.8095451564462849,UP,0.0,1.0,1.0,0.0395577257216227,0.0,-0.0136326943852916,0.3735931951958519,0.0,0.0465116535180443,0.3340354694742291,0.5828911882558603,False
2025-12-01,0.5065292754800559,0.2729793324434198,0.8104969919924879,0.779918439357718,UP,0.559836878715436,0.1005980272695151,0.0,0.8994019727304848,expanding_prior_auc_min60,0.8104969919924879,UP,1.0,1.0,1.0,0.0506468258696073,0.0,0.0032520449258448,0.3975891186655649,1.0,0.0609756097560976,0.3469422927959575,0.559836878715436,False
2025-12-02,0.5991246328759414,0.4456179385469915,0.8118754618208301,0.7912807331457063,UP,0.5825614662914127,0.0968021077861878,0.0,0.9031978922138122,expanding_prior_auc_min60,0.8118754618208301,UP,1.0,1.0,1.0,0.0603088054337075,0.0,0.0032415034111246,0.3582005054457229,1.0,0.0632090382975198,0.2978917000120153,0.5825614662914127,False
2025-12-03,0.5721944173935407,0.3458678624837994,0.8124603678270336,0.790292707346946,UP,0.580585414693892,0.0922630128825673,0.0,0.9077369871174328,expanding_prior_auc_min60,0.8124603678270336,UP,0.0,1.0,1.0,0.0300504528711458,0.0,-0.0064205090863579,0.3136033773412773,1.0,0.0746388084771514,0.2835529244701315,0.580585414693892,False
2025-12-04,0.5530481645178495,0.2690644553113896,0.8107689860762932,0.786811474667084,UP,0.573622949334168,0.0929591612518441,0.0,0.907040838748156,expanding_prior_auc_min60,0.8107689860762932,UP,1.0,1.0,1.0,0.0377158324375014,0.0,-0.0048231388003341,0.3011366938630803,1.0,0.1173633303459715,0.2634208614255788,0.573622949334168,False
2025-12-05,0.4371473862793456,0.2911948280962486,0.8106930875682001,0.7756850556559105,UP,0.551370111311821,0.0937182031315057,0.0,0.9062817968684942,expanding_prior_auc_min60,0.8106930875682001,UP,1.0,1.0,1.0,0.0251383908313922,0.0,-0.0135457924162724,0.3182244557568627,1.0,0.1219123749144048,0.2930860649254705,0.551370111311821,False
2025-12-08,0.6172929321225171,0.3348169761399481,0.7713163246941213,0.7571893984399468,UP,0.5143787968798936,0.091719355211624,0.0,0.908280644788376,expanding_prior_auc_min60,0.7713163246941213,UP,0.0,0.0,1.0,0.0540885621169032,0.0,-0.0282574445133725,0.3698996990438998,1.0,0.1051805444692788,0.3158111369269966,0.5143787968798936,False
2025-12-09,0.425845999550323,0.2048660474885117,0.7866344429817463,0.7562182089430585,UP,0.5124364178861169,0.0843049010921805,0.0,0.9156950989078196,expanding_prior_auc_min60,0.7866344429817463,UP,1.0,0.0,1.0,0.0503263823654914,0.0,-0.0267295124061035,0.4169601104005809,1.0,0.1069182895424869,0.3666337280350895,0.5124364178861169,False
2025-12-10,0.4664838274439402,0.3166590145786733,0.7923403468793382,0.7657322201718942,UP,0.5314644403437885,0.0816559593576555,0.0,0.9183440406423444,expanding_prior_auc_min60,0.7923403468793382,UP,0.0,0.0,1.0,0.0489554426225123,0.0,-0.0335675475946741,0.3471270571770052,1.0,0.0991412673156277,0.2981716145544928,0.5314644403437885,False
2025-12-11,0.6044939041785795,0.2753442177368401,0.7685669244771217,0.7564790651848886,UP,0.5129581303697772,0.0736736562186668,0.0,0.9263263437813332,expanding_prior_auc_min60,0.7685669244771217,UP,1.0,0.0,1.0,0.0405561225019778,0.0,-0.0228886658747832,0.3303688074222453,1.0,0.1112865544051715,0.2898126849202674,0.5129581303697772,False
2025-12-12,0.6088372587360853,0.2882950509754283,0.7515784847827529,0.7401343976244299,UP,0.4802687952488598,0.0801736644365204,0.0,0.9198263355634796,expanding_prior_auc_min60,0.7515784847827529,UP,0.0,0.0,1.0,0.0721262965693936,0.0,-0.0244286716851528,0.3356934195919814,1.0,0.1142631378743401,0.2635671230225878,0.4802687952488598,False
2025-12-15,0.6246098238576193,0.542736293878441,0.810362536271765,0.7953256778847455,UP,0.590651355769491,0.0809509492033367,0.0,0.9190490507966632,expanding_prior_auc_min60,0.810362536271765,UP,0.0,1.0,1.0,0.0617073504449271,0.0,-0.0143311739190359,0.3877394288323827,1.0,0.1265923703745504,0.3260320783874555,0.590651355769491,False
2025-12-16,0.5299345504207691,0.2964234151302528,0.8097530493304959,0.787896177309413,UP,0.5757923546188259,0.078110890117148,0.0,0.921889109882852,expanding_prior_auc_min60,0.8097530493304959,UP,0.0,1.0,1.0,0.072369290828323,0.0,-0.0056224654477283,0.4295375757113705,1.0,0.1365461847389557,0.3571682848830475,0.5757923546188259,False
2025-12-17,0.6137375636282216,0.6515530468573127,0.8104816782671405,0.7957422539791555,UP,0.5914845079583111,0.0749167227443421,0.0,0.925083277255658,expanding_prior_auc_min60,0.8104816782671405,UP,0.0,1.0,1.0,0.0885608200840716,0.0,0.0,0.4538278660452811,1.0,0.1631663687423097,0.3652670459612095,0.5914845079583111,False
2025-12-18,0.5495950323637898,0.6508321581704543,0.8082126548386972,0.7877453922568909,UP,0.5754907845137818,0.0774425433658412,0.0027910455705855,0.9197664110635732,expanding_prior_auc_min60,0.8082126548386972,UP,1.0,1.0,1.0,0.071201769500092,0.0,0.0096930284221439,0.4478725918383609,1.0,0.1728593971644536,0.3766708223382689,0.5754907845137818,False
2025-12-19,0.4352013638124005,0.5545746848187753,0.7972365830386705,0.7657612615767627,UP,0.5315225231535254,0.0755429603909963,0.0170035315227487,0.9074535080862548,expanding_prior_auc_min60,0.7972365830386705,UP,1.0,1.0,1.0,0.08343720296571,0.0,0.0144000244140625,0.2998636361267086,1.0,0.1615999755859374,0.2164264331609985,0.5315225231535254,False
2025-12-22,0.6278977044515515,0.4373790489065674,0.8028355110232466,0.7793282047367438,UP,0.5586564094734876,0.0721727756194097,0.0297752546566762,0.8980519697239139,expanding_prior_auc_min60,0.8028355110232466,UP,1.0,1.0,1.0,0.0835039042172701,0.0,0.004731849051109,0.3055059613674327,1.0,0.1451103584672137,0.2220020571501626,0.5586564094734876,False
2025-12-23,0.6095191857904916,0.5219027593356325,0.795067557329783,0.7749952772853135,UP,0.549990554570627,0.0642666759555891,0.029827060574771,0.90590626346964,expanding_prior_auc_min60,0.795067557329783,UP,1.0,1.0,1.0,0.092577791062476,0.0,0.0023547521096562,0.324659601512755,1.0,0.1397173878270916,0.232081810450279,0.549990554570627,False
2025-12-24,0.4117372652055606,0.2597183811671794,0.7172592629890961,0.6862155624455291,UP,0.3724311248910581,0.0670879576618605,0.0230511722788594,0.90986087005928,expanding_prior_auc_min60,0.7172592629890961,UP,1.0,1.0,1.0,0.0617017480114662,0.0,0.0086139869209351,0.3046820194358752,1.0,0.1370399406281339,0.2429802714244089,0.3724311248910581,False
2025-12-26,0.5007109564710046,0.2317100646430904,0.761499113050208,0.72878584916667,UP,0.45757169833334,0.0679366493493761,0.0283059651395862,0.9037573855110376,expanding_prior_auc_min60,0.761499113050208,UP,1.0,1.0,1.0,0.0820959659952246,0.0,0.0116459624569824,0.3563226141373489,1.0,0.1273291421421325,0.2742266481421243,0.45757169833334,False
2025-12-29,0.6114153935071458,0.3522127818779483,0.7176587270476108,0.6991140380055568,UP,0.3982280760111136,0.0592308289764249,0.0335256376084442,0.9072435334151308,expanding_prior_auc_min60,0.7176587270476108,UP,0.0,1.0,1.0,0.0936258551629083,0.0,-0.0015325436646911,0.3792649365704204,1.0,0.1195402766552922,0.285639081407512,0.3982280760111136,False
2025-12-30,0.3915400336645784,0.2685858631728914,0.6414589200283292,0.6149637803556286,UP,0.2299275607112572,0.0548808629400903,0.0342727244274614,0.9108464126324484,expanding_prior_auc_min60,0.6414589200283292,UP,1.0,1.0,1.0,0.0874153644330781,0.0,0.0069070903714936,0.3449409610120029,1.0,0.1389101336976705,0.2575255965789247,0.2299275607112572,False
2025-12-31,0.5408393411541575,0.3949283026003357,0.6984985583307517,0.680689709970545,UP,0.36137941994109,0.0522671229650235,0.0315197371575346,0.916213139877442,expanding_prior_auc_min60,0.6984985583307517,UP,1.0,1.0,1.0,0.0903504291876241,0.0,0.020579245511014,0.3972063179436476,1.0,0.1310975407646351,0.3068558887560235,0.36137941994109,False
2026-01-02,0.593885433784985,0.3044311785931538,0.7596061258489105,0.7382538170708964,UP,0.4765076341417928,0.0430865309272286,0.0312231135298722,0.9256903555428992,expanding_prior_auc_min60,0.7596061258489105,UP,1.0,1.0,1.0,0.0927654224009921,0.0,0.0380881727855666,0.4645546397711352,1.0,0.1082897734200771,0.3717892173701431,0.4765076341417928,False
2026-01-05,0.5336125935215641,0.3428724191085721,0.664257015293979,0.6512560558825454,UP,0.3025121117650908,0.04096927220488,0.0237987527235991,0.9352319750715208,expanding_prior_auc_min60,0.664257015293979,UP,1.0,1.0,1.0,0.1076074611126481,0.0,0.0050359492679294,0.5392304058024848,1.0,0.0676258553703912,0.4316229446898366,0.3025121117650908,False
2026-01-06,0.4515599599413248,0.378070830759663,0.6453068684564293,0.6330442941250516,UP,0.2660885882501032,0.041054803474619,0.0161218266653231,0.9428233698600578,expanding_prior_auc_min60,0.6453068684564293,UP,0.0,1.0,1.0,0.139038799001744,0.0,-0.0078125431795001,0.4747866269653758,1.0,0.0539772065340995,0.3357478279636318,0.2660885882501032,False
2026-01-07,0.4201610523434663,0.4889633400499107,0.7448314114855044,0.7293077090598639,UP,0.4586154181197277,0.0388399439506482,0.0113868207853369,0.9497732352640148,expanding_prior_auc_min60,0.7448314114855044,UP,1.0,1.0,1.0,0.124997779993832,0.0,0.0,0.4708975697647862,1.0,0.062276285886144,0.3458997897709542,0.4586154181197277,False
2026-01-08,0.4588022043068386,0.5025516072915426,0.6915690886273723,0.6800468758255848,UP,0.3600937516511695,0.0461350794444897,0.0041450880419962,0.949719832513514,expanding_prior_auc_min60,0.6915690886273723,UP,0.0,1.0,1.0,0.0949647708948172,0.0,-0.0035663338864735,0.5290770002185706,1.0,0.0584878539709912,0.4341122293237534,0.3600937516511695,False
2026-01-09,0.5000285511993792,0.3580385353507022,0.7475783493796775,0.7380208183804426,UP,0.4760416367608853,0.0384448776382104,0.0001039927046497,0.96145112965714,expanding_prior_auc_min60,0.7475783493796775,UP,1.0,1.0,1.0,0.1053013278086586,0.0,0.0071581962909454,0.552541203290438,1.0,0.062276285886144,0.4472398754817793,0.4760416367608853,False
2026-01-12,0.5338071968691966,0.3730155278338228,0.6891396524536355,0.6821151589065363,UP,0.3642303178130726,0.0452223170017469,0.0,0.954777682998253,expanding_prior_auc_min60,0.6891396524536355,UP,1.0,1.0,1.0,0.1045770264927904,0.0,0.0042644357962307,0.5246894591734562,1.0,0.0547263476563877,0.4201124326806658,0.3642303178130726,False
2026-01-13,0.4622557493051532,0.3209761122120839,0.6723073951901614,0.6636217423706058,UP,0.3272434847412115,0.0413500821807913,0.0,0.9586499178192086,expanding_prior_auc_min60,0.6723073951901614,UP,1.0,1.0,1.0,0.1167483917422148,0.0,-0.0007071488616877,0.466330942203695,1.0,0.0678925496315336,0.3495825504614802,0.3272434847412115,False
2026-01-14,0.5587939897319447,0.4082193789018817,0.6999819889538533,0.6944277770749141,UP,0.3888555541498282,0.0393391216643665,0.0,0.9606608783356334,expanding_prior_auc_min60,0.6999819889538533,UP,0.0,1.0,1.0,0.144577607577986,0.0,-0.0014134059946444,0.3972262403209898,1.0,0.0911660346041298,0.2526486327430038,0.3888555541498282,False
2026-01-15,0.5547891765060857,0.5186244163438032,0.72900164547687,0.7230071207707922,UP,0.4460142415415844,0.0344092747292566,0.0,0.9655907252707432,expanding_prior_auc_min60,0.72900164547687,UP,1.0,1.0,1.0,0.109714166885117,0.0,0.0120311175621099,0.4392975405420959,1.0,0.095541399210409,0.3295833736569788,0.4460142415415844,False
2026-01-16,0.5152742007037874,0.4580480453742163,0.7265288059782844,0.7191174388396,UP,0.4382348776792,0.0350826299339334,0.0,0.9649173700660664,expanding_prior_auc_min60,0.7265288059782844,UP,1.0,1.0,1.0,0.2330648188341208,0.0,-0.0069444444444444,0.3921393042503278,1.0,0.1027777989705402,0.1590744854162069,0.4382348776792,False
2026-01-19,0.5185845093644889,0.4400195278177412,0.6674745641313473,0.6624678640624149,UP,0.3249357281248297,0.033626826699555,0.0,0.9663731733004448,expanding_prior_auc_min60,0.6674745641313473,UP,0.0,0.0,1.0,0.3528425151079034,0.0,-0.0151514944523476,0.383919162660396,1.0,0.1170798922679028,0.0310766475524926,0.3249357281248297,False
2026-01-20,0.4850740589644255,0.4601931324122404,0.6184731826089424,0.6144530116673448,UP,0.2289060233346895,0.0301364119325896,0.0,0.9698635880674104,expanding_prior_auc_min60,0.6184731826089424,UP,0.0,1.0,1.0,0.3024576867042694,0.0,-0.0151514944523476,0.3853065183438329,1.0,0.1177686395517698,0.0828488316395634,0.2289060233346895,False
2026-01-21,0.4111434192216342,0.3267595136343124,0.6993424330395517,0.6895771964853001,UP,0.3791543929706003,0.0338836570774012,0.0,0.9661163429225988,expanding_prior_auc_min60,0.6993424330395517,UP,0.0,1.0,1.0,0.1601184355537238,0.0,-0.0048712384349897,0.4558051976384108,1.0,0.1294363709013506,0.295686762084687,0.3791543929706003,False
2026-01-22,0.5110750308319102,0.3556589177802565,0.5299416626113552,0.5291901070005592,UP,0.0583802140011184,0.0398351767067801,0.0,0.9601648232932198,expanding_prior_auc_min60,0.5299416626113552,UP,1.0,1.0,1.0,0.2226520869066459,0.0,-0.0041783153064987,0.3828933504460599,1.0,0.1302228144388941,0.160241263539414,0.0583802140011184,False
2026-01-23,0.4203455335483343,0.2535247357912209,0.5174748655687625,0.5127815908283714,UP,0.0255631816567427,0.0483198498616679,0.0,0.951680150138332,expanding_prior_auc_min60,0.5174748655687625,UP,0.0,1.0,1.0,0.3104052149930151,0.0,-0.0103806228373702,0.3781184291835888,1.0,0.1231834121228914,0.0677132141905736,0.0255631816567427,False
2026-01-26,0.4227686883696585,0.3026639849016476,0.5339391461347184,0.5289237473931242,UP,0.0578474947862484,0.045114492126977,0.0,0.954885507873023,expanding_prior_auc_min60,0.5339391461347184,UP,1.0,0.0,1.0,0.4592012793233059,0.0,-0.0103806228373702,0.3639530037437614,1.0,0.1231834121228914,-0.0952482755795445,0.0578474947862484,False
2026-01-27,0.4167016020299252,0.2808771837334229,0.5307230667914898,0.5246725322163883,UP,0.0493450644327766,0.0530648732478052,0.0,0.9469351267521948,expanding_prior_auc_min60,0.5307230667914898,UP,1.0,0.0,1.0,0.5831379454273589,0.0,-0.0212183844901361,0.3047573216149428,1.0,0.1108829313584289,-0.278380623812416,0.0493450644327766,False
2026-01-28,0.5910294457713368,0.3718014954492047,0.5004568117923708,0.5046412351074484,UP,0.0092824702148968,0.0461996425548293,0.0,0.9538003574451708,expanding_prior_auc_min60,0.5004568117923708,UP,0.0,0.0,0.0,0.6180648519391678,0.0,-0.0363881005295129,0.298434515348507,1.0,0.0936658337396516,-0.3196303365906607,0.0092824702148968,False
2026-01-29,0.4398199780856647,0.2431291838394609,0.4305361865911721,0.430899111095909,DOWN,0.1382017778081818,0.0390922722631352,0.0,0.9609077277368648,expanding_prior_auc_min60,0.4305361865911721,DOWN,0.0,0.0,1.0,0.5112851388679592,0.0,-0.0305084745762711,0.292713282880541,1.0,0.100339003740731,-0.2185718559874182,0.1382017778081818,False
2026-01-30,0.3738171187951682,0.2731288055961408,0.4481835121465829,0.4453744576808255,DOWN,0.1092510846383489,0.0377731706374863,0.0,0.9622268293625136,expanding_prior_auc_min60,0.4481835121465829,DOWN,0.0,0.0,1.0,0.454129372106234,0.0,-0.0151514944523476,0.3137152770364739,1.0,0.1177686395517698,-0.1404140950697601,0.1092510846383489,False
2026-02-02,0.3957237850566141,0.2762074293048012,0.6982385781274368,0.6847207366959206,UP,0.3694414733918412,0.0446848938998876,0.0,0.9553151061001124,expanding_prior_auc_min60,0.6982385781274368,UP,1.0,1.0,1.0,0.2480101587736458,0.0,0.0055944269353693,0.3685032182683561,1.0,0.1349650563059987,0.1204930594947103,0.3694414733918412,False
2026-02-03,0.5151572659207126,0.4245006317009469,0.434252830364423,0.4386850040411234,DOWN,0.1226299919177531,0.0547828267538767,0.0,0.9452171732461232,expanding_prior_auc_min60,0.434252830364423,DOWN,0.0,1.0,1.0,0.4011990943671876,0.0,-0.0143933580025815,0.320576308249076,1.0,0.1124058248207275,-0.0806227861181115,0.1226299919177531,False
2026-02-04,0.5803726973691853,0.6004680670186854,0.5717909292914157,0.572194356099638,UP,0.1443887121992759,0.0470097542332041,0.0,0.9529902457667958,expanding_prior_auc_min60,0.5717909292914157,UP,0.0,1.0,1.0,0.438672915537481,0.0,-0.0137174208377075,0.3311754626554605,1.0,0.1131687219110868,-0.1074974528820204,0.1443887121992759,False
2026-02-05,0.5204855726243696,0.4622780658386172,0.7190784518757541,0.7090368196921466,UP,0.4180736393842932,0.0505639085422423,0.0,0.9494360914577578,expanding_prior_auc_min60,0.7190784518757541,UP,0.0,1.0,1.0,0.3611615459382783,0.0,-0.0013888676961263,0.3559989463796282,1.0,0.1270833545260958,-0.0051625995586501,0.4180736393842932,False
2026-02-06,0.5337388231930514,0.4591725475992346,0.7483218236090938,0.7375273907168003,UP,0.4750547814336006,0.0503042313294384,0.0,0.9496957686705616,expanding_prior_auc_min60,0.7483218236090938,UP,1.0,1.0,1.0,0.2884104666942289,0.0,0.0236439069842064,0.362055316832201,1.0,0.1286509013031196,0.0736448501379721,0.4750547814336006,False
2026-02-09,0.5218112941711052,0.4971968976056011,0.6534689327960155,0.644810714313007,UP,0.2896214286260139,0.0525717809511907,0.0111135811506677,0.9363146378981416,expanding_prior_auc_min60,0.6534689327960155,UP,1.0,1.0,1.0,0.449060130483373,0.0,-0.00473290721521,0.3178906064472789,1.0,0.0973631490840496,-0.131169524036094,0.2896214286260139,False
2026-02-10,0.6013894497840617,0.2833906463387272,0.4800345370931525,0.4852758863974422,DOWN,0.0294482272051155,0.0516816529657735,0.0052403010087941,0.9430780460254324,expanding_prior_auc_min60,0.4800345370931525,DOWN,1.0,1.0,1.0,0.5412643936782479,0.0,-0.0251655831242239,0.3190183552225523,1.0,0.0748344572964092,-0.2222460384556955,0.0294482272051155,False
2026-02-11,0.5738876418529281,0.3630749454110135,0.4750389857599206,0.4796115630279129,DOWN,0.040776873944174,0.0496941093853376,0.0030332833598078,0.9472726072548546,expanding_prior_auc_min60,0.4750389857599206,DOWN,1.0,1.0,0.0,0.6351270806775279,0.0,-0.0466321064304532,0.3033774369811827,1.0,0.051165864427235,-0.3317496436963451,0.040776873944174,False
2026-02-23,0.4531355043935273,0.2135463685600813,0.4954656549385701,0.4912905017623359,DOWN,0.0174189964753281,0.0508194364109707,0.0071792136265071,0.942001349962522,expanding_prior_auc_min60,0.4954656549385701,DOWN,1.0,1.0,0.0,0.7074176975314113,0.0,-0.0490956456956563,0.2988845869472278,0.0,0.0484496114479555,-0.4085331105841834,0.0174189964753281,False
2026-02-24,0.4254727336348015,0.2099424678430024,0.5524698558862279,0.543972223061057,UP,0.0879444461221139,0.0507011160640284,0.006010430295413,0.9432884536405586,expanding_prior_auc_min60,0.5524698558862279,UP,1.0,0.0,0.0,0.4970888507613241,1.0,-0.0730478959734958,0.2809743612940041,0.0,0.0220403018434403,-0.2161144894673199,0.0879444461221139,False
2026-02-25,0.4573893628786395,0.1749117062013542,0.5143906147655051,0.5101426793258133,UP,0.0202853586516265,0.0454883222988068,0.0048752487435131,0.94963642895768,expanding_prior_auc_min60,0.5143906147655051,UP,1.0,0.0,0.0,0.6856352866807562,1.0,-0.0924784234415644,0.3119970315908265,0.0,0.0006165604525105,-0.3736382550899297,0.0202853586516265,False
2026-02-26,0.4357425917349613,0.1599734466938089,0.3794820097966696,0.3806878959984008,DOWN,0.2386242080031982,0.0388588987020281,0.0044660583572156,0.9566750429407562,expanding_prior_auc_min60,0.3794820097966696,DOWN,0.0,0.0,0.0,0.6887726275704265,1.0,-0.0930376205766317,0.29701635688272,0.0,-0.0098583245436254,-0.3917562706877064,0.2386242080031982,False
2026-03-02,0.3342173393217611,0.1769655151849414,0.4300566632761697,0.4267504492394073,DOWN,0.1464991015211854,0.0344974682661079,0.0,0.965502531733892,expanding_prior_auc_min60,0.4300566632761697,DOWN,0.0,0.0,0.0,0.6995117933482623,1.0,-0.084007468925765,0.2812968506200134,0.0,-0.0199128625327406,-0.4182149427282489,0.1464991015211854,False
2026-03-03,0.3142734469069132,0.1504249554037091,0.3789402178401298,0.3762242969288175,DOWN,0.2475514061423649,0.0419987092616246,0.0,0.9580012907383754,expanding_prior_auc_min60,0.3789402178401298,DOWN,0.0,0.0,0.0,0.6411377315131207,1.0,-0.0812698606460813,0.2789179688211811,0.0,-0.006984165736607,-0.3622197626919395,0.2475514061423649,False
2026-03-04,0.4812559961278788,0.2314583960470118,0.6277797262362089,0.6200211079361094,UP,0.2400422158722188,0.0529512748164633,0.0,0.9470487251835368,expanding_prior_auc_min60,0.6277797262362089,UP,1.0,1.0,0.0,0.4022000645388674,0.0,-0.0429894188570985,0.3438065518011024,0.0,0.034391514902095,-0.0583935127377649,0.2400422158722188,False
2026-03-05,0.4259587762356371,0.2533589629135856,0.2674110578840379,0.2774407793512319,DOWN,0.4451184412975361,0.0635075939339119,0.0027940779727254,0.9336983280933626,expanding_prior_auc_min60,0.2674110578840379,DOWN,0.0,0.0,0.0,0.4239779760861755,1.0,-0.0652455161783082,0.3000039525481153,0.0,0.010335857966305,-0.1239740235380601,0.4451184412975361,False
2026-03-06,0.4170332938958757,0.2822222212302101,0.5118354868212827,0.5020663517381964,UP,0.0041327034763927,0.0594654269830562,0.0179940918971341,0.9225404811198096,expanding_prior_auc_min60,0.5118354868212827,UP,0.0,0.0,0.0,0.4255998210233355,1.0,-0.058555629009093,0.3198678134550254,0.0,0.0175666688474391,-0.10573200756831,0.0041327034763927,False
2026-03-09,0.4295707370555522,0.2928917149829215,0.7745758967199408,0.7362021674289163,UP,0.4724043348578326,0.0659682438441262,0.0324161460617095,0.901615610094164,expanding_prior_auc_min60,0.7745758967199408,UP,1.0,1.0,1.0,0.2607121370758133,0.0,-0.0169836960042807,0.3360249271495493,1.0,0.0760869373671269,0.0753127900737359,0.4724043348578326,False
2026-03-10,0.5074486128520239,0.4711464198856294,0.7511236355061305,0.7208805510955044,UP,0.4417611021910088,0.0719267175285014,0.045419195484355,0.8826540869871435,expanding_prior_auc_min60,0.7511236355061305,UP,1.0,1.0,1.0,0.330579829733981,0.0,-0.0378989174172793,0.2854486277889368,1.0,0.0531914915203131,-0.0451312019450442,0.4417611021910088,False
2026-03-11,0.3824407642488908,0.2906180530458591,0.5615746398956822,0.5338102850610665,UP,0.067620570122133,0.065486473779557,0.0591737191940943,0.8753398070263486,expanding_prior_auc_min60,0.5615746398956822,UP,0.0,0.0,1.0,0.4469789252410747,1.0,-0.074808167550096,0.2656287219561755,0.0,0.0326087359497668,-0.1813502032848992,0.067620570122133,False
2026-03-12,0.4001531949203528,0.5627047218552097,0.682114841846699,0.6577157336900739,UP,0.3154314673801477,0.0637141352083374,0.0538829176392506,0.882402947152412,expanding_prior_auc_min60,0.682114841846699,UP,0.0,0.0,1.0,0.3553240898106888,1.0,-0.0554830298258536,0.2598149066709054,1.0,0.054177566691218,-0.0955091831397834,0.3154314673801477,False
2026-03-13,0.5299663047253247,0.4774141663150438,0.7454724745389513,0.7124496673337983,UP,0.4248993346675966,0.0720218187569896,0.0652904997341245,0.8626876815088859,expanding_prior_auc_min60,0.7454724745389513,UP,0.0,0.0,1.0,0.3526169811824791,0.0,-0.0473995868172897,0.2871510522936793,1.0,0.0941409060325759,-0.0654659288887997,0.4248993346675966,False
2026-03-16,0.5829667589398393,0.5582091166375689,0.7597009939240755,0.7305009942168956,UP,0.4610019884337912,0.0794826865493382,0.0752024752037264,0.8453148382469353,expanding_prior_auc_min60,0.7597009939240755,UP,1.0,0.0,1.0,0.3861319217920038,0.0,-0.0429894188570985,0.2699170549084037,1.0,0.1130952807450729,-0.1162148668836,0.4610019884337912,False
2026-03-17,0.5951881345551422,0.5439863309850317,0.641320493218502,0.6306037805481213,UP,0.2612075610962425,0.0817705686005646,0.0713464143754103,0.846883017024025,expanding_prior_auc_min60,0.641320493218502,UP,1.0,0.0,1.0,0.3873070387501299,1.0,-0.0560991906869828,0.2427282354923464,1.0,0.1089367032993722,-0.1445788032577834,0.2612075610962425,False
2026-03-18,0.4740497653752296,0.3602652722633083,0.3062021030099534,0.3238921348709637,DOWN,0.3522157302580726,0.0826283999891604,0.0706774710143268,0.8466941289965128,expanding_prior_auc_min60,0.3062021030099534,DOWN,0.0,0.0,1.0,0.4037874584966721,1.0,-0.0700514699724498,0.2249037291651616,1.0,0.0925449442907124,-0.1788837293315104,0.3522157302580726,False
2026-03-19,0.4915349752677226,0.3533338294909594,0.7490159339228064,0.6960160162805197,UP,0.3920320325610393,0.0827480760525592,0.0800993103767445,0.8371526135706963,expanding_prior_auc_min60,0.7490159339228064,UP,0.0,0.0,1.0,0.2182638226525327,0.0,-0.0480263358668276,0.2630595406802443,1.0,0.1184210526315789,0.0447957180277116,0.3920320325610393,False
2026-03-20,0.397202418573988,0.3585821773689927,0.7655658029658551,0.7026380413683706,UP,0.4052760827367412,0.0880328648250637,0.0749407977485158,0.8370263374264204,expanding_prior_auc_min60,0.7655658029658551,UP,0.0,0.0,1.0,0.2025113357674655,0.0,-0.0467721077785143,0.2545896301529659,1.0,0.1330698059429866,0.0520782943855003,0.4052760827367412,False
2026-03-23,0.5298832942379746,0.4062922488173406,0.9120172838109728,0.8389841765935303,UP,0.6779683531870606,0.0928948949149029,0.0742197989330683,0.8328853061520287,expanding_prior_auc_min60,0.9120172838109728,UP,1.0,0.0,1.0,0.0414390262690376,0.0,-0.0255892461397831,0.3118605881536077,1.0,0.1629629424124052,0.27042156188457,0.6779683531870606,False
2026-03-24,0.6222318942412699,0.6631428659581202,0.9133535509947036,0.8672181042899143,UP,0.7344362085798286,0.0999623526010745,0.0680795906062247,0.8319580567927006,expanding_prior_auc_min60,0.9133535509947036,UP,1.0,0.0,1.0,0.0432624374285319,0.0,-0.0275538038940059,0.2645812314528382,1.0,0.1606182352575027,0.2213187940243062,0.7344362085798286,False
2026-03-25,0.4298383357590838,0.3599216001133061,0.774585893144391,0.7143131208788775,UP,0.4286262417577551,0.0985247591817596,0.0634407221401482,0.8380345186780921,expanding_prior_auc_min60,0.774585893144391,UP,0.0,0.0,1.0,0.0837981649178279,1.0,-0.0505249163820328,0.2588949357733701,1.0,0.1804462014524686,0.1750967708555422,0.4286262417577551,False
2026-03-26,0.5988984636242213,0.513721023466288,0.7860265401528832,0.7489575440039726,UP,0.4979150880079452,0.100043703246621,0.0673802375171244,0.8325760592362546,expanding_prior_auc_min60,0.7860265401528832,UP,0.0,0.0,1.0,0.1028323194511007,0.0,-0.0455145704318901,0.2808662128017954,1.0,0.2269128793635757,0.1780338933506946,0.4979150880079452,False
2026-03-27,0.4854225585947848,0.5563864421903681,0.8712181872091672,0.8085184368685487,UP,0.6170368737370975,0.1042717402454326,0.0713783445331232,0.8243499152214442,expanding_prior_auc_min60,0.8712181872091672,UP,0.0,1.0,1.0,0.0847949825627424,0.0,-0.0353333536783854,0.350924448938147,1.0,0.24,0.2661294663754046,0.6170368737370975,False
2026-03-30,0.4594153803287703,0.4889817886536568,0.8765840071652601,0.8053490481492764,UP,0.6106980962985529,0.1007233042710886,0.0753771652674507,0.8238995304614607,expanding_prior_auc_min60,0.8765840071652601,UP,0.0,1.0,1.0,0.1020246340365734,0.0,-0.0209743304432141,0.3779108245245003,1.0,0.2584573488463664,0.2758861904879269,0.6106980962985529,False
2026-03-31,0.5448398729429355,0.6159356339794129,0.906294673893798,0.8465210827375206,UP,0.6930421654750412,0.1034093187956573,0.0771313902302903,0.8194592909740522,expanding_prior_auc_min60,0.906294673893798,UP,1.0,1.0,1.0,0.1205132138146875,0.0,0.0221146994867373,0.5442434942039315,1.0,0.2854181335368682,0.423730280389244,0.6930421654750412,False
2026-04-01,0.3492905985191546,0.5392847206130414,0.8169633800847638,0.7475161075813028,UP,0.4950322151626056,0.1078243308614478,0.0684992062595799,0.8236764628789722,expanding_prior_auc_min60,0.8169633800847638,UP,0.0,1.0,1.0,0.0852045098253671,0.0,-0.019880716509889,0.279397249233522,1.0,0.2538105009999614,0.1941927394081549,0.4950322151626056,False
2026-04-02,0.5698527729651892,0.672356944793126,0.8285959473839732,0.7897622077560451,UP,0.5795244155120902,0.106407134033523,0.0723354591355506,0.8212574068309263,expanding_prior_auc_min60,0.8285959473839732,UP,1.0,1.0,1.0,0.1115866058701242,0.0,0.0182556613823865,0.3205181803127839,1.0,0.2792427637330654,0.2089315744426597,0.5795244155120902,False
2026-04-07,0.5394933598901996,0.5261294670607652,0.808989580209111,0.7589852854981245,UP,0.517970570996249,0.1131516978266726,0.0689752245619672,0.8178730776113601,expanding_prior_auc_min60,0.808989580209111,UP,1.0,1.0,1.0,0.0966607082867423,0.0,0.0511287957249455,0.2613720474882554,1.0,0.2715802937509284,0.1647113392015129,0.517970570996249,False
2026-04-08,0.4590575869309301,0.2209443032270233,0.6794357525647606,0.6226384455586707,UP,0.2452768911173413,0.1123217274185995,0.0698901818191843,0.817788090762216,expanding_prior_auc_min60,0.6794357525647606,UP,0.0,1.0,1.0,0.1264476224462127,0.0,-0.0006312553571934,0.3117727472959037,1.0,0.2335858675864583,0.1853251248496909,0.2452768911173413,False
2026-04-09,0.5831831642496796,0.2244027143798844,0.619811065844125,0.5881636642691512,UP,0.1763273285383024,0.1114789328570636,0.0697106221716319,0.8188104449713044,expanding_prior_auc_min60,0.619811065844125,UP,1.0,1.0,1.0,0.1349156085152462,0.0,0.0183196073315057,0.3067963297676289,1.0,0.2343650671478276,0.1718807212523826,0.1763273285383024,False
2026-04-10,0.6150554239612948,0.2628999654235543,0.607139849749021,0.5829088263350306,UP,0.1658176526700612,0.1150336893542284,0.0730350614898969,0.8119312491558746,expanding_prior_auc_min60,0.607139849749021,UP,0.0,1.0,1.0,0.2047435704105684,0.0,-0.001857604035652,0.2594476557394342,1.0,0.2099070829503677,0.0547040853288658,0.1658176526700612,False
2026-04-13,0.6267545141672586,0.4729600236421545,0.6943897195995509,0.6701453353056736,UP,0.3402906706113471,0.1161092774332595,0.0740248926017466,0.8098658299649938,expanding_prior_auc_min60,0.6943897195995509,UP,1.0,1.0,1.0,0.1585909765221729,0.0,0.0310173703142524,0.2290326871020153,1.0,0.2121587940179865,0.0704417105798423,0.3402906706113471,False
2026-04-14,0.6391815902667107,0.3568948841619846,0.4812858019798577,0.4892255087860427,DOWN,0.0215489824279144,0.1124661884559735,0.0789304464339118,0.8086033651101147,expanding_prior_auc_min60,0.4812858019798577,DOWN,1.0,1.0,1.0,0.3846899898972129,0.0,0.0126354160173036,0.2682517643666712,1.0,0.1756919222888771,-0.1164382255305417,0.0215489824279144,False
2026-04-15,0.6270078764672052,0.3150290795537198,0.4505078476113442,0.4600914322204457,DOWN,0.0798171355591086,0.1150175465586633,0.0791047618094268,0.8058776916319098,expanding_prior_auc_min60,0.4505078476113442,DOWN,1.0,1.0,1.0,0.3842347378145825,0.0,0.0,0.2846109969552492,1.0,0.1610219272330757,-0.0996237408593332,0.0798171355591086,False
2026-04-16,0.5652779201580181,0.3495429797791577,0.5742631358332563,0.5567235056393158,UP,0.1134470112786316,0.1184724744388316,0.073313981926758,0.8082135436344103,expanding_prior_auc_min60,0.5742631358332563,UP,0.0,1.0,1.0,0.4506977378308054,0.0,-0.0099999820484834,0.2860774673947397,1.0,0.1494117288028493,-0.1646202704360656,0.1134470112786316,False
2026-04-17,0.6235768399414799,0.3602697704002087,0.6245323571817954,0.6064455060425211,UP,0.2128910120850422,0.1221455947253657,0.068001070967106,0.8098533343075283,expanding_prior_auc_min60,0.6245323571817954,UP,1.0,1.0,1.0,0.3735546719021461,0.0,0.0047534345647741,0.2833149747266274,1.0,0.1610219272330757,-0.0902396971755187,0.2128910120850422,False
2026-04-20,0.6144615404476276,0.2681943844141373,0.6185321498000431,0.595697688875046,UP,0.191395377750092,0.1231096871468847,0.0637479931874408,0.8131423196656744,expanding_prior_auc_min60,0.6185321498000431,UP,1.0,1.0,1.0,0.4418142534930492,0.0,0.0171495788989453,0.2734152214349166,1.0,0.155529194817823,-0.1683990320581325,0.191395377750092,False
2026-04-21,0.5337658509927954,0.1345544954972847,0.5328173374255111,0.507831343265505,UP,0.0156626865310101,0.1255183562142016,0.0630363854741506,0.8114452583116477,expanding_prior_auc_min60,0.5328173374255111,UP,1.0,1.0,1.0,0.4422006810900255,0.0,0.0040697496990824,0.2685365883215803,1.0,0.136046476142351,-0.1736640927684452,0.0156626865310101,False
2026-04-22,0.4179125423189164,0.2200581436544404,0.6468838618090414,0.5919589433932935,UP,0.1839178867865869,0.1277526069232786,0.0601492233205179,0.8120981697562034,expanding_prior_auc_min60,0.6468838618090414,UP,0.0,1.0,1.0,0.4059450305244126,0.0,0.0,0.2756801750675847,1.0,0.1314417912528702,-0.1302648554568279,0.1839178867865869,False
2026-04-23,0.4141277803806979,0.1693380843126954,0.5126550033402646,0.4807277632857114,DOWN,0.0385444734285772,0.1271593490067104,0.0565034271498222,0.8163372238434673,expanding_prior_auc_min60,0.5126550033402646,UP,1.0,1.0,1.0,0.481999972383136,0.0,0.0416907763490002,0.2710266730215406,1.0,0.1314417912528702,-0.2109732993615953,0.0385444734285772,False
2026-04-24,0.5286460335762968,0.2856584546973366,0.5867665612148454,0.5630453332735199,UP,0.1260906665470398,0.1326299202123004,0.0531792623690017,0.8141908174186978,expanding_prior_auc_min60,0.5867665612148454,UP,1.0,1.0,1.0,0.5393318829505122,0.0,0.0061145421947517,0.2487357628964144,1.0,0.1206226400403192,-0.2905961200540977,0.1260906665470398,False
2026-04-27,0.493789829212634,0.2117893682745846,0.4927226226371303,0.478487909327554,DOWN,0.0430241813448919,0.1272092062004184,0.051152619306338,0.8216381744932435,expanding_prior_auc_min60,0.4927226226371303,DOWN,0.0,1.0,1.0,0.531314424627397,0.0,-0.0268817204301075,0.263035683756495,1.0,0.0838710005565355,-0.2682787408709019,0.0430241813448919,False
2026-04-28,0.4115885851529321,0.223301464909031,0.6044915947296258,0.5624099778946445,UP,0.124819955789289,0.1265158083620254,0.0463714436972374,0.8271127479407371,expanding_prior_auc_min60,0.6044915947296258,UP,0.0,1.0,1.0,0.5061834996611838,0.0,-0.0163043478260869,0.273407575251997,1.0,0.1146739462147587,-0.2327759244091868,0.124819955789289,False
2026-04-29,0.4266661163227325,0.2527619482632707,0.4500405234636492,0.4392078460033431,DOWN,0.1215843079933137,0.130508512378019,0.0394473568593169,0.830044130762664,expanding_prior_auc_min60,0.4500405234636492,DOWN,0.0,1.0,1.0,0.4477869983879484,0.0,-0.0027548209366391,0.2762145859594053,1.0,0.1300275818375516,-0.1715724124285431,0.1215843079933137,False
2026-04-30,0.498197082277134,0.1686542887246591,0.5824084831241169,0.5569460146194716,UP,0.1138920292389431,0.1365855849768072,0.0337408182133513,0.8296735968098414,expanding_prior_auc_min60,0.5824084831241169,UP,1.0,1.0,1.0,0.4617771643771666,0.0,0.022099447513812,0.2599775760893315,1.0,0.1646409008384408,-0.2017995882878351,0.1138920292389431,False
2026-05-04,0.446170467151869,0.1937716685297072,0.5483075301165349,0.524199763707395,UP,0.0483995274147899,0.1418607689438874,0.027129904648437,0.8310093264076754,expanding_prior_auc_min60,0.5483075301165349,UP,0.0,1.0,1.0,0.5994744303448063,0.0,-0.0221987157293197,0.2454280186029465,1.0,0.1152220053033163,-0.3540464117418597,0.0483995274147899,False
2026-05-05,0.3419761525776486,0.1834033938068963,0.5224963937029189,0.4893650881578693,DOWN,0.0212698236842614,0.1402559543423377,0.0230387146013377,0.8367053310563246,expanding_prior_auc_min60,0.5224963937029189,UP,1.0,1.0,1.0,0.5901462434911916,0.0,-0.0221987157293197,0.2630725393888796,1.0,0.1173361379826831,-0.3270737041023119,0.0212698236842614,False
2026-05-06,0.5261731740739715,0.2268325819995985,0.5061012979296733,0.504164743381942,UP,0.0083294867638838,0.1448641676415238,0.0173461970570014,0.8377896353014747,expanding_prior_auc_min60,0.5061012979296733,UP,1.0,0.0,1.0,0.5794998854484852,0.0,-0.0339425587467362,0.2467318323148764,1.0,0.1237597751866432,-0.3327680531336088,0.0083294867638838,False
2026-05-07,0.4848644623850511,0.1755942116909419,0.4400499394586046,0.4430136496885032,DOWN,0.1139727006229935,0.1382532621305824,0.0122214927344964,0.8495252451349211,expanding_prior_auc_min60,0.4400499394586046,DOWN,0.0,0.0,1.0,0.5968627516286575,1.0,-0.0532241260048037,0.2470529912381099,1.0,0.1013306226726247,-0.3498097603905475,0.1139727006229935,False
2026-05-08,0.2943710172813222,0.161172753304215,0.3953583070334828,0.3796695177929836,DOWN,0.2406609644140327,0.1382720912936322,0.0073662335909333,0.8543616751154344,expanding_prior_auc_min60,0.3953583070334828,DOWN,0.0,0.0,1.0,0.5951904730032506,0.0,-0.0463917525773195,0.2641820808461543,1.0,0.1092783347847534,-0.3310083921570962,0.2406609644140327,False
2026-05-11,0.4675079723149399,0.1711673200016414,0.4314786681393666,0.4363885341279375,DOWN,0.127222931744125,0.1430474958724315,0.0009374764239702,0.8560150277035982,expanding_prior_auc_min60,0.4314786681393666,DOWN,0.0,0.0,1.0,0.5956545701201401,0.0,-0.0454076517708186,0.251695100170255,1.0,0.1104230833823523,-0.3439594699498851,0.127222931744125,False
2026-05-12,0.2772762559998728,0.1275973879268438,0.3138276700421836,0.3083208175135807,DOWN,0.3833583649728385,0.15066045111766,0.0,0.84933954888234,expanding_prior_auc_min60,0.3138276700421836,DOWN,0.0,0.0,1.0,0.5850581426487259,0.0,-0.0449148016794593,0.26150813802663,1.0,0.1109963879129276,-0.3235500046220959,0.3833583649728385,False
2026-05-13,0.4128210745341807,0.1553835600167144,0.3867500208725372,0.3907774383973802,DOWN,0.2184451232052395,0.1544785100407461,0.0,0.8455214899592538,expanding_prior_auc_min60,0.3867500208725372,DOWN,1.0,0.0,1.0,0.5889646370284023,0.0,-0.031413612565445,0.2644218816227097,1.0,0.1267015547028387,-0.3245427554056925,0.2184451232052395,False
2026-05-14,0.4546714661331469,0.2617822863938823,0.3597861623557964,0.3751528689806506,DOWN,0.2496942620386987,0.1619503338568888,0.0,0.8380496661431112,expanding_prior_auc_min60,0.3597861623557964,DOWN,0.0,0.0,1.0,0.5648466637513657,0.0,-0.036959947308329,0.2617127579491819,1.0,0.1202498183799058,-0.3031339058021838,0.2496942620386987,False
2026-05-15,0.4299630117770285,0.1897897409757478,0.2504515270718016,0.2778158807662997,DOWN,0.4443682384674005,0.1559752449479246,0.0104677778916665,0.8335569771604089,expanding_prior_auc_min60,0.2504515270718016,DOWN,0.0,1.0,1.0,0.5401525591956999,0.0,-0.0303983383594834,0.2801787267898614,1.0,0.1278825655462145,-0.2599738324058385,0.4443682384674005,False
2026-05-18,0.4690946400126766,0.3246355630935356,0.4161235388899126,0.4225426682645786,DOWN,0.1549146634708428,0.1584829023979037,0.0215972039744356,0.8199198936276607,expanding_prior_auc_min60,0.4161235388899126,DOWN,0.0,1.0,1.0,0.4711971867344131,0.0,-0.0252897943866148,0.2782242090696905,1.0,0.1338250447211946,-0.1929729776647226,0.1549146634708428,False
2026-05-19,0.5216771556559839,0.3659606723506012,0.5317427511454863,0.5248030291995051,UP,0.0496060583990101,0.1614419164271251,0.0320584285033085,0.8064996550695662,expanding_prior_auc_min60,0.5317427511454863,UP,0.0,1.0,1.0,0.5010271916116606,0.0,-0.0064446668523616,0.326784751293774,1.0,0.1557465116826026,-0.1742424403178866,0.0496060583990101,False
2026-05-20,0.5875621819839634,0.5559883667947625,0.654729620157953,0.6395637105446698,UP,0.2791274210893395,0.163358844590159,0.0424697315080119,0.7941714239018289,expanding_prior_auc_min60,0.654729620157953,UP,1.0,1.0,1.0,0.4666792702727786,0.0,0.0362161997202279,0.3779349749390016,1.0,0.163243226747255,-0.088744295333777,0.2791274210893395,False
2026-05-21,0.399105122763757,0.3715761050154995,0.5118666705952701,0.4860392984667488,DOWN,0.0279214030665022,0.1636706967586376,0.0525453083526386,0.7837839948887237,expanding_prior_auc_min60,0.5118666705952701,UP,1.0,1.0,1.0,0.4762995186872178,0.0,0.0151278518593633,0.2694096191307866,1.0,0.1225873780600259,-0.2068898995564312,0.0279214030665022,False
2026-05-22,0.5730207791993127,0.3590666808453487,0.5260392326846866,0.5236403615533052,UP,0.0472807231066103,0.1635952448818568,0.0603981230883607,0.7760066320297824,expanding_prior_auc_min60,0.5260392326846866,UP,1.0,1.0,1.0,0.5343768934289556,0.0,0.026207557475685,0.244556375653485,1.0,0.1423432480958271,-0.2898205177754704,0.0472807231066103,False
2026-05-25,0.540853824154918,0.2870166638257085,0.4708760506951956,0.471791629811503,DOWN,0.0564167403769939,0.1597322737871629,0.0558150983080434,0.7844526279047936,expanding_prior_auc_min60,0.4708760506951956,DOWN,0.0,1.0,1.0,0.5758554377683426,0.0,-0.0094246483023311,0.2557472480235198,1.0,0.102678553182252,-0.3201081897448228,0.0564167403769939,False
2026-05-26,0.4672917052623458,0.3049847955379298,0.4177102776755201,0.4196542785461398,DOWN,0.1606914429077204,0.1611723427687221,0.0536449599211807,0.785182697310097,expanding_prior_auc_min60,0.4177102776755201,DOWN,1.0,1.0,1.0,0.5533555248921509,0.0,-0.0024975025355732,0.2512788947957139,1.0,0.110389642559431,-0.302076630096437,0.1606914429077204,False
2026-05-27,0.6016340934514947,0.3108607222348524,0.4770621344120148,0.4886052980763966,DOWN,0.0227894038472068,0.1623716365789221,0.052248588522488,0.7853797748985898,expanding_prior_auc_min60,0.4770621344120148,DOWN,0.0,1.0,1.0,0.5905313722040106,0.0,-0.0263286640398635,0.2557862379679899,1.0,0.0838615135855296,-0.3347451342360207,0.0227894038472068,False
2026-05-28,0.4868527276229769,0.2935924798186393,0.3939579508858706,0.4034094532616892,DOWN,0.1931810934766215,0.1602570089750415,0.0541574371711284,0.78558555385383,expanding_prior_auc_min60,0.3939579508858706,DOWN,1.0,1.0,1.0,0.5617002558000057,0.0,-0.0064676768744169,0.2762591620635354,1.0,0.105970164436606,-0.2854410937364702,0.1931810934766215,False
2026-05-29,0.5993626263874582,0.2510682486217372,0.5635200516443889,0.552664272044796,UP,0.1053285440895919,0.158704053075138,0.0529494191549511,0.7883465277699109,expanding_prior_auc_min60,0.5635200516443889,UP,1.0,0.0,0.0,0.5956549926717893,1.0,-0.0526565746813116,0.2513857285198009,1.0,0.0545540789066136,-0.3442692641519884,0.1053285440895919,False
2026-06-01,0.4144285561540161,0.2586162508882578,0.5191650242206778,0.4892332174946004,DOWN,0.021533565010799,0.1579497571744643,0.0513865671152293,0.7906636757103063,expanding_prior_auc_min60,0.5191650242206778,UP,1.0,0.0,1.0,0.5622532851907045,1.0,-0.0535545168329754,0.2649541106976287,1.0,0.0535545168329754,-0.2972991744930758,0.021533565010799,False
2026-06-02,0.4357817258089244,0.2391997419738842,0.4217447325614765,0.4152136225958629,DOWN,0.1695727548082741,0.1604196680497932,0.0481137265641478,0.7914666053860588,expanding_prior_auc_min60,0.4217447325614765,DOWN,1.0,0.0,1.0,0.5762031659761931,1.0,-0.0553453040967034,0.285336751098779,1.0,0.0515610665561836,-0.2908664148774141,0.1695727548082741,False
2026-06-03,0.445575848387299,0.1570462690984657,0.4837560759061206,0.4628262830383184,DOWN,0.0743474339233631,0.1563099376183473,0.0457955150850106,0.797894547296642,expanding_prior_auc_min60,0.4837560759061206,DOWN,0.0,0.0,1.0,0.5842403119893276,1.0,-0.0720260233262359,0.267195985289316,0.0,0.0329925938856925,-0.3170443267000116,0.0743474339233631,False
2026-06-04,0.4793964029461104,0.2778169392054312,0.5644733017012026,0.5389880319796461,UP,0.0779760639592921,0.1533129563490821,0.0434034631154761,0.8032835805354417,expanding_prior_auc_min60,0.5644733017012026,UP,0.0,0.0,1.0,0.5870559735057743,1.0,-0.058906692647356,0.2954696183846947,0.0,0.0475966364220972,-0.2915863551210795,0.0779760639592921,False
2026-06-05,0.4393630197234487,0.158130544412964,0.3613208455326312,0.3655060992667734,DOWN,0.2689878014664532,0.1585546622355504,0.0403006284733453,0.8011447092911042,expanding_prior_auc_min60,0.3613208455326312,DOWN,0.0,0.0,1.0,0.5822444609037398,0.0,-0.0412866345536189,0.2890972064065121,1.0,0.0672107527359051,-0.2931472544972276,0.2689878014664532,False
2026-06-08,0.4277680227919504,0.2775293598574295,0.5672707543649107,0.5305142558088822,UP,0.0610285116177644,0.1609611148172391,0.0493612015166353,0.7896776836661255,expanding_prior_auc_min60,0.5672707543649107,UP,1.0,1.0,1.0,0.3935877407866794,0.0,-0.0108964686218373,0.5947846406493064,1.0,0.1010401672707959,0.2011968998626269,0.0610285116177644,False
2026-06-09,0.5299555437286019,0.4608932966024974,0.5599254926548223,0.5492720962915393,UP,0.0985441925830785,0.1641907457949533,0.0578863069402325,0.777922947264814,expanding_prior_auc_min60,0.5599254926548223,UP,0.0,1.0,1.0,0.4832352294202106,0.0,-0.0352657152258831,0.3146354894317455,1.0,0.0739130582210523,-0.1685997399884651,0.0985441925830785,False
2026-06-10,0.481627257103516,0.5018548335322185,0.7150712908966828,0.6635651892326396,UP,0.3271303784652792,0.1591704401230719,0.0672964565608194,0.7735331033161086,expanding_prior_auc_min60,0.7150712908966828,UP,0.0,1.0,1.0,0.4414757430741627,0.0,-0.0039900401583931,0.4449346994645702,1.0,0.1087281947718594,0.0034589563904074,0.3271303784652792,False
2026-06-11,0.5685359085399173,0.3560061295585536,0.7154483656160453,0.664218984699543,UP,0.328437969399086,0.1589980824885392,0.0775384168911646,0.7634635006202961,expanding_prior_auc_min60,0.7154483656160453,UP,1.0,1.0,1.0,0.3362035826970166,0.0,0.0210315323606675,0.6274298284752658,1.0,0.1131697869247991,0.2912262457782492,0.328437969399086,False
2026-06-12,0.5549248009644231,0.590810837706755,0.609567786901762,0.5991549959635646,UP,0.1983099919271291,0.1615160082289652,0.0846125857348621,0.7538714060361726,expanding_prior_auc_min60,0.609567786901762,UP,1.0,1.0,1.0,0.4497732028122485,0.0,0.0112800545395086,0.3011594996664876,1.0,0.0902403614813971,-0.1486137031457609,0.1983099919271291,False
2026-06-15,0.4827246855096907,0.3906263350221163,0.5384937319638584,0.5155138605796754,UP,0.0310277211593508,0.161465351630997,0.0945110482592823,0.7440236001097206,expanding_prior_auc_min60,0.5384937319638584,UP,1.0,1.0,0.0,0.5603955187098372,0.0,-0.0204275679418423,0.2958009087624488,1.0,0.0560570216235525,-0.2645946099473883,0.0310277211593508,False
2026-06-16,0.5608590950823471,0.5753908966354455,0.5294024523231523,0.5387540725666553,UP,0.0775081451333106,0.163188821699905,0.0917240806918885,0.7450870976082064,expanding_prior_auc_min60,0.5294024523231523,UP,1.0,1.0,1.0,0.5584545729214134,0.0,-0.0264400662078704,0.2761169739472091,0.0,0.0495750701072186,-0.2823375989742043,0.0775081451333106,False
2026-06-17,0.4155105673206997,0.3636252009363899,0.5187540076536843,0.4877249119076986,DOWN,0.0245501761846027,0.1618914192090042,0.092277307931247,0.7458312728597487,expanding_prior_auc_min60,0.5187540076536843,UP,1.0,1.0,1.0,0.5707232057353133,0.0,-0.0273585049611218,0.2901199771098686,0.0,0.0485849200554613,-0.2806032286254447,0.0245501761846027,False
2026-06-18,0.5023575720948061,0.309867620372593,0.4403721764396066,0.4383229278071615,DOWN,0.1233541443856769,0.1625074214688045,0.0928882164303171,0.7446043621008783,expanding_prior_auc_min60,0.4403721764396066,DOWN,1.0,0.0,0.0,0.5581114136107883,1.0,-0.0666356134438318,0.2721895802569672,0.0,0.0358806930533261,-0.285921833353821,0.1233541443856769,False
2026-06-22,0.5521117760094413,0.3122110356042031,0.4843261680457944,0.4791919724866076,DOWN,0.0416160550267846,0.1582527049116138,0.0921560536165804,0.7495912414718058,expanding_prior_auc_min60,0.4843261680457944,DOWN,0.0,0.0,0.0,0.5615913296296166,1.0,-0.1075124103786396,0.2943054910854518,0.0,-0.0094467209837449,-0.2672858385441647,0.0416160550267846,False
2026-06-23,0.5173746396322916,0.2176084204690244,0.513380838586474,0.4856917395368673,DOWN,0.0286165209262654,0.156968268899266,0.0957357662567868,0.7472959648439471,expanding_prior_auc_min60,0.513380838586474,UP,0.0,0.0,0.0,0.5655660653629442,1.0,-0.0990009234962973,0.2938714819577875,0.0,-0.0068119891952249,-0.2716945834051566,0.0286165209262654,False
2026-06-24,0.3823056128625891,0.2457608557846167,0.5539421455670493,0.4975977387569511,DOWN,0.0048045224860977,0.1576762857426077,0.0950135417247137,0.7473101725326785,expanding_prior_auc_min60,0.5539421455670493,UP,1.0,1.0,0.0,0.5528046601710515,1.0,-0.0741950953282686,0.2573501326986481,0.0,0.0205319357621365,-0.2954545274724033,0.0048045224860977,False
2026-06-25,0.5755341549122928,0.3343976551436772,0.4875282795107957,0.4865188889390516,DOWN,0.0269622221218966,0.1593283176909157,0.0981594550959626,0.7425122272131216,expanding_prior_auc_min60,0.4875282795107957,DOWN,0.0,1.0,0.0,0.4614132041207201,1.0,-0.0746268677961112,0.2564714029784275,0.0,0.0200559849541503,-0.2049418011422926,0.0269622221218966,False
2026-06-26,0.5584957562508425,0.3372947148112799,0.6640357451233975,0.615774408212779,UP,0.2315488164255579,0.154076410779014,0.097937238555287,0.747986350665699,expanding_prior_auc_min60,0.6640357451233975,UP,1.0,1.0,0.0,0.3524395055263444,0.0,-0.037827367445188,0.3043601726518365,1.0,0.0606207574442283,-0.0480793328745078,0.2315488164255579,False
2026-06-29,0.5346938056538921,0.3979479725375078,0.66343517716219,0.6162296889900577,UP,0.2324593779801154,0.1524926320679778,0.1038595348268138,0.7436478331052083,expanding_prior_auc_min60,0.66343517716219,UP,1.0,1.0,0.0,0.3961307408584485,1.0,-0.050263285336442,0.2846120667849538,0.0,0.0469124142560481,-0.1115186740734947,0.2324593779801154,False
2026-06-30,0.5216658413879426,0.3758796250832712,0.3816175188594822,0.4022000807892311,DOWN,0.1955998384215378,0.1513974445965424,0.1081226396460266,0.740479915757431,expanding_prior_auc_min60,0.3816175188594822,DOWN,1.0,0.0,0.0,0.4950352023602953,1.0,-0.0987940744376931,0.2635251577524253,0.0,0.014378435792985,-0.23151004460787,0.1955998384215378,False
2026-07-01,0.5547407688672781,0.3499353878127674,0.5188286249761496,0.5044635512723126,UP,0.0089271025446251,0.1504471987945249,0.1170440894317174,0.7325087117737575,expanding_prior_auc_min60,0.5188286249761496,UP,0.0,0.0,0.0,0.5473510677670499,1.0,-0.1431184430202132,0.2616519663365452,0.0,-0.0050296792870412,-0.2856991014305046,0.0089271025446251,False
2026-07-02,0.5509928570411066,0.3621019006302624,0.604794784653372,0.5690443115796557,UP,0.1380886231593114,0.1511209012430979,0.1138058801992102,0.7350732185576918,expanding_prior_auc_min60,0.604794784653372,UP,0.0,0.0,0.0,0.5298752308122832,1.0,-0.1406250241048189,0.2768693083003684,0.0,-0.0041360713696179,-0.2530059225119147,0.1380886231593114,False
2026-07-03,0.5358734872843708,0.2016891145255044,0.5933098817903103,0.5405091852967482,UP,0.0810183705934963,0.1515844698431996,0.1125942104414979,0.7358213197153024,expanding_prior_auc_min60,0.5933098817903103,UP,0.0,0.0,0.0,0.5460619084627365,1.0,-0.1370558254107216,0.2589901886689887,0.0,-0.0009229208632151,-0.2870717197937477,0.0810183705934963,False
2026-07-06,0.5311591357340124,0.2717703125623585,0.496548217536876,0.4767959395331041,DOWN,0.0464081209337917,0.1520796749569292,0.1112916111394013,0.7366287139036695,expanding_prior_auc_min60,0.496548217536876,DOWN,0.0,0.0,0.0,0.5630521939237404,1.0,-0.1362586605080831,0.2460925445284256,0.0,-0.0170900551881856,-0.3169596493953148,0.0464081209337917,False
2026-07-07,0.5294318126514287,0.2906431969855417,0.6028183912929493,0.556940076540687,UP,0.113880153081374,0.1532366948456085,0.1109402624767951,0.7358230426775962,expanding_prior_auc_min60,0.6028183912929493,UP,0.0,0.0,0.0,0.3873896927927213,1.0,-0.1195856620827557,0.279671918973903,0.0,0.0018832823294165,-0.1077177738188183,0.113880153081374,False
2026-07-08,0.5140144413718493,0.387554153846685,0.571784375622798,0.5421244756088829,UP,0.0842489512177657,0.1541316853417511,0.1126618775444878,0.733206437113761,expanding_prior_auc_min60,0.571784375622798,UP,0.0,1.0,0.0,0.3580039717740129,1.0,-0.118340430840278,0.2534057022668076,0.0,0.0033003155497344,-0.1045982695072053,0.0842489512177657,False
2026-07-09,0.5822935625038596,0.4101226077595527,0.7054836814415457,0.6521545254536283,UP,0.3043090509072566,0.1548414778148522,0.1159740364307424,0.7291844857544053,expanding_prior_auc_min60,0.7054836814415457,UP,0.0,1.0,0.0,0.2062656253509525,1.0,-0.1162571143380837,0.2696424124903846,0.0,0.0056710629188505,0.0633767871394321,0.3043090509072566,False
2026-07-10,0.6452252188032078,0.6115050938820337,0.7080283934514437,0.6868484230018936,UP,0.3736968460037873,0.1561193758924067,0.1178490382130564,0.7260315858945369,expanding_prior_auc_min60,0.7080283934514437,UP,1.0,0.0,0.0,0.2326509492618723,1.0,-0.1162571143380837,0.3067368189659273,0.0,0.0056710629188505,0.0740858697040549,0.3736968460037873,False
2026-07-13,0.5828464362540698,0.5121007675046535,0.7142103967518159,0.668548228947614,UP,0.337096457895228,0.1527446008397655,0.1266492457018956,0.7206061534583389,expanding_prior_auc_min60,0.7142103967518159,UP,0.0,0.0,0.0,0.2510570869167462,1.0,-0.1179245283018868,0.2845905473257274,0.0,0.0037735993007443,0.0335334604089812,0.337096457895228,False
2026-07-14,0.611828176922564,0.563788240008267,0.7411491010401484,0.6974480046154867,UP,0.3948960092309734,0.155380556333399,0.133102304264742,0.7115171394018589,expanding_prior_auc_min60,0.7411491010401484,UP,1.0,0.0,1.0,0.2039214054893124,1.0,-0.1044061433579288,0.3440772448991052,0.0,0.019157087842611,0.1401558394097927,0.3948960092309734,False
2026-07-15,0.4413464868131692,0.3036849790062836,0.6858648851099488,0.5958745211415366,UP,0.1917490422830732,0.1517827003866102,0.1383555240247917,0.709861775588598,expanding_prior_auc_min60,0.6858648851099488,UP,1.0,0.0,0.0,0.2397930398422351,1.0,-0.120413948111793,0.2823004197014828,0.0,0.0009407193908772,0.0425073798592476,0.1917490422830732,False
2026-07-16,0.4984810913126264,0.4469711922748478,0.5405373212684738,0.5211474780940091,UP,0.0422949561880181,0.154941196256279,0.1375882569209792,0.7074705468227417,expanding_prior_auc_min60,0.5405373212684738,UP,0.0,0.0,1.0,0.2473336207368451,1.0,-0.1212406141060189,0.2737879759081423,0.0,0.0028195058088444,0.0264543551712972,0.0422949561880181,False
2026-07-17,0.5611351582716401,0.6938124683335694,0.7671034082899071,0.7257712234198075,UP,0.451542446839615,0.1515120650586452,0.1381550022328638,0.710332932708491,expanding_prior_auc_min60,0.7671034082899071,UP,0.0,1.0,1.0,0.1936288234334306,1.0,-0.0664004136251614,0.426559043178627,1.0,0.0654018504500046,0.2329302197451963,0.451542446839615,False
2026-07-20,0.5215753370048505,0.611057391580975,0.779810421960278,0.7181121767308489,UP,0.4362243534616978,0.1538604960376637,0.1301669481993072,0.715972555763029,expanding_prior_auc_min60,0.779810421960278,UP,1.0,1.0,1.0,0.1490260350168284,1.0,-0.0574596484233378,0.3639330995644387,1.0,0.0756048410355612,0.2149070645476103,0.4362243534616978,False
2026-07-21,0.4944556645651311,0.7086653100821347,0.7608564735163684,0.7136633469300591,UP,0.4273266938601181,0.1524189770642891,0.1262395272173813,0.7213414957183295,expanding_prior_auc_min60,0.7608564735163684,UP,1.0,0.0,1.0,0.1761359193555508,1.0,-0.0878048780487804,0.2688756512685459,0.0,0.0409755799828506,0.092739731912995,0.4273266938601181,False
2026-07-22,0.4982561040881799,0.6254705975784796,0.7442069422257678,0.6926433460022715,UP,0.385286692004543,0.151405711223848,0.1206474284830563,0.7279468602930955,expanding_prior_auc_min60,0.7442069422257678,UP,1.0,0.0,0.0,0.2406844548295349,1.0,-0.0996629622166076,0.2628558949943833,0.0,0.0274434137313088,0.0221714401648483,0.385286692004543,False
2026-07-23,0.6074451297944581,0.7901050612207978,0.7513557674773258,0.734871925416585,UP,0.4697438508331699,0.1482651812761121,0.125243436822328,0.7264913819015598,expanding_prior_auc_min60,0.7513557674773258,UP,0.0,0.0,0.0,0.195149370804416,1.0,-0.100096259606777,0.2435444804197037,0.0,0.0269489449590225,0.0483951096152877,0.4697438508331699,False
2026-07-24,0.642795099075657,0.7987394187477848,0.7741917810767197,0.7580652168653297,UP,0.5161304337306594,0.1458491976858908,0.123740478727759,0.7304103235863502,expanding_prior_auc_min60,0.7741917810767197,UP,0.0,1.0,1.0,0.1801848409641638,1.0,-0.0806292742802675,0.3316005704629398,0.0,0.0491642099315365,0.151415729498776,0.5161304337306594,False
2026-07-27,0.6527593244197414,0.6661978789157776,0.783107721913477,0.7495946189837781,UP,0.4991892379675562,0.1420012826318515,0.1283336194102779,0.7296650979578705,expanding_prior_auc_min60,0.783107721913477,UP,0.0,1.0,1.0,0.1951562341613132,1.0,-0.0783636982492775,0.2571136049575866,1.0,0.0517496319164845,0.0619573707962733,0.4991892379675562,False
2026-07-28,0.6094915440724072,0.741812101361474,0.7950374728026466,0.762569766703214,UP,0.5251395334064279,0.1370106284948,0.1323793822132118,0.7306099892919882,expanding_prior_auc_min60,0.7950374728026466,UP,0.0,1.0,1.0,0.1544622911645359,0.0,-0.0375707819716978,0.5554084839347586,1.0,0.0983015468076893,0.4009461927702226,0.5251395334064279,False
2026-07-29,0.6975594003308608,0.7722298406828119,0.8028287332811693,0.785148466022122,UP,0.5702969320442439,0.1319719370643311,0.1237845279514615,0.7442435349842074,expanding_prior_auc_min60,0.8028287332811693,UP,0.0,1.0,1.0,0.1278590853191304,0.0,-0.0021344392183135,0.7655051670789882,1.0,0.1387406662049404,0.6376460817598577,0.5702969320442439,False
2026-07-30,0.8071198409438637,0.8971701770456297,0.8045815215445243,0.8157363941758176,UP,0.6314727883516351,0.1290205702035873,0.1169406463073902,0.7540387834890223,expanding_prior_auc_min60,0.8045815215445243,UP,1.0,1.0,1.0,0.1035613431204322,0.0,0.0764706045548546,0.8505215040278031,1.0,0.1411764379491142,0.7469601609073709,0.6314727883516351,False
2026-07-31,0.5149105815247291,0.6974213839205948,0.7688405743589951,0.7296031255697035,UP,0.459206251139407,0.1240327697716912,0.1083995548315435,0.7675676753967652,expanding_prior_auc_min60,0.7688405743589951,UP,0.0,0.0,1.0,0.1985347533191065,0.0,-0.021390344976969,0.3120113439986979,0.0,0.0398638651915266,0.1134765906795913,0.459206251139407,False
2026-08-03,0.5388892016616847,0.6690608692497927,0.6674467484676201,0.6510657689196551,UP,0.3021315378393101,0.1288354600276647,0.1126254842967949,0.7585390556755403,expanding_prior_auc_min60,0.6674467484676201,UP,,,,,,,,,,,0.3021315378393101,True
2026-08-04,0.6165062614846237,0.7716351902168723,0.6675052987610609,0.6729712926852335,UP,0.3459425853704669,0.1291682385004735,0.1157539834707775,0.755077778028749,expanding_prior_auc_min60,0.6675052987610609,UP,,,,,,,,,,,0.3459425853704669,True
2026-08-05,0.5194259235991745,0.3735082122942881,0.5782874411657171,0.5461297721611166,UP,0.0922595443222331,0.1283966741767918,0.1201295954068797,0.7514737304163284,expanding_prior_auc_min60,0.5782874411657171,UP,,,,,,,,,,,0.0922595443222331,True
2026-08-06,0.6112978534710725,0.5450348940986133,0.6499506784281786,0.6319021792811379,UP,0.2638043585622758,0.1300469095993897,0.124116869518681,0.7458362208819292,expanding_prior_auc_min60,0.6499506784281786,UP,,,,,,,,,,,0.2638043585622758,True
2026-08-07,0.5830419682895597,0.293040935285145,0.5893033955501612,0.5502264326286148,UP,0.1004528652572296,0.1309811875651211,0.1291315602688179,0.739887252166061,expanding_prior_auc_min60,0.5893033955501612,UP,,,,,,,,,,,0.1004528652572296,True
2026-08-10,0.5304221026836904,0.1882690823262834,0.5807206340497483,0.5262633396969449,UP,0.0525266793938898,0.129451331689173,0.1221707043198088,0.7483779639910182,expanding_prior_auc_min60,0.5807206340497483,UP,,,,,,,,,,,0.0525266793938898,True
2026-08-11,0.4570712630752015,0.2175447686155665,0.6633848745935467,0.5801742443165423,UP,0.1603484886330846,0.1306822464687417,0.1261642981250455,0.7431534554062127,expanding_prior_auc_min60,0.6633848745935467,UP,,,,,,,,,,,0.1603484886330846,True
2026-08-12,0.5846745708382802,0.2493283622864084,0.6483877090217982,0.5879945045295241,UP,0.1759890090590481,0.12939418120335,0.1306800494005248,0.7399257693961251,expanding_prior_auc_min60,0.6483877090217982,UP,,,,,,,,,,,0.1759890090590481,True
2026-08-13,0.6082825681041018,0.3160392035674161,0.6269405124577214,0.5840871488436609,UP,0.1681742976873217,0.1265170450825084,0.1302433102377633,0.7432396446797283,expanding_prior_auc_min60,0.6269405124577214,UP,,,,,,,,,,,0.1681742976873217,True
2026-08-14,0.6099129563468771,0.2545225620772598,0.560782656303395,0.5267896986434938,UP,0.0535793972869875,0.1281029165619784,0.13154404751567,0.7403530359223515,expanding_prior_auc_min60,0.560782656303395,UP,,,,,,,,,,,0.0535793972869875,True
2026-08-17,0.5916802825834512,0.2447789493621749,0.6644079305461659,0.6011563307471217,UP,0.2023126614942434,0.125117456161294,0.1290475727881426,0.7458349710505634,expanding_prior_auc_min60,0.6644079305461659,UP,,,,,,,,,,,0.2023126614942434,True
2026-08-18,0.5660378967521886,0.4850288042447893,0.6378549145812635,0.6097962485317057,UP,0.2195924970634113,0.1279057983156689,0.1234923339338248,0.7486018677505062,expanding_prior_auc_min60,0.6378549145812635,UP,,,,,,,,,,,0.2195924970634113,True
2026-08-19,0.5564143767781118,0.4557495964833268,0.5639324071554034,0.5500965654462296,UP,0.1001931308924592,0.1260115767216153,0.1191361434170698,0.7548522798613148,expanding_prior_auc_min60,0.5639324071554034,UP,,,,,,,,,,,0.1001931308924592,True
2026-08-20,0.6064163342756697,0.426095326566242,0.6583231896714369,0.6223993765454794,UP,0.2447987530909587,0.1247431897606002,0.1268098755234533,0.7484469347159465,expanding_prior_auc_min60,0.6583231896714369,UP,,,,,,,,,,,0.2447987530909587,True
2026-08-21,0.4921827089052021,0.322990996857605,0.5599277882891008,0.5203023145790767,UP,0.0406046291581534,0.1253168141566533,0.131410052439435,0.7432731334039115,expanding_prior_auc_min60,0.5599277882891008,UP,,,,,,,,,,,0.0406046291581534,True
2026-08-24,0.523109110272678,0.4757025228484955,0.5729009460530272,0.5532908353728317,UP,0.1065816707456634,0.1262303140051583,0.1370893804183386,0.7366803055765031,expanding_prior_auc_min60,0.5729009460530272,UP,,,,,,,,,,,0.1065816707456634,True
2026-08-25,0.6081536844787292,0.4954677116825757,0.5331092599123955,0.5373177310692829,UP,0.0746354621385658,0.1276992134715063,0.1427848504753438,0.7295159360531499,expanding_prior_auc_min60,0.5331092599123955,UP,,,,,,,,,,,0.0746354621385658,True
2026-08-26,0.6098323369235015,0.427555470151526,0.6432570173744984,0.6086886265598168,UP,0.2173772531196336,0.1266015778083505,0.1406423547833247,0.7327560674083247,expanding_prior_auc_min60,0.6432570173744984,UP,,,,,,,,,,,0.2173772531196336,True
2026-08-27,0.5520124919699503,0.44035221336876,0.4861255747014127,0.4881792761789978,DOWN,0.0236414476420043,0.1283866318239037,0.1399350566639158,0.7316783115121804,expanding_prior_auc_min60,0.4861255747014127,DOWN,,,,,,,,,,,0.0236414476420043,True
2026-08-28,0.552,0.323,0.6651,0.7296,UP,0.4592,0.1303986086125117,0.1387348321679475,0.7308665592195407,expanding_prior_auc_min60,0.6651,UP,,,,,,,,,,,0.4592,True
