date,prob_up_h1,prob_up_h5,prob_up_h20,ensemble_prob_up,direction,prob_magnitude,ensemble_weight_h1,ensemble_weight_h5,ensemble_weight_h20,horizon_ensemble_method,h20_prob_up,h20_direction,actual_up_h1,actual_up_h5,actual_up_h20,prob_fwd_mdd_gt5_h20,actual_fwd_mdd_gt5_h20,forward_mdd_h20,prob_fwd_gain_gt5_h20,actual_fwd_gain_gt5_h20,forward_gain_h20,tail_reward_risk_score_h20,confidence,is_live
2025-01-02,0.4593063132496738,0.3807134540083879,0.9051262459495908,0.5817153377358841,UP,0.1634306754717682,0.3333333333333333,0.3333333333333333,0.3333333333333333,expanding_prior_auc_min60,0.9051262459495908,UP,1.0,1.0,1.0,0.2877043532012595,0.0,-0.0249521096540816,0.7355927391600241,1.0,0.0835999973511085,0.4478883859587646,0.1634306754717682,False
2025-01-03,0.2899484805953565,0.316679396822699,0.8793324778092683,0.4953201184091079,DOWN,0.0093597631817841,0.3333333333333333,0.3333333333333333,0.3333333333333333,expanding_prior_auc_min60,0.8793324778092683,UP,1.0,1.0,1.0,0.3832024138945719,0.0,-0.0398993519382153,0.6992673546358589,1.0,0.0669886781945208,0.3160649407412869,0.0093597631817841,False
2025-01-06,0.6390142020754818,0.3040829766305256,0.4070582313467198,0.450051803350909,DOWN,0.099896393298182,0.3333333333333333,0.3333333333333333,0.3333333333333333,expanding_prior_auc_min60,0.4070582313467198,DOWN,1.0,0.0,0.0,0.6120801145221247,1.0,-0.0897869411581804,0.5190453630257829,0.0,0.0115471023685076,-0.0930347514963418,0.099896393298182,False
2025-01-07,0.6957941259670807,0.3376971396283786,0.4680572718408038,0.500516179145421,UP,0.001032358290842,0.3333333333333333,0.3333333333333333,0.3333333333333333,expanding_prior_auc_min60,0.4680572718408038,DOWN,0.0,0.0,0.0,0.5702372773558557,1.0,-0.1001772861485317,0.5214453041582167,0.0,-0.0123990465346615,-0.048791973197639,0.001032358290842,False
2025-01-08,0.5749372324703845,0.4093751832646917,0.5064452948997951,0.4969192368782904,DOWN,0.0061615262434191,0.3333333333333333,0.3333333333333333,0.3333333333333333,expanding_prior_auc_min60,0.5064452948997951,UP,0.0,0.0,0.0,0.4900086225699603,1.0,-0.0797101063679279,0.543818702369884,0.0,0.0100647187770099,0.0538100797999236,0.0061615262434191,False
2025-01-09,0.4195287233514691,0.4259914068604889,0.5239493903506566,0.4564898401875382,DOWN,0.0870203196249236,0.3333333333333333,0.3333333333333333,0.3333333333333333,expanding_prior_auc_min60,0.5239493903506566,UP,0.0,0.0,1.0,0.4951814319533336,1.0,-0.0534158284321569,0.6187339789764179,0.0,0.0389240191261857,0.1235525470230843,0.0870203196249236,False
2025-01-10,0.4695565210168934,0.4066232882007051,0.7378328732052486,0.5380042274742823,UP,0.0760084549485646,0.3333333333333333,0.3333333333333333,0.3333333333333333,expanding_prior_auc_min60,0.7378328732052486,UP,0.0,0.0,1.0,0.5517622119016429,0.0,-0.0486893181038534,0.628147817708139,0.0,0.0441116033413213,0.0763856058064961,0.0760084549485646,False
2025-01-13,0.6367546114458129,0.4387608221281019,0.9312244133254336,0.6689132822997828,UP,0.3378265645995655,0.3333333333333333,0.3333333333333333,0.3333333333333333,expanding_prior_auc_min60,0.9312244133254336,UP,1.0,1.0,1.0,0.287717326252642,0.0,-0.0017465401317596,0.7069912658593562,1.0,0.0956336771564132,0.4192739396067141,0.3378265645995655,False
2025-01-14,0.5980368944319392,0.5010105563188795,0.9152535832454176,0.6714336779987453,UP,0.3428673559974906,0.3333333333333333,0.3333333333333333,0.3333333333333333,expanding_prior_auc_min60,0.9152535832454176,UP,0.0,1.0,1.0,0.2782862089849139,0.0,-0.0169850558286238,0.6774536988757289,1.0,0.0789086352120911,0.3991674898908149,0.3428673559974906,False
2025-01-15,0.2134681073380265,0.3840949643897869,0.5250306456490322,0.3741979057922819,DOWN,0.2516041884154362,0.3333333333333333,0.3333333333333333,0.3333333333333333,expanding_prior_auc_min60,0.5250306456490322,UP,1.0,1.0,1.0,0.2488108463378896,0.0,0.0039370725533902,0.6942674829897652,1.0,0.097550593314273,0.4454566366518755,0.2516041884154362,False
2025-01-16,0.5352852712791982,0.593216145697029,0.9002717945352977,0.6762577371705083,UP,0.3525154743410166,0.3333333333333333,0.3333333333333333,0.3333333333333333,expanding_prior_auc_min60,0.9002717945352977,UP,1.0,0.0,1.0,0.290917882744386,0.0,-0.0351057064801029,0.6784467824732618,1.0,0.0548672155764025,0.3875288997288758,0.3525154743410166,False
2025-01-17,0.5907717792916558,0.4756285308798162,0.8950011018011851,0.6538004706575523,UP,0.3076009413151046,0.3333333333333333,0.3333333333333333,0.3333333333333333,expanding_prior_auc_min60,0.8950011018011851,UP,1.0,0.0,1.0,0.3281644366399868,0.0,-0.0411533625203639,0.6757295870165375,0.0,0.0482556373643663,0.3475651503765507,0.3076009413151046,False
2025-01-20,0.4663271165637213,0.2742395581977996,0.7652902405626835,0.5019523051080681,UP,0.0039046102161361,0.3333333333333333,0.3333333333333333,0.3333333333333333,expanding_prior_auc_min60,0.7652902405626835,UP,1.0,0.0,0.0,0.53229030614344,1.0,-0.0600041437462302,0.6023044469545136,0.0,0.0276470885971957,0.0700141408110736,0.0039046102161361,False
2025-01-21,0.5544774272658666,0.2985714877763378,0.6813735681868315,0.5114741610763452,UP,0.0229483221526904,0.3333333333333333,0.3333333333333333,0.3333333333333333,expanding_prior_auc_min60,0.6813735681868315,UP,1.0,0.0,0.0,0.5492501230590454,1.0,-0.0619246615772363,0.5860607008482649,0.0,0.0255474893867291,0.0368105777892194,0.0229483221526904,False
2025-01-22,0.624103311098104,0.3635351418167299,0.7311561089089833,0.5729315206079391,UP,0.1458630412158781,0.3333333333333333,0.3333333333333333,0.3333333333333333,expanding_prior_auc_min60,0.7311561089089833,UP,0.0,0.0,0.0,0.4634744309019478,1.0,-0.0854921467400234,0.5567598757154009,0.0,-0.0017939485406952,0.093285444813453,0.1458630412158781,False
2025-02-03,0.3648695368057264,0.3347062500608925,0.6788930925165626,0.4594896264610605,DOWN,0.0810207470778789,0.3333333333333333,0.3333333333333333,0.3333333333333333,expanding_prior_auc_min60,0.6788930925165626,UP,1.0,1.0,0.0,0.2930947729504933,0.0,-0.0111111558052086,0.6895679359074304,1.0,0.0912851751181782,0.396473162956937,0.0810207470778789,False
2025-02-04,0.4553477998320829,0.436001640447927,0.9164136847560695,0.6025877083453599,UP,0.2051754166907198,0.3333333333333333,0.3333333333333333,0.3333333333333333,expanding_prior_auc_min60,0.9164136847560695,UP,1.0,1.0,1.0,0.3252966109378691,0.0,-0.0160414031554487,0.665932938190421,1.0,0.0858444161546532,0.3406363272525519,0.2051754166907198,False
2025-02-05,0.4286876109780297,0.3826564213835453,0.8589155724076039,0.5567532015897263,UP,0.1135064031794526,0.3333333333333333,0.3333333333333333,0.3333333333333333,expanding_prior_auc_min60,0.8589155724076039,UP,1.0,1.0,0.0,0.4999932320891944,1.0,-0.0529936675775435,0.6183208911857367,0.0,0.0450658609230851,0.1183276590965423,0.1135064031794526,False
2025-02-06,0.5697300003532456,0.4645250955987544,0.7744738503736519,0.6029096487752172,UP,0.2058192975504345,0.3333333333333333,0.3333333333333333,0.3333333333333333,expanding_prior_auc_min60,0.7744738503736519,UP,1.0,1.0,0.0,0.5283334060643581,1.0,-0.0643424476439322,0.6639394634164414,0.0,0.0396429791671366,0.1356060573520833,0.2058192975504345,False
2025-02-07,0.4205597820932943,0.3240777244961732,0.7406921582664555,0.4951098882853076,DOWN,0.0097802234293846,0.3333333333333333,0.3333333333333333,0.3333333333333333,expanding_prior_auc_min60,0.7406921582664555,UP,0.0,0.0,0.0,0.5883530702170131,1.0,-0.0863622963910484,0.5888978982896353,0.0,0.0226621257600838,0.0005448280726222,0.0097802234293846,False
2025-02-10,0.3905778442430515,0.3351393776395859,0.8301277667176158,0.5186149962000843,UP,0.0372299924001686,0.3333333333333333,0.3333333333333333,0.3333333333333333,expanding_prior_auc_min60,0.8301277667176158,UP,1.0,1.0,0.0,0.5372153937345483,1.0,-0.1050664556035582,0.5945146762807707,0.0,0.0400751546378816,0.0572992825462224,0.0372299924001686,False
2025-02-11,0.6918024506871825,0.6037996780868594,0.8538891460903734,0.7164970916214717,UP,0.4329941832429433,0.3333333333333333,0.3333333333333333,0.3333333333333333,expanding_prior_auc_min60,0.8538891460903734,UP,0.0,1.0,0.0,0.3772457450127067,1.0,-0.1122557299075321,0.6584067147111065,0.0,0.0317199134803021,0.2811609696983997,0.4329941832429433,False
2025-02-12,0.6115545322540832,0.67136057647169,0.901939723309274,0.7282849440116823,UP,0.4565698880233646,0.3333333333333333,0.3333333333333333,0.3333333333333333,expanding_prior_auc_min60,0.901939723309274,UP,1.0,1.0,0.0,0.345680340746911,1.0,-0.116639067598486,0.6682433037528073,0.0,0.0340627595533835,0.3225629630058962,0.4565698880233646,False
2025-02-13,0.5040738327117373,0.6274930021197652,0.9075358204459836,0.6797008850924953,UP,0.3594017701849905,0.3333333333333333,0.3333333333333333,0.3333333333333333,expanding_prior_auc_min60,0.9075358204459836,UP,0.0,1.0,0.0,0.4787390205772276,1.0,-0.1235913947902871,0.6430569721323713,0.0,0.0266444040834306,0.1643179515551436,0.3594017701849905,False
2025-02-14,0.8513757778415869,0.7396023603478754,0.9216584064021722,0.8375455148638781,UP,0.6750910297277561,0.3333333333333333,0.3333333333333333,0.3333333333333333,expanding_prior_auc_min60,0.9216584064021722,UP,1.0,1.0,0.0,0.2358945936113551,1.0,-0.1054398108319363,0.7424181987171061,0.0,0.0479075705851246,0.5065236051057509,0.6750910297277561,False
2025-02-17,0.5443903534164032,0.4850730596979747,0.8654222461807165,0.6316285530983647,UP,0.2632571061967295,0.3333333333333333,0.3333333333333333,0.3333333333333333,expanding_prior_auc_min60,0.8654222461807165,UP,1.0,1.0,0.0,0.354874482940348,1.0,-0.1321294899167248,0.5933102600226448,0.0,0.0166426908061041,0.2384357770822967,0.2632571061967295,False
2025-02-18,0.5796710716858005,0.4127671906592799,0.865975143707501,0.6194711353508604,UP,0.2389422707017208,0.3333333333333333,0.3333333333333333,0.3333333333333333,expanding_prior_auc_min60,0.865975143707501,UP,0.0,0.0,0.0,0.3482868095049948,1.0,-0.1398113320787886,0.6060204173336394,0.0,0.0076440111698541,0.2577336078286446,0.2389422707017208,False
2025-02-19,0.3438007794112627,0.3324487317137116,0.835751594017257,0.5040003683807437,UP,0.0080007367614873,0.3333333333333333,0.3333333333333333,0.3333333333333333,expanding_prior_auc_min60,0.835751594017257,UP,0.0,0.0,0.0,0.3309254509525544,1.0,-0.1361618041992187,0.5682768834624377,0.0,0.0119191487630208,0.2373514325098832,0.0080007367614873,False
2025-02-20,0.7014742451613003,0.6196458860858253,0.8568793167525511,0.7259998159998922,UP,0.4519996319997843,0.3333333333333333,0.3333333333333333,0.3333333333333333,expanding_prior_auc_min60,0.8568793167525511,UP,1.0,0.0,0.0,0.2399729171344144,1.0,-0.1305408423751881,0.6240630115827994,0.0,0.0185036676368706,0.384090094448385,0.4519996319997843,False
2025-02-21,0.5720446438707032,0.4573064027937127,0.8963126724707975,0.6418879063784044,UP,0.2837758127568088,0.3333333333333333,0.3333333333333333,0.3333333333333333,expanding_prior_auc_min60,0.8963126724707975,UP,0.0,0.0,0.0,0.2930437180465389,1.0,-0.1463367435464138,0.5422082253390649,0.0,-0.0139747697176295,0.2491645072925259,0.2837758127568088,False
2025-02-24,0.5184550669777832,0.4760595954854198,0.8879933006379622,0.627502654367055,UP,0.25500530873411,0.3333333333333333,0.3333333333333333,0.3333333333333333,expanding_prior_auc_min60,0.8879933006379622,UP,0.0,0.0,0.0,0.3279634897979619,1.0,-0.1342379178176601,0.5944531625346156,0.0,-0.0153880124714258,0.2664896727366536,0.25500530873411,False
2025-02-25,0.6477740533552142,0.7239087404712029,0.9144534375637506,0.7620454104633891,UP,0.5240908209267783,0.3333333333333333,0.3333333333333333,0.3333333333333333,expanding_prior_auc_min60,0.9144534375637506,UP,1.0,0.0,0.0,0.3045313354346454,1.0,-0.1128636147021793,0.6714987081409369,0.0,0.0089205077394873,0.3669673727062915,0.5240908209267783,False
2025-02-26,0.439149726981686,0.6029703575788716,0.8929014084987128,0.6450071643530901,UP,0.2900143287061802,0.3333333333333333,0.3333333333333333,0.3333333333333333,expanding_prior_auc_min60,0.8929014084987128,UP,0.0,0.0,0.0,0.2914834868401306,1.0,-0.1227639312477322,0.6491575086352376,0.0,-0.0193290359211141,0.3576740217951069,0.2900143287061802,False
2025-02-27,0.6042241660131116,0.5707275550555169,0.8958664615209092,0.6902727275298459,UP,0.3805454550596918,0.3333333333333333,0.3333333333333333,0.3333333333333333,expanding_prior_auc_min60,0.8958664615209092,UP,0.0,0.0,0.0,0.3037757702138632,1.0,-0.1356683042476034,0.678910006099807,0.0,-0.0245335340406777,0.3751342358859438,0.3805454550596918,False
2025-03-03,0.2793672634704684,0.5207371616819316,0.5392344121531678,0.4464462791018559,DOWN,0.1071074417962881,0.3333333333333333,0.3333333333333333,0.3333333333333333,expanding_prior_auc_min60,0.5392344121531678,UP,0.0,0.0,0.0,0.3568096749630471,1.0,-0.167574845174401,0.6650639757724547,0.0,0.0137282904005933,0.3082543008094075,0.1071074417962881,False
2025-03-04,0.7170276410363722,0.8488852414222376,0.6189517591461058,0.7282882138682385,UP,0.456576427736477,0.3333333333333333,0.3333333333333333,0.3333333333333333,expanding_prior_auc_min60,0.6189517591461058,UP,1.0,0.0,0.0,0.4609452319703915,1.0,-0.1584048687734214,0.6505071233889719,0.0,0.0248954979820683,0.1895618914185803,0.456576427736477,False
2025-03-05,0.1710788187020046,0.680742115685015,0.7716856170300631,0.5411688504723609,UP,0.0823377009447217,0.3333333333333333,0.3333333333333333,0.3333333333333333,expanding_prior_auc_min60,0.7716856170300631,UP,0.0,0.0,0.0,0.5688838301589276,1.0,-0.1788478602124728,0.5875904529602585,0.0,-0.0126826678414487,0.0187066228013308,0.0823377009447217,False
2025-03-06,0.1572296720010725,0.692927983905457,0.5555344199621625,0.4685640252895639,DOWN,0.0628719494208721,0.3333333333333333,0.3333333333333333,0.3333333333333333,expanding_prior_auc_min60,0.5555344199621625,UP,0.0,0.0,0.0,0.5393484586569437,1.0,-0.3021993006025102,0.587842605272299,0.0,-0.0185071644983736,0.0484941466153553,0.0628719494208721,False
2025-03-07,0.6772639270910632,0.8464346480359758,0.4604032299486141,0.661367268358551,UP,0.3227345367171019,0.3333333333333333,0.3333333333333333,0.3333333333333333,expanding_prior_auc_min60,0.4604032299486141,DOWN,0.0,0.0,0.0,0.4670823344172325,1.0,-0.368677787010549,0.6500001112757363,0.0,-0.0073203040491074,0.1829177768585037,0.3227345367171019,False
2025-03-10,0.8605670724160144,0.8808751466400837,0.5009798892615871,0.7474740361058949,UP,0.4949480722117898,0.3333333333333333,0.3333333333333333,0.3333333333333333,expanding_prior_auc_min60,0.5009798892615871,UP,0.0,0.0,0.0,0.3911606027016635,1.0,-0.4348598479627249,0.650090890408292,0.0,-0.0069269135232908,0.2589302877066285,0.4949480722117898,False
2025-03-11,0.8213009570508256,0.8049798738550091,0.6017747383326582,0.7426851897461643,UP,0.4853703794923285,0.3333333333333333,0.3333333333333333,0.3333333333333333,expanding_prior_auc_min60,0.6017747383326582,UP,1.0,1.0,0.0,0.4857583851609754,1.0,-0.4132245425445763,0.663219051095474,0.0,0.0310909824818226,0.1774606659344985,0.4853703794923285,False
2025-03-12,0.8243870310500672,0.8074234536430986,0.5231423813581496,0.7183176220171051,UP,0.4366352440342103,0.3333333333333333,0.3333333333333333,0.3333333333333333,expanding_prior_auc_min60,0.5231423813581496,UP,0.0,0.0,0.0,0.4973187456945465,1.0,-0.4195543451912078,0.6295616415519604,0.0,0.0199681545807814,0.1322428958574139,0.4366352440342103,False
2025-03-13,0.7191634452111829,0.8427080162177668,0.3091264668626756,0.6236659760972084,UP,0.2473319521944168,0.3333333333333333,0.3333333333333333,0.3333333333333333,expanding_prior_auc_min60,0.3091264668626756,DOWN,0.0,1.0,0.0,0.4441765889887727,1.0,-0.4089738249016759,0.6566251745035145,0.0,0.0385604097984957,0.2124485855147417,0.2473319521944168,False
2025-03-14,0.6233312540106904,0.8574804114224676,0.2342288392184988,0.5716801682172189,UP,0.1433603364344378,0.3333333333333333,0.3333333333333333,0.3333333333333333,expanding_prior_auc_min60,0.2342288392184988,DOWN,1.0,1.0,0.0,0.4934589988961407,1.0,-0.4085590147444862,0.6499506770725397,0.0,0.0392893206741737,0.156491678176399,0.1433603364344378,False
2025-03-17,0.8669989901489976,0.5499897300200286,0.1887574667479945,0.5352487289723402,UP,0.0704974579446804,0.3333333333333333,0.3333333333333333,0.3333333333333333,expanding_prior_auc_min60,0.1887574667479945,DOWN,1.0,0.0,0.0,0.4857633494538195,1.0,-0.4180851665741695,0.6489361080528497,0.0,0.0225498181531684,0.1631727585990302,0.0704974579446804,False
2025-03-18,0.6409898257345403,0.1525216158686845,0.2448869607661244,0.346132800789783,DOWN,0.3077343984204339,0.3333333333333333,0.3333333333333333,0.3333333333333333,expanding_prior_auc_min60,0.2448869607661244,DOWN,0.0,1.0,0.0,0.4476190343172121,1.0,-0.4227343622641176,0.6407903085656085,0.0,0.0143801789993986,0.1931712742483963,0.3077343984204339,False
2025-03-19,0.7840417175178453,0.7439658385604765,0.2223669372101464,0.5834581644294895,UP,0.166916328858979,0.3333333333333333,0.3333333333333333,0.3333333333333333,expanding_prior_auc_min60,0.2223669372101464,DOWN,1.0,1.0,0.0,0.4556893876144406,1.0,-0.4115864121095662,0.6675869855921652,0.0,0.0339695308229419,0.2118975979777245,0.166916328858979,False
2025-03-20,0.8646471690472624,0.2391203470555268,0.1590885610192463,0.4209520257073451,DOWN,0.1580959485853097,0.3333333333333333,0.3333333333333333,0.3333333333333333,expanding_prior_auc_min60,0.1590885610192463,DOWN,0.0,0.0,0.0,0.5064911710631662,1.0,-0.4309178652275061,0.6051250910982825,0.0,-0.0067505031340002,0.0986339200351162,0.1580959485853097,False
2025-03-21,0.7309939414533715,0.5010890916448744,0.1644117206144968,0.4654982512375809,DOWN,0.0690034975248382,0.3333333333333333,0.3333333333333333,0.3333333333333333,expanding_prior_auc_min60,0.1644117206144968,DOWN,0.0,0.0,0.0,0.4183707195757026,1.0,-0.4204854612024693,0.6096774915944934,0.0,0.011457729765655,0.1913067720187907,0.0690034975248382,False
2025-03-24,0.8382691891063224,0.4269563248157457,0.1419876972879129,0.469071070403327,DOWN,0.0618578591933459,0.3333333333333333,0.3333333333333333,0.3333333333333333,expanding_prior_auc_min60,0.1419876972879129,DOWN,1.0,0.0,0.0,0.5480018202613803,1.0,-0.4168778859527121,0.573743146323403,0.0,0.0177542238616434,0.0257413260620226,0.0618578591933459,False
2025-03-25,0.7391506908255342,0.274393615611283,0.1222687859345225,0.3786043641237798,DOWN,0.2427912717524403,0.3333333333333333,0.3333333333333333,0.3333333333333333,expanding_prior_auc_min60,0.1222687859345225,DOWN,1.0,0.0,0.0,0.5816415747528352,1.0,-0.4258792330337622,0.5592638650327838,0.0,0.002043691210775,-0.0223777097200513,0.2427912717524403,False
2025-03-26,0.4590535285147519,0.1827153883110886,0.1643210717714567,0.2686966628657657,DOWN,0.4626066742684684,0.3333333333333333,0.3333333333333333,0.3333333333333333,expanding_prior_auc_min60,0.1643210717714567,DOWN,0.0,0.0,0.0,0.5893533206184385,1.0,-0.4270501655745924,0.5424308102247585,0.0,-0.033530352236488,-0.04692251039368,0.4626066742684684,False
2025-03-27,0.8016452940847473,0.7438742209451286,0.171513921251005,0.5723444787602936,UP,0.1446889575205872,0.3333333333333333,0.3333333333333333,0.3333333333333333,expanding_prior_auc_min60,0.171513921251005,DOWN,0.0,0.0,0.0,0.5801147396757544,1.0,-0.4071724489731682,0.57336324550774,0.0,-0.0337549634010648,-0.0067514941680144,0.1446889575205872,False
2025-03-28,0.8451846163952567,0.7827276645499021,0.2066424663794012,0.6115182491081866,UP,0.2230364982163732,0.3333333333333333,0.3333333333333333,0.3333333333333333,expanding_prior_auc_min60,0.2066424663794012,DOWN,0.0,0.0,0.0,0.64031483197368,1.0,-0.3864625135736659,0.6029698046838614,0.0,-0.0281409948989381,-0.0373450272898185,0.2230364982163732,False
2025-03-31,0.8689412195754312,0.6914458388726179,0.6275225064688662,0.7293031883056383,UP,0.4586063766112767,0.3333333333333333,0.3333333333333333,0.3333333333333333,expanding_prior_auc_min60,0.6275225064688662,UP,1.0,0.0,0.0,0.5804736799485768,1.0,-0.337957958809027,0.6550698117853431,0.0,0.0486914552436039,0.0745961318367662,0.4586063766112767,False
2025-04-01,0.906425266216994,0.814168143141921,0.5196911727103071,0.7467615273564072,UP,0.4935230547128144,0.3333333333333333,0.3333333333333333,0.3333333333333333,expanding_prior_auc_min60,0.5196911727103071,UP,1.0,0.0,0.0,0.5096190189615117,1.0,-0.3647324251444019,0.6719738592228118,0.0,0.0062800186313543,0.1623548402613001,0.4935230547128144,False
2025-04-02,0.5862067743600923,0.7028885674613115,0.1449894173186021,0.4780282530466686,DOWN,0.0439434939066627,0.3333333333333333,0.3333333333333333,0.3333333333333333,expanding_prior_auc_min60,0.1449894173186021,DOWN,0.0,0.0,0.0,0.5685612152987692,1.0,-0.3686970196231978,0.6607098796403035,0.0,-0.1020973177122041,0.0921486643415342,0.0439434939066627,False
2025-04-07,0.8631101541104791,0.8532059846544291,0.9234823703816168,0.8799328363821749,UP,0.7598656727643498,0.3333333333333333,0.3333333333333333,0.3333333333333333,expanding_prior_auc_min60,0.9234823703816168,UP,0.0,0.0,1.0,0.2494821952775863,1.0,-0.2109199989211725,0.959928930453558,1.0,0.1223090521217682,0.7104467351759716,0.7598656727643498,False
2025-04-08,0.8888995530612085,0.8540757682759942,0.953606658192514,0.8988606598432388,UP,0.7977213196864776,0.3333333333333333,0.3333333333333333,0.3333333333333333,expanding_prior_auc_min60,0.953606658192514,UP,0.0,1.0,1.0,0.3314074258088038,1.0,-0.1113837866760163,0.9233820965675706,1.0,0.2638794782685749,0.5919746707587669,0.7977213196864776,False
2025-04-09,0.9025687242926862,0.8170112598438077,0.9568415577657658,0.8921405139674199,UP,0.7842810279348398,0.3333333333333333,0.3333333333333333,0.3333333333333333,expanding_prior_auc_min60,0.9568415577657658,UP,1.0,1.0,1.0,0.2249381257955998,0.0,0.1759581969697183,0.9230085520277304,1.0,0.4223007180353717,0.6980704262321306,0.7842810279348398,False
2025-04-10,0.8419632964035624,0.8610805553739918,0.9498544808894314,0.8842994442223284,UP,0.7685988884446568,0.3333333333333333,0.3333333333333333,0.3333333333333333,expanding_prior_auc_min60,0.9498544808894314,UP,1.0,1.0,1.0,0.2584869095829901,0.0,-0.0197753832133987,0.7610609639831505,1.0,0.2027032792844825,0.5025740544001605,0.7685988884446568,False
2025-04-11,0.8486049756777188,0.7708202766331744,0.9524454532473288,0.8486049756777188,UP,0.6972099513554375,1.0,0.0,0.0,expanding_prior_auc_min60,0.9524454532473288,UP,0.0,0.0,1.0,0.2567514826984707,1.0,-0.0712052603338024,0.90744950490552,1.0,0.1642731228779583,0.6506980222070493,0.6972099513554375,False
2025-04-14,0.624364216982608,0.6513260749656167,0.9540006833489372,0.624364216982608,UP,0.248728433965216,1.0,0.0,0.0,expanding_prior_auc_min60,0.9540006833489372,UP,1.0,0.0,1.0,0.2758525467403526,1.0,-0.0691702670103103,0.7916002295269493,1.0,0.1940531814184443,0.5157476827865968,0.248728433965216,False
2025-04-15,0.5487113550547729,0.5445729783772922,0.9437751071590263,0.5487113550547729,UP,0.0974227101095457,1.0,0.0,0.0,expanding_prior_auc_min60,0.9437751071590263,UP,0.0,0.0,1.0,0.3296313499962695,1.0,-0.0987880071004231,0.7890717868995777,1.0,0.2042427062988281,0.4594404369033082,0.0974227101095457,False
2025-04-16,0.5896301070737129,0.8179498490815804,0.9544804242250224,0.5896301070737129,UP,0.1792602141474257,1.0,0.0,0.0,expanding_prior_auc_min60,0.9544804242250224,UP,0.0,1.0,1.0,0.3019487297094721,1.0,-0.0594556830721797,0.7672087284957698,1.0,0.2568004448841736,0.4652599987862977,0.1792602141474257,False
2025-04-17,0.8409750666778922,0.7796675865175339,0.9579227729945484,0.8145934469531405,UP,0.629186893906281,0.5696835091615761,0.4303164908384239,0.0,expanding_prior_auc_min60,0.9579227729945484,UP,1.0,1.0,1.0,0.3038690441976298,1.0,-0.0546727473295952,0.94847465487461,1.0,0.2724097288917364,0.6446056106769801,0.629186893906281,False
2025-04-18,0.7846261438252469,0.8350125745650554,0.9644558401629566,0.8118840613452354,UP,0.6237681226904708,0.4590226551123206,0.5409773448876793,0.0,expanding_prior_auc_min60,0.9644558401629566,UP,0.0,1.0,1.0,0.348946710502017,1.0,-0.0582644922948218,0.9640084580310208,1.0,0.267575243030314,0.6150617475290038,0.6237681226904708,False
2025-04-21,0.8290361706583935,0.812021880548464,0.9667928413273148,0.8213345781972505,UP,0.6426691563945011,0.5473456481943753,0.4526543518056248,0.0,expanding_prior_auc_min60,0.9667928413273148,UP,0.0,1.0,1.0,0.3301197643596282,0.0,-0.0258768530798756,0.963045405963361,1.0,0.3111689796083301,0.6329256416037328,0.6426691563945011,False
2025-04-22,0.8392719588666959,0.8444245850936238,0.9672613378970136,0.8416949788774394,UP,0.6833899577548788,0.5297504798464492,0.4702495201535508,0.0,expanding_prior_auc_min60,0.9672613378970136,UP,1.0,1.0,1.0,0.3148623407935495,0.0,0.0665770524801021,0.8815011549121546,1.0,0.3459992032361003,0.5666388141186052,0.6833899577548788,False
2025-04-23,0.8786921325553032,0.7937063565430558,0.9636154305358036,0.8350889790668343,UP,0.6701779581336686,0.4869358669833734,0.5130641330166267,0.0,expanding_prior_auc_min60,0.9636154305358036,UP,0.0,1.0,1.0,0.3490552712803812,0.0,-0.0155187792727141,0.943395889834419,1.0,0.2423958828089927,0.5943406185540379,0.6701779581336686,False
2025-04-24,0.74995855441789,0.7216168660021292,0.9710152423880682,0.734593238750417,UP,0.4691864775008341,0.4578546118329216,0.5421453881670784,0.0,expanding_prior_auc_min60,0.9710152423880682,UP,1.0,1.0,1.0,0.3051556750219024,0.0,0.0441358891502747,0.9643807875834216,1.0,0.2619802761612582,0.659225112561519,0.4691864775008341,False
2025-04-25,0.8181118355247099,0.7246225731180949,0.965064664663224,0.7552858737167216,UP,0.5105717474334432,0.3279874052836365,0.6720125947163634,0.0,expanding_prior_auc_min60,0.965064664663224,UP,1.0,1.0,1.0,0.2306682002114478,0.0,0.0135879465056918,0.9156330625457312,1.0,0.2086360494592967,0.6849648623342834,0.5105717474334432,False
2025-04-28,0.7948713317462148,0.7518563928344795,0.9673649260405772,0.7656246863967873,UP,0.5312493727935745,0.3200816718712463,0.6799183281287536,0.0,expanding_prior_auc_min60,0.9673649260405772,UP,1.0,1.0,1.0,0.1717669581172041,0.0,0.014595890108739,0.9388274152279772,1.0,0.1924333291709181,0.767060457110773,0.5312493727935745,False
2025-04-29,0.7962404894383652,0.8318735797404491,0.96814213509601,0.8202718021401373,UP,0.6405436042802746,0.3255899923906767,0.6744100076093232,0.0,expanding_prior_auc_min60,0.96814213509601,UP,0.0,1.0,1.0,0.1616362677450277,0.0,-0.0038015895492186,0.936308907594242,1.0,0.1708111561158494,0.7746726398492144,0.6405436042802746,False
2025-04-30,0.55903550848781,0.7935422483120633,0.9674787173921022,0.7174317409926894,UP,0.4348634819853787,0.3245557350565425,0.6754442649434574,0.0,expanding_prior_auc_min60,0.9674787173921022,UP,1.0,1.0,1.0,0.181425774638049,0.0,0.0231936756896771,0.934342977075987,1.0,0.175279084802048,0.752917202437938,0.4348634819853787,False
2025-05-02,0.7264884855326519,0.8655188725700319,0.9538326612676036,0.827107894783369,UP,0.654215789566738,0.2762775721564789,0.723722427843521,0.0,expanding_prior_auc_min60,0.9538326612676036,UP,0.0,1.0,1.0,0.1581784786178286,0.0,-0.0311376115259384,0.9314407861443056,1.0,0.1128721065026121,0.773262307526477,0.654215789566738,False
2025-05-05,0.8217063208176644,0.822001468730411,0.955308541990858,0.8219315170803735,UP,0.643863034160747,0.2370054031097372,0.7629945968902627,0.0,expanding_prior_auc_min60,0.955308541990858,UP,0.0,1.0,1.0,0.167745097702603,0.0,-0.0051385400566429,0.9252919523852748,1.0,0.1427356266240989,0.7575468546826718,0.643863034160747,False
2025-05-06,0.6475731001194728,0.8695155059087079,0.9543312235497864,0.8225967779633856,UP,0.6451935559267712,0.2114004657130638,0.7885995342869361,0.0,expanding_prior_auc_min60,0.9543312235497864,UP,0.0,1.0,1.0,0.2121931398352673,0.0,-0.0028615583955294,0.8768032138037712,1.0,0.1453510541686256,0.6646100739685039,0.6451935559267712,False
2025-05-07,0.7335054075304179,0.8806570948399133,0.9452591092716628,0.8564394563865695,UP,0.712878912773139,0.1645760160561964,0.8354239839438036,0.0,expanding_prior_auc_min60,0.9452591092716628,UP,1.0,1.0,1.0,0.1128454159280785,0.0,0.0235302149474172,0.9498234484634024,1.0,0.1486379487342499,0.8369780325353238,0.712878912773139,False
2025-05-08,0.8022419085978137,0.8369894834605547,0.936637968063583,0.83175455754084,UP,0.6635091150816801,0.1506558641975306,0.8493441358024694,0.0,expanding_prior_auc_min60,0.936637968063583,UP,1.0,1.0,1.0,0.1572735471916968,0.0,0.0229880960405579,0.9494904432819672,1.0,0.1222315980122383,0.7922168960902702,0.6635091150816801,False
2025-05-09,0.890720434043508,0.8407309542509971,0.9200247758284888,0.896864336605911,UP,0.7937286732118221,0.0542303631801622,0.2720420544208683,0.6737275823989693,expanding_prior_auc_min60,0.9200247758284888,UP,1.0,1.0,1.0,0.1918562651632938,0.0,0.0068514023065697,0.9388245191973548,1.0,0.0970133497699525,0.7469682540340609,0.7937286732118221,False
2025-05-12,0.8181097861026582,0.841490024851903,0.8972748005262956,0.8769076923744009,UP,0.7538153847488018,0.0624637359712549,0.2764583240917358,0.6610779399370093,expanding_prior_auc_min60,0.8972748005262956,UP,1.0,1.0,1.0,0.1568440247236759,0.0,-0.0144852138620696,0.8220312966479197,1.0,0.1094416994651577,0.6651872719242438,0.7538153847488018,False
2025-05-13,0.705363395348853,0.7204026719427579,0.8828146973391995,0.8239510664507355,UP,0.6479021329014709,0.079989165099354,0.2750378199362172,0.6449730149644287,expanding_prior_auc_min60,0.8828146973391995,UP,1.0,1.0,1.0,0.2378453218167291,0.0,-0.0369588454254498,0.8030228119576188,1.0,0.1040637835300308,0.5651774901408897,0.6479021329014709,False
2025-05-14,0.712613650514567,0.6814184870631967,0.8723517734232701,0.8053237151998623,UP,0.6106474303997247,0.0857198691557981,0.2793401205481688,0.6349400102960331,expanding_prior_auc_min60,0.8723517734232701,UP,0.0,1.0,1.0,0.2426011798422411,1.0,-0.0754908637829904,0.8339980166495935,1.0,0.0598893411681475,0.5913968368073523,0.6106474303997247,False
2025-05-15,0.5986538818391849,0.814224626096398,0.8511949201933292,0.8190321569378022,UP,0.6380643138756044,0.08563358096829,0.2850063830216062,0.6293600360101038,expanding_prior_auc_min60,0.8511949201933292,UP,1.0,0.0,1.0,0.2427203659294625,1.0,-0.0701092988857701,0.7952010094683133,1.0,0.066058953830612,0.5524806435388507,0.6380643138756044,False
2025-05-16,0.76655567035639,0.7891600511908549,0.8093272700757644,0.8000132061126962,UP,0.6000264122253924,0.0812042443179189,0.289619930389037,0.6291758252930442,expanding_prior_auc_min60,0.8093272700757644,UP,0.0,0.0,1.0,0.2690254764690906,1.0,-0.0821885599498766,0.7248661316252416,1.0,0.0522108699669725,0.455840655156151,0.6000264122253924,False
2025-05-19,0.8086513526863239,0.8231139152564989,0.7294431213738032,0.7630172013660614,UP,0.5260344027321229,0.0755342705231899,0.2945543949930361,0.629911334483774,expanding_prior_auc_min60,0.7294431213738032,UP,1.0,0.0,1.0,0.2905406004034945,1.0,-0.0535808847683402,0.8199640106960449,1.0,0.0850077010773509,0.5294234102925504,0.5260344027321229,False
2025-05-20,0.8251249200661435,0.7055470857315251,0.3943278024509841,0.5170830300777918,UP,0.0341660601555835,0.0682756785090509,0.299924417079735,0.631799904411214,expanding_prior_auc_min60,0.3943278024509841,DOWN,1.0,0.0,1.0,0.3937331141578359,1.0,-0.0560118476005773,0.7393792353945788,1.0,0.0822207609663996,0.3456461212367429,0.0341660601555835,False
2025-05-21,0.8623408671563304,0.7162507699060484,0.2804936177350674,0.4535562366933181,DOWN,0.0928875266133637,0.0749985595987918,0.2970115641254093,0.6279898762757989,expanding_prior_auc_min60,0.2804936177350674,DOWN,0.0,0.0,1.0,0.4453816575335151,1.0,-0.0791977768513724,0.6713543031157201,1.0,0.0556396074490286,0.2259726455822049,0.0928875266133637,False
2025-05-22,0.6138113438018951,0.753701538049451,0.1811262848497647,0.3842518129099517,DOWN,0.2314963741800966,0.0828983569420068,0.2921129522539268,0.6249886908040664,expanding_prior_auc_min60,0.1811262848497647,DOWN,0.0,0.0,1.0,0.4185108689945155,1.0,-0.0598772954226676,0.6641451820900607,1.0,0.0777892775067128,0.2456343130955451,0.2314963741800966,False
2025-05-23,0.5661517548762288,0.805896941349305,0.1904907481183541,0.3926613858078607,DOWN,0.2146772283842785,0.0688859648926211,0.2864658638563577,0.6446481712510211,expanding_prior_auc_min60,0.1904907481183541,DOWN,0.0,0.0,1.0,0.3539568437507828,1.0,-0.0567390892623556,0.6611520828199111,1.0,0.0813870259003231,0.3071952390691283,0.2146772283842785,False
2025-05-26,0.5252019951386135,0.7222950057487598,0.1970678492062565,0.3668807964588242,DOWN,0.2662384070823514,0.072288502621049,0.278151309132582,0.649560188246369,expanding_prior_auc_min60,0.1970678492062565,DOWN,0.0,0.0,1.0,0.4111736873105816,1.0,-0.0511363408535969,0.6291267567653785,1.0,0.0878102110123588,0.2179530694547969,0.2662384070823514,False
2025-05-27,0.7109470043066679,0.8418682348280376,0.1737729993972935,0.3932987091060049,DOWN,0.2134025817879901,0.0787889350377183,0.2652351529160467,0.655975912046235,expanding_prior_auc_min60,0.1737729993972935,DOWN,1.0,1.0,1.0,0.3546050424097725,0.0,-0.0336665654598107,0.6149366950485532,1.0,0.1244081689053027,0.2603316526387806,0.2134025817879901,False
2025-05-28,0.5535039090655784,0.7343539456984587,0.1675997316665128,0.348739423435157,DOWN,0.3025211531296858,0.0867734411688998,0.2605246766210213,0.6527018822100789,expanding_prior_auc_min60,0.1675997316665128,DOWN,1.0,1.0,1.0,0.4086001317111931,0.0,-0.0374639541348074,0.6650175600916104,1.0,0.1199895958806547,0.2564174283804172,0.3025211531296858,False
2025-05-29,0.666016253823607,0.6355907502776671,0.170161507005043,0.3337418492818442,DOWN,0.3325163014363115,0.0877170998682428,0.2580100061732375,0.6542728939585196,expanding_prior_auc_min60,0.170161507005043,DOWN,0.0,1.0,1.0,0.3770427213123565,0.0,-0.042979940814264,0.6456968330775429,1.0,0.1135712931910608,0.2686541117651863,0.3325163014363115,False
2025-06-02,0.8550042762494989,0.8355249017456403,0.2686257187765405,0.4596894176916241,DOWN,0.0806211646167518,0.0793874070296977,0.2549176820869891,0.6656949108833132,expanding_prior_auc_min60,0.2686257187765405,DOWN,1.0,1.0,1.0,0.3873130583047854,0.0,0.0133364779838298,0.6774915783908682,1.0,0.1635819777262805,0.2901785200860827,0.0806211646167518,False
2025-06-03,0.8344281585565767,0.7735540980748836,0.4009990907103003,0.5275505146294205,UP,0.0551010292588409,0.0791980692692015,0.2475464743661169,0.6732554563646815,expanding_prior_auc_min60,0.4009990907103003,DOWN,1.0,1.0,1.0,0.3915635080367533,0.0,0.0513025875021795,0.6268504595948439,1.0,0.1686821539070861,0.2352869515580905,0.0551010292588409,False
2025-06-04,0.684481653335718,0.4555977882270483,0.471872171435258,0.4867975980556804,DOWN,0.0264048038886391,0.088743107498542,0.2422334190269562,0.6690234734745019,expanding_prior_auc_min60,0.471872171435258,DOWN,1.0,1.0,1.0,0.3141088823203406,0.0,0.0015334136330473,0.6059193943302106,1.0,0.1134400172392444,0.2918105120098699,0.0264048038886391,False
2025-06-05,0.1984802279355908,0.2677411201140851,0.4952926068712792,0.4109442034215102,DOWN,0.1781115931569795,0.0954316794121012,0.2461996643309738,0.6583686562569249,expanding_prior_auc_min60,0.4952926068712792,DOWN,1.0,1.0,1.0,0.3805559830615488,0.0,0.0035716663644427,0.5979709986850804,1.0,0.142602681393787,0.2174150156235315,0.1781115931569795,False
2025-06-06,0.2648396879281041,0.3386475694634367,0.3587467867885256,0.3448701246188765,DOWN,0.3102597507622469,0.0949572384370479,0.2467510705522781,0.658291691010674,expanding_prior_auc_min60,0.3587467867885256,DOWN,1.0,1.0,1.0,0.4033992748123738,0.0,0.0122012018059514,0.5635531093444173,1.0,0.1385362099081579,0.1601538345320434,0.3102597507622469,False
2025-06-09,0.759520232183075,0.5612102294576313,0.3867817792285751,0.4599401561883908,DOWN,0.0801196876232183,0.080896166749535,0.2465496016227345,0.6725542316277304,expanding_prior_auc_min60,0.3867817792285751,DOWN,1.0,1.0,1.0,0.4081281617284379,0.0,0.0070320043609786,0.5097831386239413,1.0,0.1248121498737619,0.1016549768955034,0.0801196876232183,False
2025-06-10,0.3908862432710267,0.4203355764250413,0.5604772217087164,0.513357012510843,UP,0.0267140250216859,0.0661291646295758,0.2562072065901392,0.677663628780285,expanding_prior_auc_min60,0.5604772217087164,UP,1.0,0.0,1.0,0.4722040144621249,0.0,-0.0304638083625877,0.4815748545964522,1.0,0.0829309131918933,0.0093708401343273,0.0267140250216859,False
2025-06-11,0.2621813887375956,0.3931094186909129,0.7355472377608583,0.6141195822893271,UP,0.2282391645786541,0.0698740641016359,0.2580078918657872,0.6721180440325768,expanding_prior_auc_min60,0.7355472377608583,UP,0.0,0.0,1.0,0.4188511424920723,0.0,-0.0479581299964583,0.4928499567141527,1.0,0.0633904959634819,0.0739988142220804,0.2282391645786541,False
2025-06-12,0.1897342487731804,0.1972200663091108,0.6764314709815901,0.5262293527819479,UP,0.0524587055638958,0.0584557658485187,0.254067115581932,0.6874771185695492,expanding_prior_auc_min60,0.6764314709815901,UP,0.0,0.0,1.0,0.507031696141474,0.0,-0.0406694914165296,0.5317223006453037,1.0,0.0715315969366776,0.0246906045038296,0.0524587055638958,False
2025-06-13,0.1633914619186412,0.1836126873032337,0.4909443256000922,0.3942338196323551,DOWN,0.2115323607352897,0.0729312391775862,0.236948171450353,0.6901205893720608,expanding_prior_auc_min60,0.4909443256000922,DOWN,1.0,0.0,1.0,0.5189122019050788,0.0,-0.0178790754213148,0.5443419431496535,1.0,0.1011503946481475,0.0254297412445746,0.2115323607352897,False
2025-06-16,0.1521760023681294,0.5329298179095864,0.5044939315728099,0.4798002360782645,DOWN,0.040399527843471,0.0882001302674362,0.2243922233086316,0.6874076464239322,expanding_prior_auc_min60,0.5044939315728099,UP,1.0,0.0,1.0,0.5560565767454777,0.0,-0.023142591310289,0.5041008516620492,1.0,0.0952489598519514,-0.0519557250834284,0.040399527843471,False
2025-06-17,0.1997576057070622,0.1675553388489847,0.7040436267157316,0.5451978603874914,UP,0.0903957207749828,0.07492942485207,0.2256524653958345,0.6994181097520953,expanding_prior_auc_min60,0.7040436267157316,UP,1.0,1.0,1.0,0.5591635708822427,0.0,-0.0290549618829396,0.4887276548075951,1.0,0.0978217313167881,-0.0704359160746475,0.0903957207749828,False
2025-06-18,0.534201061899616,0.2657251484722079,0.5110490337255623,0.4541143863050802,DOWN,0.0917712273898395,0.0602124442435892,0.2377619593208393,0.7020255964355715,expanding_prior_auc_min60,0.5110490337255623,UP,0.0,1.0,1.0,0.5304830611935174,0.0,-0.0429593244313193,0.459019195711313,1.0,0.1009542421634348,-0.0714638654822043,0.0917712273898395,False
2025-06-19,0.5917265358369672,0.5041419806977026,0.3943114066270896,0.4314714342470123,DOWN,0.1370571315059754,0.0476469389463196,0.2526964940885788,0.6996565669651015,expanding_prior_auc_min60,0.3943114066270896,DOWN,0.0,1.0,1.0,0.5881093560038748,0.0,-0.0224280046086216,0.4961450589657068,1.0,0.1421257292781581,-0.091964297038168,0.1370571315059754,False
2025-06-20,0.3084252478152817,0.2670259834884834,0.4983755723835619,0.4261719004284382,DOWN,0.1476561991431235,0.0559357224579929,0.2661714836553864,0.6778927938866206,expanding_prior_auc_min60,0.4983755723835619,DOWN,0.0,1.0,1.0,0.5649603591637605,0.0,-0.0166742622312685,0.4971967919517959,1.0,0.1714080036499869,-0.0677635672119646,0.1476561991431235,False
2025-06-23,0.2180536541089303,0.3364116642110067,0.2644966732235622,0.2819548592575636,DOWN,0.4360902814848727,0.0603068617665022,0.2817078677143063,0.6579852705191914,expanding_prior_auc_min60,0.2644966732235622,DOWN,1.0,1.0,1.0,0.5380932894934911,0.0,0.0438903203986795,0.5321790048218994,1.0,0.1912715783358154,-0.0059142846715917,0.4360902814848727,False
2025-06-24,0.5586655609566764,0.1298470256642655,0.4283090151439532,0.351924465039913,DOWN,0.2961510699201739,0.0731095451699782,0.2878586249060197,0.639031829924002,expanding_prior_auc_min60,0.4283090151439532,DOWN,1.0,1.0,1.0,0.5440566261739268,0.0,0.0138547631637642,0.4957361122153824,1.0,0.1411846197413233,-0.0483205139585444,0.2961510699201739,False
2025-06-25,0.2335210242521435,0.1972941483411576,0.606948006686979,0.4675903392173611,DOWN,0.0648193215652777,0.0618993510607869,0.2837585371652569,0.6543421117739561,expanding_prior_auc_min60,0.606948006686979,UP,0.0,1.0,1.0,0.4061870033516507,0.0,-0.0072520556308629,0.5216268152494261,1.0,0.1174269989703442,0.1154398118977753,0.0648193215652777,False
2025-06-26,0.0780605418065237,0.1074272966665758,0.5820924845155679,0.4203667262141505,DOWN,0.159266547571699,0.0582043175873339,0.2789101169052594,0.6628855655074066,expanding_prior_auc_min60,0.5820924845155679,UP,0.0,1.0,1.0,0.4391424826757089,0.0,-0.0023510967148565,0.5314305232215064,1.0,0.1267042368666564,0.0922880405457974,0.159266547571699,False
2025-06-27,0.1124569430083477,0.2088536477719918,0.5560516991880057,0.4266713600654523,DOWN,0.1466572798690953,0.0742654975491708,0.2777566102440977,0.6479778922067314,expanding_prior_auc_min60,0.5560516991880057,UP,1.0,1.0,1.0,0.5051955313376348,0.0,0.0061272572329784,0.5183449397106714,1.0,0.129359470206952,0.0131494083730365,0.1466572798690953,False
2025-06-30,0.1290828030905169,0.1304807610099573,0.5658640570919546,0.4086224183085281,DOWN,0.1827551633829437,0.0954609092450223,0.2653893802887353,0.6391497104662424,expanding_prior_auc_min60,0.5658640570919546,UP,1.0,1.0,1.0,0.5592147731352035,0.0,0.0063228444928722,0.5243199694016979,1.0,0.126931243230367,-0.0348948037335056,0.1827551633829437,False
2025-07-01,0.3420290415771202,0.166511125071887,0.6628018270578457,0.505550225190315,UP,0.01110045038063,0.0810422158255618,0.2644729470659088,0.6544848371085293,expanding_prior_auc_min60,0.6628018270578457,UP,1.0,0.0,1.0,0.4739439368754385,0.0,-0.0124112365417232,0.5080534713900003,1.0,0.1059518713055107,0.0341095345145617,0.01110045038063,False
2025-07-02,0.2540557189620843,0.3078662353816256,0.8359516158443285,0.6618999231827662,UP,0.3237998463655325,0.0656628374941683,0.2572363522486386,0.677100810257193,expanding_prior_auc_min60,0.8359516158443285,UP,1.0,1.0,1.0,0.2850168951465565,0.0,-0.0139975522048498,0.5931598289040415,1.0,0.1041754347551671,0.3081429337574849,0.3237998463655325,False
2025-07-03,0.6722163174724132,0.6315711857947579,0.887010750308385,0.8119795711401989,UP,0.6239591422803978,0.0534073919528903,0.2488242916692955,0.6977683163778141,expanding_prior_auc_min60,0.887010750308385,UP,0.0,0.0,1.0,0.144974102998064,0.0,-0.0406344106894189,0.5872735967628024,1.0,0.0948862622858917,0.4422994937647383,0.6239591422803978,False
2025-07-04,0.2523743826695375,0.7347024195320295,0.8471856368609592,0.7979917289916453,UP,0.5959834579832906,0.037667524175817,0.2381585556329974,0.7241739201911855,expanding_prior_auc_min60,0.8471856368609592,UP,0.0,1.0,1.0,0.1711591636295105,0.0,-0.0198451630292562,0.6127332412852168,1.0,0.1186122140189827,0.4415740776557062,0.5959834579832906,False
2025-07-07,0.4080159316888697,0.5441635729887884,0.859750874702689,0.7719485640964455,UP,0.543897128192891,0.0369292228512285,0.2253578957066965,0.7377128814420748,expanding_prior_auc_min60,0.859750874702689,UP,0.0,1.0,1.0,0.1783290243503635,0.0,-0.0069330342323656,0.6262610245920992,1.0,0.133348319414154,0.4479320002417357,0.543897128192891,False
2025-07-08,0.4854380269710195,0.6648788530567211,0.8835374133268289,0.815680668028929,UP,0.631361336057858,0.0581497445721582,0.204462005108557,0.7373882503192847,expanding_prior_auc_min60,0.8835374133268289,UP,1.0,1.0,1.0,0.1605119929252471,0.0,0.0188502308379863,0.6422097948915947,1.0,0.1412607190473638,0.4816978019663476,0.631361336057858,False
2025-07-09,0.8078451355755072,0.5886108410210464,0.8607022187364404,0.7967670015199116,UP,0.5935340030398233,0.0699902114587357,0.2213805497798952,0.7086292387613691,expanding_prior_auc_min60,0.8607022187364404,UP,1.0,1.0,1.0,0.309194251018501,0.0,0.0084512798453342,0.5880081424142309,1.0,0.120145713770607,0.2788138913957299,0.5935340030398233,False
2025-07-10,0.7844365108634821,0.6675647044018892,0.842929947920029,0.8026286360151074,UP,0.6052572720302147,0.0604784975262857,0.2096408386237065,0.7298806638500077,expanding_prior_auc_min60,0.842929947920029,UP,1.0,1.0,1.0,0.2545941448509335,0.0,-0.0040605228710036,0.5838334046354366,1.0,0.142341502875269,0.3292392597845031,0.6052572720302147,False
2025-07-11,0.6278107993325855,0.6162656469635549,0.8217028586948949,0.7645309081543159,UP,0.5290618163086318,0.0747183262092496,0.2077747261074763,0.7175069476832739,expanding_prior_auc_min60,0.8217028586948949,UP,0.0,1.0,1.0,0.2606580903159422,0.0,-0.0180158957857072,0.5698450651863687,1.0,0.1263347052388073,0.3091869748704264,0.5290618163086318,False
2025-07-14,0.8238064811417827,0.7553699475948299,0.854235099080075,0.8301451180117876,UP,0.6602902360235752,0.0861732198265459,0.2171427319248776,0.6966840482485764,expanding_prior_auc_min60,0.854235099080075,UP,1.0,1.0,1.0,0.2445985396899337,0.0,0.0269541261488612,0.6271770024425966,1.0,0.1630800761792086,0.3825784627526628,0.6602902360235752,False
2025-07-15,0.6255113568458732,0.5963729838567958,0.7872626638516339,0.7315548563316865,UP,0.463109712663373,0.0877331525026736,0.2174913564527268,0.6947754910445995,expanding_prior_auc_min60,0.7872626638516339,UP,1.0,1.0,1.0,0.1927555930421611,0.0,0.0174233399326837,0.5761796031669185,1.0,0.1349791728057408,0.3834240101247573,0.463109712663373,False
2025-07-16,0.7297951916954298,0.7306636080170816,0.8525554060947121,0.8135656686569053,UP,0.6271313373138105,0.1016694240105926,0.217477939996685,0.6808526359927224,expanding_prior_auc_min60,0.8525554060947121,UP,1.0,1.0,1.0,0.1856836500424974,0.0,0.0099722878299775,0.5750167747277894,1.0,0.128333499342558,0.3893331246852919,0.6271313373138105,False
2025-07-17,0.5514649228512716,0.5972225394978214,0.88261470488622,0.7855136070224081,UP,0.5710272140448163,0.1042081455655343,0.2193213436267073,0.6764705108077583,expanding_prior_auc_min60,0.88261470488622,UP,1.0,1.0,1.0,0.1931784896790646,0.0,-0.0055495078618326,0.5661091731081432,1.0,0.1109926650839761,0.3729306834290786,0.5710272140448163,False
2025-07-18,0.6842182461921135,0.588009041023072,0.905956874566818,0.8092760176860745,UP,0.618552035372149,0.1150090036658432,0.2238698007902754,0.6611211955438813,expanding_prior_auc_min60,0.905956874566818,UP,0.0,0.0,1.0,0.0930184114625738,0.0,-0.0247015139665928,0.5456009709437305,1.0,0.0895961868558012,0.4525825594811566,0.618552035372149,False
2025-07-21,0.6384212083430288,0.7781176220003403,0.9031678088565944,0.8454412187059646,UP,0.6908824374119291,0.1095459060773983,0.2297052458584448,0.6607488480641568,expanding_prior_auc_min60,0.9031678088565944,UP,0.0,1.0,1.0,0.1248704207421404,0.0,-0.0187444393941577,0.6010203701111814,1.0,0.1072032221752741,0.476149949369041,0.6908824374119291,False
2025-07-22,0.6741087165579163,0.6774902929953218,0.8623476702689116,0.7968583579213816,UP,0.5937167158427632,0.1078204504077948,0.2444766026688358,0.6477029469233694,expanding_prior_auc_min60,0.8623476702689116,UP,1.0,1.0,1.0,0.1017404589890554,0.0,0.0113754001848509,0.6390348558815877,1.0,0.1283535774224502,0.5372943968925322,0.5937167158427632,False
2025-07-23,0.8036900573311578,0.7971598377424426,0.8306298600921515,0.8193724783964778,UP,0.6387449567929555,0.1086970636535228,0.2488526644267723,0.6424502719197048,expanding_prior_auc_min60,0.8306298600921515,UP,1.0,1.0,1.0,0.0914208912200638,0.0,-0.0052777623988218,0.5650907210969919,1.0,0.109774268915193,0.473669829876928,0.6387449567929555,False
2025-07-24,0.6113027532892807,0.6141301851763247,0.8317079050200716,0.7508803344230297,UP,0.5017606688460594,0.1130099617047777,0.2570097383158906,0.6299802999793317,expanding_prior_auc_min60,0.8317079050200716,UP,0.0,1.0,1.0,0.1387467554940114,0.0,-0.0168995336939662,0.5608187515987775,1.0,0.096808294842198,0.4220719961047661,0.5017606688460594,False
2025-07-25,0.6097961443111447,0.8362000807489203,0.8648451199403244,0.8251090620340826,UP,0.6502181240681653,0.1271730642897764,0.2548678004148524,0.617959135295371,expanding_prior_auc_min60,0.8648451199403244,UP,1.0,1.0,1.0,0.1335880618837528,0.0,-0.0109149699005964,0.5994042322171687,1.0,0.1034850480678821,0.4658161703334158,0.6502181240681653,False
2025-07-28,0.5173866451417962,0.5819762921582028,0.8722632149911217,0.7507149199332395,UP,0.5014298398664789,0.1306087597844279,0.2590482053392119,0.6103430348763601,expanding_prior_auc_min60,0.8722632149911217,UP,0.0,0.0,1.0,0.211042848456972,0.0,-0.020781148286848,0.5685170118352189,1.0,0.092477723116553,0.3574741633782468,0.5014298398664789,False
2025-07-29,0.6707697458774959,0.7441255989372062,0.8764792270969491,0.8142409375431456,UP,0.6284818750862913,0.1282377240956582,0.2709300406487023,0.6008322352556394,expanding_prior_auc_min60,0.8764792270969491,UP,1.0,1.0,1.0,0.1299114482909534,0.0,0.0137948108051306,0.653667150799661,1.0,0.115662470350988,0.5237557025087075,0.6284818750862913,False
2025-07-30,0.6420595303027541,0.6344538467180701,0.7671951611421344,0.7138832775691801,UP,0.4277665551383602,0.1383298648651861,0.2712184132372605,0.5904517218975535,expanding_prior_auc_min60,0.7671951611421344,UP,1.0,1.0,1.0,0.2705397231603316,0.0,-0.0052063212324667,0.5582108318891384,1.0,0.0991245812900474,0.2876711087288068,0.4277665551383602,False
2025-07-31,0.5708951810726921,0.3176967057453845,0.5776498288811116,0.5043426351849591,UP,0.0086852703699182,0.1395166884627531,0.2783763731294214,0.5821069384078255,expanding_prior_auc_min60,0.5776498288811116,UP,0.0,1.0,1.0,0.2920496624728664,0.0,-0.0258966251901389,0.5289578488242068,1.0,0.0762643418659141,0.2369081863513403,0.0086852703699182,False
2025-08-01,0.6452487525598792,0.7504968767704829,0.7968565662439843,0.7628197949787658,UP,0.5256395899575317,0.1404234085652447,0.2749691692792299,0.5846074221555253,expanding_prior_auc_min60,0.7968565662439843,UP,0.0,1.0,1.0,0.1650869066629263,0.0,-0.0085095620440054,0.5524772453392813,1.0,0.0954749067380531,0.387390338676355,0.5256395899575317,False
2025-08-04,0.5944238475568135,0.6129863396162818,0.882306903978949,0.7649552151524716,UP,0.5299104303049431,0.1418573989905938,0.2840976789501228,0.5740449220592834,expanding_prior_auc_min60,0.882306903978949,UP,1.0,1.0,1.0,0.1862910481215003,0.0,0.0094198969255725,0.5616929111956711,1.0,0.1048769254864703,0.3754018630741708,0.5299104303049431,False
2025-08-05,0.6291253328737462,0.5509170865654404,0.7689789698990057,0.6873207783903854,UP,0.3746415567807708,0.1384527141555853,0.2856761343414217,0.5758711515029928,expanding_prior_auc_min60,0.7689789698990057,UP,0.0,1.0,1.0,0.2684073735715233,0.0,-0.0145101849924665,0.5004434765325554,1.0,0.0786838660700954,0.2320361029610321,0.3746415567807708,False
2025-08-06,0.8283704888381187,0.7282820956354187,0.8481982088305424,0.8107273400834552,UP,0.6214546801669103,0.1333371085961253,0.2904288420070313,0.5762340493968433,expanding_prior_auc_min60,0.8481982088305424,UP,1.0,1.0,1.0,0.1955231434382206,0.0,0.0230192232669903,0.5488805438348191,1.0,0.0945662244737146,0.3533574003965984,0.6214546801669103,False
2025-08-07,0.4706678936907693,0.3677859207339349,0.2804505741583242,0.3308530736943101,DOWN,0.3382938526113797,0.1319820770210839,0.2896561771448347,0.5783617458340813,expanding_prior_auc_min60,0.2804505741583242,DOWN,0.0,1.0,1.0,0.4571393537022014,0.0,-0.025869155155104,0.3972960051636041,0.0,0.04225873447443,-0.0598433485385973,0.3382938526113797,False
2025-08-08,0.5227380114586521,0.5627855944742877,0.3449612461479605,0.4302797722443604,DOWN,0.1394404555112791,0.1462128056873494,0.2723537883167486,0.581433405995902,expanding_prior_auc_min60,0.3449612461479605,DOWN,1.0,1.0,1.0,0.4480869293450943,0.0,-0.0239414077389668,0.4616896697275586,0.0,0.0443213029609557,0.0136027403824643,0.1394404555112791,False
2025-08-11,0.5934920414734864,0.5037813220483294,0.2512929887361204,0.3733803937431155,DOWN,0.2532392125137689,0.1537693026553025,0.2751322977460765,0.571098399598621,expanding_prior_auc_min60,0.2512929887361204,DOWN,1.0,1.0,1.0,0.5365925606953693,0.0,-0.0393378339794697,0.3048049527837695,0.0,0.0346644380803236,-0.2317876079115997,0.2532392125137689,False
2025-08-12,0.423816168072672,0.4083101963576345,0.244597946433378,0.3158111874457516,DOWN,0.3683776251084967,0.144520185591482,0.2767819169344498,0.578697897474068,expanding_prior_auc_min60,0.244597946433378,DOWN,1.0,1.0,1.0,0.5290121209698926,0.0,-0.0413912981931522,0.4710119188250553,1.0,0.05130203542721,-0.0580002021448372,0.3683776251084967,False
2025-08-13,0.5462090984049468,0.3492339625927606,0.5916918282081912,0.5186061793032791,UP,0.0372123586065582,0.1421475685166552,0.2747709969514845,0.5830814345318602,expanding_prior_auc_min60,0.5916918282081912,UP,0.0,0.0,1.0,0.4660857266612792,1.0,-0.0522581013403382,0.3851710433556635,1.0,0.0743511341578186,-0.0809146833056156,0.0372123586065582,False
2025-08-14,0.646888683271113,0.5164341701451048,0.5099589291511616,0.5293735114180531,UP,0.0587470228361062,0.1283907202049917,0.2832439008299494,0.5883653789650589,expanding_prior_auc_min60,0.5099589291511616,UP,1.0,0.0,1.0,0.5118768929147122,0.0,-0.0487851906489367,0.3035011541956106,1.0,0.0788666040828571,-0.2083757387191015,0.0587470228361062,False
2025-08-15,0.2603328747641021,0.1813097396664928,0.3730249620690292,0.3060581092340697,DOWN,0.3878837815318606,0.1363024099991763,0.2691838921330104,0.5945136978678133,expanding_prior_auc_min60,0.3730249620690292,DOWN,1.0,0.0,1.0,0.6021290452955568,1.0,-0.0511640952131901,0.3107316560469906,1.0,0.0955947918785331,-0.2913973892485662,0.3878837815318606,False
2025-08-18,0.3350285795522577,0.3741573547531523,0.5689481120531318,0.4854387875995988,DOWN,0.0291224248008024,0.1381170488945256,0.2628515318459136,0.5990314192595607,expanding_prior_auc_min60,0.5689481120531318,UP,0.0,0.0,1.0,0.5779724539284997,1.0,-0.0616326350445873,0.4488783079698274,1.0,0.0835070560962023,-0.1290941459586723,0.0291224248008024,False
2025-08-19,0.3657564176867462,0.3106604854416881,0.3923059884458458,0.3678179796067906,DOWN,0.2643640407864187,0.1215837003687352,0.2603941797245052,0.6180221199067595,expanding_prior_auc_min60,0.3923059884458458,DOWN,0.0,0.0,1.0,0.6040731477656605,1.0,-0.052439910428046,0.2974106218309771,1.0,0.1096813927984239,-0.3066625259346833,0.2643640407864187,False
2025-08-20,0.7255059894646302,0.6822493666384997,0.5961085348154038,0.6349429382748749,UP,0.2698858765497498,0.1360060914213182,0.2465214342992786,0.6174724742794031,expanding_prior_auc_min60,0.5961085348154038,UP,1.0,1.0,1.0,0.3110062604689541,0.0,0.009122859607503,0.6002183311415178,1.0,0.1710934272249751,0.2892120706725637,0.2698858765497498,False
2025-08-21,0.302078883354841,0.3253567474838141,0.3516532965426078,0.3377822703301492,DOWN,0.3244354593397016,0.1457049620850353,0.2528007839996059,0.6014942539153587,expanding_prior_auc_min60,0.3516532965426078,DOWN,0.0,1.0,1.0,0.587863196525081,0.0,-0.0087614802354498,0.5065024255304965,1.0,0.1579049218382682,-0.0813607709945845,0.3244354593397016,False
2025-08-22,0.6154684946000435,0.6370869969329387,0.4882108498369157,0.5453556389712629,UP,0.0907112779425258,0.1519421561052709,0.253962699503317,0.594095144391412,expanding_prior_auc_min60,0.4882108498369157,DOWN,1.0,1.0,1.0,0.2905692252699215,0.0,0.0156686920598478,0.5742628335910919,1.0,0.168540878182138,0.2836936083211703,0.0907112779425258,False
2025-08-25,0.5405138733659511,0.3102529329270546,0.3634866672118489,0.3777795100646423,DOWN,0.2444409798707153,0.1599485309166554,0.2634118927072992,0.5766395763760453,expanding_prior_auc_min60,0.3634866672118489,DOWN,0.0,0.0,1.0,0.5790423478137589,0.0,-0.0243146954219419,0.4424650617619643,1.0,0.1381711753067749,-0.1365772860517945,0.2444409798707153,False
2025-08-26,0.4234190086590854,0.3084599962631038,0.3235106481999549,0.3351779032522375,DOWN,0.329644193495525,0.1574261310315877,0.2698176537166809,0.5727562152517313,expanding_prior_auc_min60,0.3235106481999549,DOWN,1.0,0.0,1.0,0.5213649391656834,0.0,-0.0237493103950338,0.2986176506764973,1.0,0.1679868380146798,-0.222747288489186,0.329644193495525,False
2025-08-27,0.5607661527330922,0.3095149864348824,0.4128268406588637,0.4079467375447298,DOWN,0.1841065249105403,0.1601980699931916,0.2766351993120239,0.5631667306947845,expanding_prior_auc_min60,0.4128268406588637,DOWN,0.0,0.0,1.0,0.5274167848092703,0.0,-0.0420609850056538,0.362245867842647,1.0,0.1474050895120351,-0.1651709169666232,0.1841065249105403,False
2025-08-28,0.5839023373747044,0.4092787233620562,0.4418935525634858,0.4540308579777856,DOWN,0.0919382840444287,0.1502594215371011,0.2821064120187792,0.5676341664441197,expanding_prior_auc_min60,0.4418935525634858,DOWN,0.0,0.0,1.0,0.6240633622270835,0.0,-0.0254433454804865,0.2928413299069468,1.0,0.1673094507170811,-0.3312220323201366,0.0919382840444287,False
2025-08-29,0.3991546654663346,0.281336059890411,0.2793277128821163,0.2986193378724689,DOWN,0.4027613242550621,0.1564122746598207,0.2734680654449665,0.5701196598952127,expanding_prior_auc_min60,0.2793277128821163,DOWN,0.0,1.0,1.0,0.6474571939393948,0.0,-0.0252557076388093,0.3332891339387385,1.0,0.1675342005301228,-0.3141680600006563,0.4027613242550621,False
2025-09-01,0.6189497333977287,0.5063613146796855,0.563107216696663,0.5564330568994026,UP,0.1128661137988051,0.158708495666752,0.2737967159722587,0.5674947883609892,expanding_prior_auc_min60,0.563107216696663,UP,0.0,1.0,1.0,0.4957498127270601,0.0,0.0,0.5526822418973553,1.0,0.1977851111104471,0.0569324291702951,0.1128661137988051,False
2025-09-02,0.599335739659124,0.4768818741676417,0.5585023766686433,0.5424058055351217,UP,0.0848116110702434,0.1644585651347785,0.2794882011450934,0.556053233720128,expanding_prior_auc_min60,0.5585023766686433,UP,1.0,1.0,1.0,0.4534427703785985,0.0,0.0021756826157521,0.502595300886887,1.0,0.1977851111104471,0.0491525305082884,0.0848116110702434,False
2025-09-03,0.4959678812354593,0.4542852298031813,0.3797429166066461,0.4201533106239605,DOWN,0.1596933787520789,0.162135718021496,0.2893145517008346,0.5485497302776694,expanding_prior_auc_min60,0.3797429166066461,DOWN,1.0,1.0,1.0,0.4789072332140471,0.0,0.0122361278268121,0.4380091937686489,1.0,0.2105782486523946,-0.0408980394453982,0.1596933787520789,False
2025-09-04,0.4891354204489612,0.3944015509252818,0.2452068427005286,0.3284910719264445,DOWN,0.3430178561471109,0.1591511618692049,0.2980180275373421,0.542830810593453,expanding_prior_auc_min60,0.2452068427005286,DOWN,1.0,1.0,1.0,0.6187448966852336,0.0,0.0218360996614432,0.3638799118772414,1.0,0.224410217341612,-0.2548649848079921,0.3430178561471109,False
2025-09-05,0.7057314638359616,0.4247879757852351,0.25463946801455,0.3759607916812226,DOWN,0.2480784166375547,0.1523197938773609,0.3092068483746774,0.5384733577479617,expanding_prior_auc_min60,0.25463946801455,DOWN,1.0,1.0,1.0,0.6313620243321156,0.0,0.0137381478860711,0.2820342347240427,1.0,0.2509066878164441,-0.3493277896080728,0.2480784166375547,False
2025-09-08,0.442246988176208,0.4159635528236949,0.1689032267453387,0.2848935202633952,DOWN,0.4302129594732095,0.1485926069988737,0.3050810811941553,0.5463263118069709,expanding_prior_auc_min60,0.1689032267453387,DOWN,1.0,1.0,1.0,0.6588579096243943,0.0,0.018256762301313,0.2806224180268253,1.0,0.2339544392454164,-0.378235491597569,0.4302129594732095,False
2025-09-09,0.6210022639694367,0.564664118641191,0.1821008349350034,0.367404122473842,DOWN,0.2651917550523159,0.157051049803014,0.3041937433763603,0.5387552068206257,expanding_prior_auc_min60,0.1821008349350034,DOWN,1.0,1.0,1.0,0.6636853500474795,0.0,0.0336417142271208,0.3373660061993493,1.0,0.2118303407645589,-0.3263193438481302,0.2651917550523159,False
2025-09-10,0.6694410948290418,0.6446597463650373,0.4343126355535079,0.5346559475189748,UP,0.0693118950379496,0.1506499301791943,0.3086385438906047,0.540711525930201,expanding_prior_auc_min60,0.4343126355535079,DOWN,1.0,1.0,1.0,0.4445160053988253,0.0,0.0005366021415911,0.5606814225198721,1.0,0.1723891596912514,0.1161654171210467,0.0693118950379496,False
2025-09-11,0.7122437794283974,0.5592418498235523,0.657084344556029,0.6355947767237637,UP,0.2711895534475275,0.1534528039424291,0.3061444606375866,0.5404027354199842,expanding_prior_auc_min60,0.657084344556029,UP,1.0,1.0,1.0,0.4099375869980621,0.0,0.0107235871367954,0.6483245542529935,1.0,0.1717603905562474,0.2383869672549313,0.2711895534475275,False
2025-09-12,0.6829561629388273,0.5620653402773121,0.702362236442925,0.6570331109114721,UP,0.3140662218229442,0.1603561909032628,0.3009135815386241,0.5387302275581131,expanding_prior_auc_min60,0.702362236442925,UP,0.0,1.0,1.0,0.3635458959422699,0.0,-0.0071978729197436,0.637064749883202,1.0,0.1509835359320503,0.2735188539409321,0.3140662218229442,False
2025-09-15,0.4959382205080071,0.495995426173431,0.6151140003308941,0.5594627755925962,UP,0.1189255511851923,0.1693830129411291,0.2977274730925475,0.5328895139663233,expanding_prior_auc_min60,0.6151140003308941,UP,1.0,1.0,1.0,0.3844660258606181,0.0,0.008311380437562,0.6016108275952836,1.0,0.1943415622744699,0.2171448017346655,0.1189255511851923,False
2025-09-16,0.5693680589235115,0.4122278885468921,0.658730060726104,0.5708165756105781,UP,0.1416331512211561,0.1665262196717948,0.2962747473070546,0.5371990330211506,expanding_prior_auc_min60,0.658730060726104,UP,0.0,1.0,1.0,0.3848007336130803,0.0,-0.0129829085971711,0.6691484161618028,1.0,0.1691185459258588,0.2843476825487224,0.1416331512211561,False
2025-09-17,0.4362422338916885,0.3304624516594324,0.4515570373221428,0.4125177007752841,DOWN,0.1749645984494316,0.1604058124160438,0.3021006501686217,0.5374935374153345,expanding_prior_auc_min60,0.4515570373221428,DOWN,1.0,1.0,1.0,0.3308096408558278,0.0,0.0159594177203508,0.6240329351183712,1.0,0.1844967590826745,0.2932232942625434,0.1749645984494316,False
2025-09-18,0.5500486376122999,0.3705861636362723,0.4633867986314613,0.4493414650835081,DOWN,0.1013170698329837,0.163992335106455,0.3044937234374034,0.5315139414561415,expanding_prior_auc_min60,0.4633867986314613,DOWN,1.0,1.0,1.0,0.3872790403168781,0.0,-0.0037833331866058,0.672897624011462,1.0,0.1657782435214143,0.2856185836945839,0.1013170698329837,False
2025-09-19,0.2666985884002222,0.3023519244338054,0.4658345517505439,0.3839000094805939,DOWN,0.2321999810388122,0.1560350406736446,0.3111177925373942,0.5328471667889613,expanding_prior_auc_min60,0.4658345517505439,DOWN,1.0,0.0,1.0,0.4439148433546946,0.0,-0.0041254747379775,0.6927051990513405,1.0,0.1653778675890687,0.2487903556966459,0.2321999810388122,False
2025-09-22,0.3490254181336806,0.2812272831976486,0.6244699650867982,0.4742104266822129,DOWN,0.051579146635574,0.1524114968819971,0.3154579206161946,0.5321305825018082,expanding_prior_auc_min60,0.6244699650867982,UP,1.0,1.0,1.0,0.3849165201111794,0.0,-0.017802898171694,0.6977106239681723,1.0,0.1493724711751947,0.3127941038569929,0.051579146635574,False
2025-09-23,0.4289593263237443,0.2587566597101208,0.5510501253129636,0.439840887143276,DOWN,0.1203182257134478,0.1403741175927609,0.3218369928365098,0.5377888895707292,expanding_prior_auc_min60,0.5510501253129636,UP,1.0,0.0,1.0,0.4121374516669847,0.0,-0.042321203368032,0.7051510371067409,1.0,0.1497766993119924,0.2930135854397562,0.1203182257134478,False
2025-09-24,0.3488731311135158,0.2629020285499691,0.5345342564535748,0.4219982301213213,DOWN,0.1560035397573572,0.1304318389996885,0.325145160443701,0.5444230005566104,expanding_prior_auc_min60,0.5345342564535748,UP,0.0,1.0,1.0,0.4861847428036674,0.0,-0.0434282369389663,0.6649735702613597,1.0,0.1484476092144639,0.1787888274576923,0.1560035397573572,False
2025-09-25,0.3407213624870499,0.2967263027185551,0.4650520972384354,0.395228449387512,DOWN,0.209543101224976,0.1227540851414636,0.3241424905028864,0.55310342435565,expanding_prior_auc_min60,0.4650520972384354,DOWN,0.0,1.0,1.0,0.5178588339274908,0.0,-0.0353040477036663,0.6304921698466078,1.0,0.1740216154617928,0.112633335919117,0.209543101224976,False
2025-09-26,0.3431904113303135,0.4978237920314077,0.2969707644728688,0.3667533407690505,DOWN,0.266493318461899,0.140216028783508,0.315164982731491,0.544618988485001,expanding_prior_auc_min60,0.2969707644728688,DOWN,1.0,1.0,1.0,0.5121218551303017,0.0,0.0246849488575422,0.6140088708029978,1.0,0.216986152649637,0.101887015672696,0.266493318461899,False
2025-09-30,0.2591413978718915,0.2587463091801446,0.1800079576628053,0.2178883058461858,DOWN,0.5642233883076283,0.153562065547192,0.3267588558207533,0.5196790786320546,expanding_prior_auc_min60,0.1800079576628053,DOWN,1.0,1.0,1.0,0.5881860772265504,0.0,0.0047172945694984,0.5740565503800862,1.0,0.1964285360835003,-0.0141295268464641,0.5642233883076283,False
2025-10-01,0.370450875746094,0.4723634087846873,0.1882355844730222,0.3059234864607985,DOWN,0.388153027078403,0.1437337751151781,0.3220290392574177,0.5342371856274042,expanding_prior_auc_min60,0.1882355844730222,DOWN,1.0,1.0,1.0,0.4752370362947457,0.0,0.0285040937239322,0.6154858086749664,1.0,0.1908111292103778,0.1402487723802206,0.388153027078403,False
2025-10-02,0.5865158655719344,0.3288998427886264,0.1833925704926592,0.2840981820408036,DOWN,0.4318036359183927,0.1255680366113644,0.3442179217741011,0.5302140416145344,expanding_prior_auc_min60,0.1833925704926592,DOWN,1.0,1.0,1.0,0.570261630558299,0.0,0.0238018555621166,0.5987099906896954,1.0,0.1578088375893345,0.0284483601313964,0.4318036359183927,False
2025-10-03,0.4836328079604821,0.3677930184615607,0.2593821305554563,0.3226099397566649,DOWN,0.35478012048667,0.1169893313163791,0.3412283869161691,0.5417822817674518,expanding_prior_auc_min60,0.2593821305554563,DOWN,1.0,1.0,1.0,0.6106171525324495,0.0,0.005254762748895,0.6136128366951792,1.0,0.1308915209512307,0.0029956841627296,0.35478012048667,False
2025-10-07,0.3147291473993078,0.2671148105665635,0.4642701900388007,0.3804171187535944,DOWN,0.239165762492811,0.1197085336420773,0.3345165246216997,0.5457749417362229,expanding_prior_auc_min60,0.4642701900388007,DOWN,0.0,0.0,1.0,0.6170564738774332,0.0,-0.0370650972984646,0.5896531459044035,1.0,0.083282524039314,-0.0274033279730296,0.239165762492811,False
2025-10-08,0.2649924430661436,0.1610644953044733,0.3780223006865947,0.2914980389388233,DOWN,0.4170039221223534,0.1126588558897909,0.3401142778749099,0.5472268662352991,expanding_prior_auc_min60,0.3780223006865947,DOWN,1.0,1.0,1.0,0.5320661025126286,0.0,-0.0223012268183222,0.5909074156442493,1.0,0.0998915833157492,0.0588413131316206,0.4170039221223534,False
2025-10-09,0.3459265566076402,0.3578679153167168,0.5732618026108862,0.4723407068391241,DOWN,0.0553185863217516,0.134416733621122,0.3266733120933658,0.5389099542855121,expanding_prior_auc_min60,0.5732618026108862,UP,0.0,1.0,1.0,0.6177564942347342,0.0,-0.0370650972984646,0.6068471031862566,1.0,0.083282524039314,-0.0109093910484776,0.0553185863217516,False
2025-10-13,0.3200931594085213,0.3560330476353916,0.2931354039103365,0.317503945266164,DOWN,0.364992109467672,0.119968300242062,0.336013624655867,0.5440180751020709,expanding_prior_auc_min60,0.2931354039103365,DOWN,0.0,1.0,1.0,0.5341533335911879,0.0,-0.0091039207308691,0.6111338761378444,1.0,0.1147382889537176,0.0769805425466565,0.364992109467672,False
2025-10-14,0.5772934421967615,0.3370548223270497,0.495322171346615,0.4553558474085363,DOWN,0.0892883051829273,0.1395797230182301,0.3248165306189553,0.5356037463628146,expanding_prior_auc_min60,0.495322171346615,DOWN,1.0,1.0,1.0,0.4905330532127134,0.0,0.0324727304027967,0.6038269640797074,1.0,0.1249800178601279,0.1132939108669939,0.0892883051829273,False
2025-10-15,0.546621553830468,0.3555926749462075,0.3960004320520416,0.4072048299901405,DOWN,0.1855903400197189,0.1581140926030993,0.312091661651201,0.5297942457456997,expanding_prior_auc_min60,0.3960004320520416,DOWN,1.0,1.0,1.0,0.616149120238021,0.0,0.0065966331400422,0.5970907124693801,1.0,0.0895978021823797,-0.0190584077686409,0.1855903400197189,False
2025-10-16,0.3990377392882338,0.2973323895042534,0.3336694709013079,0.3316941056718683,DOWN,0.3366117886562634,0.1527489977312267,0.3291486891387466,0.5181023131300266,expanding_prior_auc_min60,0.3336694709013079,DOWN,0.0,0.0,0.0,0.6074533459110304,0.0,-0.0290195942479336,0.6054162443146163,1.0,0.0515250028548099,-0.0020371015964141,0.3366117886562634,False
2025-10-17,0.540945285517349,0.4132629972081456,0.2541931799598695,0.348104500743473,DOWN,0.303790998513054,0.1519186396774857,0.3165171863124275,0.5315641740100868,expanding_prior_auc_min60,0.2541931799598695,DOWN,1.0,1.0,1.0,0.5692099593141371,0.0,-0.0004567114193971,0.6158285303864681,1.0,0.0824572289531888,0.046618571072331,0.303790998513054,False
2025-10-20,0.414678087508937,0.2724330105956692,0.3231285981002603,0.322972699119854,DOWN,0.3540546017602919,0.1671732437724788,0.3049678453606794,0.5278589108668417,expanding_prior_auc_min60,0.3231285981002603,DOWN,1.0,1.0,0.0,0.5841309388135857,1.0,-0.0672388710343896,0.5921252379974169,1.0,0.0518367837266235,0.0079942991838312,0.3540546017602919,False
2025-10-21,0.3328690445290217,0.3107278754370451,0.4379320033345675,0.3819940810102077,DOWN,0.2360118379795845,0.165617416842223,0.3029592444691022,0.5314233386886748,expanding_prior_auc_min60,0.4379320033345675,DOWN,0.0,1.0,0.0,0.5742428993802103,1.0,-0.0829029152307532,0.6047170651693525,0.0,0.0476470085028852,0.0304741657891421,0.2360118379795845,False
2025-10-22,0.4709501112074535,0.3841479849627229,0.2964551571717791,0.3505412030141803,DOWN,0.2989175939716393,0.1582921058835496,0.3017906112587947,0.5399172828576556,expanding_prior_auc_min60,0.2964551571717791,DOWN,0.0,1.0,0.0,0.6304609636147658,1.0,-0.0773225495974937,0.6118692111352166,1.0,0.0540217462041916,-0.0185917524795491,0.2989175939716393,False
2025-10-23,0.3814303264397034,0.3822000588423356,0.2948011082758503,0.335784237723311,DOWN,0.328431524553378,0.1793214119732087,0.2911780469128669,0.5295005411139243,expanding_prior_auc_min60,0.2948011082758503,DOWN,1.0,1.0,0.0,0.5930208093504286,1.0,-0.0759628730086904,0.6489885092162676,1.0,0.0682912970745681,0.055967699865839,0.328431524553378,False
2025-10-27,0.4144398596124602,0.2631385354592041,0.2181954310189812,0.2680914826602633,DOWN,0.4638170346794733,0.184365586433775,0.3051710078801191,0.5104634056861058,expanding_prior_auc_min60,0.2181954310189812,DOWN,0.0,1.0,0.0,0.6457603018303752,1.0,-0.1167508675295264,0.6068007897138351,0.0,0.0211357680390513,-0.0389595121165401,0.4638170346794733,False
2025-10-28,0.6277747279952945,0.3944478357884111,0.2163382153371823,0.3427926060115674,DOWN,0.314414787976865,0.1744078544291595,0.3070953221353106,0.5184968234355298,expanding_prior_auc_min60,0.2163382153371823,DOWN,1.0,1.0,0.0,0.6990991911703804,1.0,-0.1046495811722041,0.6011870060355772,0.0,0.0351262220168342,-0.0979121851348032,0.314414787976865,False
2025-10-29,0.3423819412828266,0.2573712173680182,0.2043077051630688,0.2462639141376524,DOWN,0.507472171724695,0.192062126057853,0.2909226508035225,0.5170152231386245,expanding_prior_auc_min60,0.2043077051630688,DOWN,0.0,0.0,0.0,0.7091450615373126,1.0,-0.1286528520538895,0.5746319907760212,0.0,0.0073757294930971,-0.1345130707612913,0.507472171724695,False
2025-10-30,0.4064268441554458,0.2927154646731467,0.2313389156177287,0.2838616678266152,DOWN,0.4322766643467695,0.2006169959256047,0.2834492689887889,0.5159337350856062,expanding_prior_auc_min60,0.2313389156177287,DOWN,1.0,0.0,0.0,0.7099976667213448,1.0,-0.1282817723437406,0.5898175498358681,0.0,0.0078047395548073,-0.1201801168854767,0.4322766643467695,False
2025-10-31,0.3287502009770789,0.2142692181507377,0.2164257297382426,0.2406676685194548,DOWN,0.5186646629610903,0.2211012196101448,0.2750454971797261,0.5038532832101291,expanding_prior_auc_min60,0.2164257297382426,DOWN,0.0,0.0,0.0,0.7222604182386528,1.0,-0.1350326174876528,0.5800087194954946,0.0,-0.0139396997454057,-0.1422516987431582,0.5186646629610903,False
2025-11-03,0.4131084277121437,0.375348088554903,0.2673354029317751,0.3287578356372552,DOWN,0.3424843287254895,0.2159056016310918,0.2772750248353954,0.5068193735335127,expanding_prior_auc_min60,0.2673354029317751,DOWN,0.0,0.0,0.0,0.6939608033732275,1.0,-0.1228047794957182,0.5176168214828583,0.0,-0.0115663925806162,-0.1763439818903692,0.3424843287254895,False
2025-11-04,0.5171708924541163,0.3557805587479493,0.3498278212274866,0.3917484059838452,DOWN,0.2165031880323096,0.2412000776240475,0.2616313891374023,0.49716853323855,expanding_prior_auc_min60,0.3498278212274866,DOWN,0.0,0.0,0.0,0.6679449581543063,1.0,-0.1125400695404567,0.6290620251404693,0.0,-0.0039010041762223,-0.038882933013837,0.2165031880323096,False
2025-11-05,0.5096117909029796,0.6669543921113351,0.7031749200126206,0.6435913477173902,UP,0.2871826954347805,0.259954770291294,0.2558193949001161,0.4842258348085899,expanding_prior_auc_min60,0.7031749200126206,UP,1.0,1.0,0.0,0.4961757890721507,1.0,-0.0920780990801672,0.6628738226050025,0.0,0.0190658335687967,0.1666980335328517,0.2871826954347805,False
2025-11-06,0.3335397961041954,0.3375975624791788,0.4310861191132712,0.3794314833992365,DOWN,0.241137033201527,0.2603809315613904,0.2808411446687021,0.4587779237699074,expanding_prior_auc_min60,0.4310861191132712,DOWN,0.0,0.0,0.0,0.5512543710783209,1.0,-0.1090645265377359,0.6593970386726149,0.0,-0.0030452191738654,0.108142667594294,0.241137033201527,False
2025-11-07,0.6670412795374183,0.5640377190082255,0.7639469139816286,0.6789016807462562,UP,0.3578033614925124,0.2503487908348691,0.3040631764600204,0.4455880327051104,expanding_prior_auc_min60,0.7639469139816286,UP,1.0,0.0,1.0,0.4482216508509335,1.0,-0.0842277558513182,0.6860798278198543,0.0,0.0247470710802,0.2378581769689208,0.3578033614925124,False
2025-11-10,0.3191892023817136,0.3480846213894879,0.4091539142641139,0.3660631495709362,DOWN,0.2678737008581275,0.2606603195545043,0.3216106363897812,0.4177290440557145,expanding_prior_auc_min60,0.4091539142641139,DOWN,0.0,0.0,1.0,0.5633779546431557,1.0,-0.1045192348981121,0.6138195722504904,0.0,0.0142858680810806,0.0504416176073347,0.2678737008581275,False
2025-11-11,0.5100010927065908,0.4511100078617139,0.4324298575350901,0.4591203475467513,DOWN,0.0817593049064973,0.2651123677348467,0.3279093626188789,0.4069782696462743,expanding_prior_auc_min60,0.4324298575350901,DOWN,1.0,0.0,1.0,0.5070834957848681,1.0,-0.0911377414061589,0.6840909890855545,0.0,0.0294427092681301,0.1770074933006864,0.0817593049064973,False
2025-11-12,0.4648186522219043,0.4632193387573992,0.4688599831657598,0.4658465446048077,DOWN,0.0683069107903846,0.2780481629391486,0.3350244722718277,0.3869273647890237,expanding_prior_auc_min60,0.4688599831657598,DOWN,0.0,0.0,1.0,0.5572905084293386,1.0,-0.1063431455497075,0.6305474385342453,0.0,0.0208030097145459,0.0732569301049067,0.0683069107903846,False
2025-11-13,0.376362828280523,0.4847815889962837,0.4608860415382129,0.4460275660748383,DOWN,0.1079448678503234,0.2732209570483846,0.3446264526956756,0.3821525902559397,expanding_prior_auc_min60,0.4608860415382129,DOWN,0.0,0.0,1.0,0.5764280180231197,1.0,-0.1013750859827731,0.64305278599596,0.0,0.0264779062177316,0.0666247679728403,0.1079448678503234,False
2025-11-14,0.6289845240513394,0.7126401163701166,0.6526655028268142,0.6673301965455347,UP,0.3346603930910694,0.2788913621767977,0.3546352846731712,0.3664733531500311,expanding_prior_auc_min60,0.6526655028268142,UP,1.0,0.0,1.0,0.374202688941589,1.0,-0.0632819941807792,0.6885970983345177,1.0,0.0699907406654984,0.3143944093929287,0.3346603930910694,False
2025-11-17,0.5401836370479668,0.4062800809835153,0.5639536533704248,0.5043288533207655,UP,0.0086577066415309,0.2834690646823226,0.3354191508103316,0.3811117845073457,expanding_prior_auc_min60,0.5639536533704248,UP,0.0,0.0,1.0,0.4216987293228063,1.0,-0.0689602539934668,0.6905933807330327,1.0,0.0635045992815126,0.2688946514102264,0.0086577066415309,False
2025-11-18,0.615056393336791,0.551022378878041,0.8471831807127242,0.6781412751150131,UP,0.3562825502300262,0.2867642469516088,0.3460155482552941,0.367220204793097,expanding_prior_auc_min60,0.8471831807127242,UP,0.0,1.0,1.0,0.2877395063988582,0.0,-0.0246114665400398,0.8375928486921763,1.0,0.114163166363725,0.5498533422933181,0.3562825502300262,False
2025-11-19,0.8607649185120405,0.7942646381222137,0.8602987092395574,0.8381522613730954,UP,0.6763045227461908,0.2812195176448583,0.3373645549371578,0.3814159274179838,expanding_prior_auc_min60,0.8602987092395574,UP,1.0,1.0,1.0,0.2696317155498124,0.0,-0.0119034224499384,0.7611736799348676,1.0,0.1286792634430007,0.4915419643850552,0.6763045227461908,False
2025-11-20,0.3386339390243604,0.4159899269646849,0.7830192656044388,0.5382590363049189,UP,0.0765180726098377,0.2737612434593205,0.3354084721840479,0.3908302843566316,expanding_prior_auc_min60,0.7830192656044388,UP,0.0,1.0,0.0,0.3269839671442703,1.0,-0.068537229886526,0.6984091017352259,1.0,0.0639878096764161,0.3714251345909555,0.0765180726098377,False
2025-11-21,0.4879005292437198,0.8590354191012596,0.8414987582931877,0.7486447534121172,UP,0.4972895068242344,0.2785807925076064,0.3222774311866147,0.3991417763057788,expanding_prior_auc_min60,0.8414987582931877,UP,1.0,1.0,1.0,0.289996711163067,0.0,0.0030935383451413,0.7259286825357901,1.0,0.1422762603241754,0.4359319713727231,0.4972895068242344,False
2025-11-24,0.7694429216083064,0.7054623195543028,0.7600393191055511,0.7463131518242292,UP,0.4926263036484584,0.2867415153852947,0.3009064376582676,0.4123520469564375,expanding_prior_auc_min60,0.7600393191055511,UP,1.0,1.0,1.0,0.3330944345010564,0.0,0.0225569439493191,0.6877695639294866,1.0,0.1387534827595951,0.3546751294284302,0.4926263036484584,False
2025-11-25,0.4872269285099076,0.603432218685932,0.7738471051046125,0.6449108601073121,UP,0.2898217202146242,0.2725959384139047,0.2981238908042869,0.4292801707818083,expanding_prior_auc_min60,0.7738471051046125,UP,1.0,1.0,1.0,0.2686468059013959,0.0,0.0331693757625159,0.69113507101649,1.0,0.1136333184159914,0.4224882651150941,0.2898217202146242,False
2025-11-26,0.6647361415609226,0.6441289027480794,0.8746004945744617,0.7508606801228315,UP,0.5017213602456629,0.2728024815653049,0.2884880415436457,0.4387094768910493,expanding_prior_auc_min60,0.8746004945744617,UP,1.0,1.0,1.0,0.2377139993670431,0.0,0.0059910453383407,0.7316938733044712,1.0,0.0778806888213177,0.493979873937428,0.5017213602456629,False
2025-11-27,0.5165654479238785,0.6702607218731249,0.847154522663396,0.7101256193407119,UP,0.4202512386814239,0.2589780772839715,0.2906465921692399,0.4503753305467886,expanding_prior_auc_min60,0.847154522663396,UP,1.0,1.0,1.0,0.2458257518341778,0.0,-0.0129618833833985,0.7146029805711221,1.0,0.0693290068450309,0.4687772287369444,0.4202512386814239,False
2025-11-28,0.4690995792290253,0.6304830664060159,0.8670976859944262,0.6981134348880407,UP,0.3962268697760813,0.2583921194151566,0.279546026746412,0.4620618538384314,expanding_prior_auc_min60,0.8670976859944262,UP,0.0,1.0,1.0,0.2559691378150019,0.0,-0.0271836445729418,0.7304141762000955,1.0,0.0729353278548381,0.4744450383850936,0.3962268697760813,False
2025-12-01,0.5288687052664173,0.6064221246381154,0.830190599966762,0.6925864750134814,UP,0.3851729500269627,0.2457201755240033,0.2840581364507756,0.4702216880252211,expanding_prior_auc_min60,0.830190599966762,UP,1.0,1.0,1.0,0.2586774413608731,0.0,0.0044281769194789,0.7101568907485444,1.0,0.1029166212813399,0.4514794493876712,0.3851729500269627,False
2025-12-02,0.5780273394123054,0.6109152092353747,0.8913862117814488,0.7356720779954644,UP,0.4713441559909288,0.2447904554661921,0.2816935511234913,0.4735159934103164,expanding_prior_auc_min60,0.8913862117814488,UP,1.0,1.0,1.0,0.274298394179484,0.0,-0.0043893669250227,0.7202383803480168,1.0,0.0985314178692935,0.4459399861685327,0.4713441559909288,False
2025-12-03,0.6529295205654528,0.5237739656425804,0.8377740802930349,0.7053360561282742,UP,0.4106721122565484,0.2381723864153688,0.2815704521540253,0.4802571614306058,expanding_prior_auc_min60,0.8377740802930349,UP,1.0,1.0,1.0,0.245159923372157,0.0,-0.0193795663746801,0.7290587822600884,1.0,0.1188138030414462,0.4838988588879313,0.4106721122565484,False
2025-12-04,0.5106862348796251,0.5021619464844029,0.8968351549840581,0.6907676899394763,UP,0.3815353798789527,0.2397117310509692,0.2875873926035314,0.4727008763454994,expanding_prior_auc_min60,0.8968351549840581,UP,1.0,1.0,1.0,0.253611188600102,0.0,-0.0208394246366002,0.7154685104442174,1.0,0.1795178304951945,0.4618573218441154,0.3815353798789527,False
2025-12-05,0.398682887707996,0.4543278414059316,0.8989606357594171,0.650521211816421,UP,0.3010424236328419,0.2412459710452677,0.2873144636300257,0.4714395653247065,expanding_prior_auc_min60,0.8989606357594171,UP,1.0,1.0,1.0,0.248568298669329,0.0,-0.0344928276211649,0.7256992734405638,1.0,0.1868485601196581,0.4771309747712348,0.3010424236328419,False
2025-12-08,0.574460800459993,0.3351218168715977,0.873338113448546,0.646335696657554,UP,0.2926713933151079,0.2363252908995546,0.2905340285127151,0.4731406805877302,expanding_prior_auc_min60,0.873338113448546,UP,0.0,0.0,1.0,0.2402743629299795,1.0,-0.0546136026341647,0.7354961638114104,1.0,0.1621151210154892,0.4952218008814308,0.2926713933151079,False
2025-12-09,0.2939180840569937,0.284597761968509,0.883854994386875,0.5702480059776751,UP,0.1404960119553502,0.2298669422591584,0.2970343703446297,0.4730986873962118,expanding_prior_auc_min60,0.883854994386875,UP,1.0,0.0,1.0,0.3515861461261644,1.0,-0.0507936629038008,0.7144610405255971,1.0,0.1668107774522569,0.3628748943994327,0.1404960119553502,False
2025-12-10,0.4684421792950616,0.3729835746540763,0.8682029487161596,0.6273627976252207,UP,0.2547255952504414,0.2296033966425726,0.3009852368351006,0.4694113665223267,expanding_prior_auc_min60,0.8682029487161596,UP,0.0,0.0,1.0,0.2986087144984368,1.0,-0.062562524641339,0.7343870438593093,1.0,0.1523439179539165,0.4357783293608724,0.2547255952504414,False
2025-12-11,0.6530246996463067,0.557194874659819,0.8680726064941447,0.7256001945918774,UP,0.4512003891837548,0.2193129405592555,0.3065823419644219,0.4741047174763225,expanding_prior_auc_min60,0.8680726064941447,UP,1.0,0.0,1.0,0.3312416212121982,0.0,-0.0411079372757482,0.7034063658184824,1.0,0.1838192629011024,0.3721647446062842,0.4512003891837548,False
2025-12-12,0.4172002334105103,0.365473051185942,0.8511004168504258,0.6049819119914166,UP,0.2099638239828332,0.2251798653824908,0.3056107016528972,0.469209432964612,expanding_prior_auc_min60,0.8511004168504258,UP,0.0,0.0,1.0,0.3626582951500028,1.0,-0.0544773207591848,0.6919249193433262,1.0,0.1786689914775632,0.3292666241933234,0.2099638239828332,False
2025-12-15,0.5133063384331402,0.6882079651956534,0.8921852849214625,0.7434080577360012,UP,0.4868161154720023,0.2299741178947075,0.3022143626595241,0.4678115194457683,expanding_prior_auc_min60,0.8921852849214625,UP,0.0,1.0,1.0,0.2905397241601171,0.0,-0.0313649759735281,0.6917399103222015,1.0,0.219260772613826,0.4012001861620844,0.4868161154720023,False
2025-12-16,0.5326281932148141,0.6497313975886171,0.8694325349636353,0.7229593190099046,UP,0.4459186380198092,0.2343896725432553,0.3073709921893037,0.4582393352674409,expanding_prior_auc_min60,0.8694325349636353,UP,0.0,1.0,1.0,0.3231735138726323,0.0,-0.0109758374983753,0.6927379089663431,1.0,0.2459779005664288,0.3695643950937108,0.4459186380198092,False
2025-12-17,0.4551236700408185,0.6305146054436505,0.8865241432181705,0.705729502548386,UP,0.4114590050967719,0.2326699346946202,0.3141317368386965,0.4531983284666833,expanding_prior_auc_min60,0.8865241432181705,UP,0.0,1.0,1.0,0.3747651340536419,0.0,-0.0057434099040982,0.6975568096669907,1.0,0.2918684782916168,0.3227916756133488,0.4114590050967719,False
2025-12-18,0.6002029231119039,0.6853660411112952,0.8137693138341441,0.7236937653707438,UP,0.4473875307414876,0.2314511444910098,0.3165446023611429,0.4520042531478471,expanding_prior_auc_min60,0.8137693138341441,UP,1.0,1.0,1.0,0.3731327860109523,0.0,0.0228033419555273,0.6664357959692737,1.0,0.3192462132590585,0.2933030099583214,0.4473875307414876,False
2025-12-19,0.4211615267353908,0.6003895606729664,0.7636224897170067,0.6296955994586033,UP,0.2593911989172066,0.2401208332598588,0.3166939340672909,0.4431852326728502,expanding_prior_auc_min60,0.7636224897170067,UP,1.0,1.0,1.0,0.4203669543147353,0.0,0.0303212967752071,0.6578713258293157,1.0,0.2901305695180041,0.2375043715145803,0.2593911989172066,False
2025-12-22,0.7730348705335812,0.7808014341087564,0.7087737306756021,0.7471649646015761,UP,0.4943299292031522,0.2389262272458593,0.3198430759710213,0.4412306967831192,expanding_prior_auc_min60,0.7087737306756021,UP,1.0,1.0,1.0,0.4750592520171802,0.0,0.004327644033905,0.6538281644412053,1.0,0.2521633528841649,0.178768912424025,0.4943299292031522,False
2025-12-23,0.6538780386450372,0.6312509301796685,0.5831318342871591,0.6151688135307283,UP,0.2303376270614565,0.2322091838510507,0.3243839182667688,0.4434068978821805,expanding_prior_auc_min60,0.5831318342871591,UP,1.0,1.0,1.0,0.4688467530990564,0.0,0.0022979464883325,0.610632780962387,1.0,0.2480608703277946,0.1417860278633306,0.2303376270614565,False
2025-12-24,0.6136127081527671,0.4736330127284688,0.42578251923566,0.4857977507543325,DOWN,0.0284044984913349,0.2371525464244307,0.323315869750092,0.4395315838254772,expanding_prior_auc_min60,0.42578251923566,DOWN,1.0,1.0,1.0,0.510377032882925,0.0,0.016767049755852,0.5904134756026667,1.0,0.264546096833806,0.0800364427197416,0.0284044984913349,False
2025-12-26,0.5511559543313127,0.4061039455895647,0.7887029604419312,0.6087532505845781,UP,0.2175065011691561,0.238857105993124,0.322034073945493,0.4391088200613828,expanding_prior_auc_min60,0.7887029604419312,UP,1.0,1.0,1.0,0.4375858956581252,0.0,0.0157861044240552,0.647577643764223,1.0,0.2443975404251452,0.2099917481060977,0.2175065011691561,False
2025-12-29,0.6779300918951543,0.4087648661403646,0.7410513825841829,0.618739099492441,UP,0.2374781989848819,0.23883305714862,0.3227239955836295,0.4384429472677504,expanding_prior_auc_min60,0.7410513825841829,UP,0.0,1.0,1.0,0.4321107628561237,0.0,-0.0022149113506799,0.6946796281699954,1.0,0.2490656950165946,0.2625688653138717,0.2374781989848819,False
2025-12-30,0.3409963045504194,0.2912649064225082,0.7479141434604111,0.5043730181386596,UP,0.0087460362773192,0.2359015802891692,0.3231113776344358,0.4409870420763949,expanding_prior_auc_min60,0.7479141434604111,UP,1.0,1.0,1.0,0.4253648634012592,0.0,0.0070757820402016,0.6671043349695622,1.0,0.2874980698919209,0.241739471568303,0.0087460362773192,False
2025-12-31,0.5460550998507255,0.3448996900523773,0.7833481182951447,0.5850760030215018,UP,0.1701520060430035,0.2269634289974681,0.3293780267593431,0.4436585442431888,expanding_prior_auc_min60,0.7833481182951447,UP,1.0,1.0,1.0,0.4003243059101811,0.0,0.0340318622037967,0.6858661778636114,1.0,0.2784520220351452,0.2855418719534303,0.1701520060430035,False
2026-01-02,0.5707564750444067,0.3568705165575095,0.6397188939690228,0.5306142211660292,UP,0.0612284423320583,0.2173994443845812,0.3327304971894619,0.4498700584259569,expanding_prior_auc_min60,0.6397188939690228,UP,1.0,1.0,1.0,0.4209325836286124,0.0,0.0558293112382566,0.7022339799976596,1.0,0.2363758494930941,0.2813013963690471,0.0612284423320583,False
2026-01-05,0.741695666919717,0.4839495892901371,0.5345945772623611,0.5624664429028128,UP,0.1249328858056255,0.215559373900004,0.3311426510614328,0.453297975038563,expanding_prior_auc_min60,0.5345945772623611,UP,1.0,1.0,1.0,0.3350882759101171,0.0,0.0087078410709651,0.7134953705926586,1.0,0.1709997405197019,0.3784070946825414,0.1249328858056255,False
2026-01-06,0.3807658842974791,0.4736599282005427,0.3613418378550347,0.4021553775828028,DOWN,0.1956892448343943,0.2146248444708991,0.3262578331623898,0.4591173223667111,expanding_prior_auc_min60,0.3613418378550347,DOWN,0.0,1.0,1.0,0.4395230698229451,0.0,-0.0115011112631036,0.6495612238404443,1.0,0.1475393519157586,0.2100381540174992,0.1956892448343943,False
2026-01-07,0.323778464404794,0.5352023299630853,0.4911265727093657,0.4684085277435247,DOWN,0.0631829445129505,0.2198349171368281,0.3192438073224934,0.4609212755406784,expanding_prior_auc_min60,0.4911265727093657,DOWN,0.0,1.0,1.0,0.3363445623291377,0.0,-0.0051031952083678,0.7250806881735945,1.0,0.1549666343606022,0.3887361258444568,0.0631829445129505,False
2026-01-08,0.3613715068381302,0.3702660282709295,0.4764381863065993,0.4175118618934937,DOWN,0.1649762762130124,0.2278905511227941,0.3080253431618016,0.4640841057154042,expanding_prior_auc_min60,0.4764381863065993,DOWN,0.0,1.0,1.0,0.3058315378972256,0.0,-0.002620535578242,0.7247094306983848,1.0,0.1578487313011685,0.4188778928011591,0.1649762762130124,False
2026-01-09,0.4436678190033899,0.5021314905305676,0.6576191068771834,0.5606306326992074,UP,0.1212612653984148,0.2359626729482207,0.2990846313245545,0.4649526957272247,expanding_prior_auc_min60,0.6576191068771834,UP,1.0,1.0,1.0,0.3091628877668323,0.0,0.0160139955517379,0.7367026057616963,1.0,0.1608908871734635,0.427539717994864,0.1212612653984148,False
2026-01-12,0.4852984950401633,0.2864506117557199,0.6091689365668987,0.4851048096404802,DOWN,0.0297903807190395,0.2429039246219466,0.2911997965715328,0.4658962788065206,expanding_prior_auc_min60,0.6091689365668987,UP,1.0,1.0,1.0,0.4690862640936106,0.0,0.0097276041422846,0.7287049419421799,1.0,0.1425934015240131,0.2596186778485693,0.0297903807190395,False
2026-01-13,0.3013664183503846,0.3261752199164889,0.5819738809128254,0.4408527943306801,DOWN,0.1182944113386397,0.2377117315251892,0.2909217760862459,0.4713664923885649,expanding_prior_auc_min60,0.5819738809128254,UP,1.0,1.0,1.0,0.4878364896042101,0.0,0.0097561924178317,0.7252957448815307,1.0,0.1447562231214985,0.2374592552773205,0.1182944113386397,False
2026-01-14,0.2913300378157216,0.280297900608612,0.5826386630735174,0.4265959498603255,DOWN,0.1468081002793488,0.2344119635253692,0.2902568798834145,0.4753311565912163,expanding_prior_auc_min60,0.5826386630735174,UP,1.0,1.0,1.0,0.507890493447793,0.0,0.0008454162344648,0.669288511748657,1.0,0.1741544266626502,0.1613980183008639,0.1468081002793488,False
2026-01-15,0.2807282323552817,0.205384686509411,0.5986383223319471,0.4123469304198812,DOWN,0.1753061391602375,0.2240501701936151,0.2925938164712896,0.4833560133350952,expanding_prior_auc_min60,0.5986383223319471,UP,1.0,1.0,1.0,0.5569326914224266,0.0,0.0228070582299617,0.7088911623403641,1.0,0.1746110962523925,0.1519584709179374,0.1753061391602375,False
2026-01-16,0.3299579079469233,0.30314073301072,0.6129638359256687,0.4619080453379019,DOWN,0.0761839093241961,0.2149117847131522,0.2912451675568672,0.4938430477299805,expanding_prior_auc_min60,0.6129638359256687,UP,1.0,1.0,1.0,0.6018184274379554,0.0,-0.0083068104671761,0.6877099260596349,1.0,0.2034630971965263,0.0858914986216794,0.0761839093241961,False
2026-01-19,0.3067026224785621,0.3450906769182667,0.6342669831856277,0.4824299651446918,DOWN,0.0351400697106163,0.204727043801979,0.293162797162617,0.5021101590354039,expanding_prior_auc_min60,0.6342669831856277,UP,1.0,1.0,1.0,0.6192815335709299,0.0,-0.0232772629197484,0.6665127371097009,1.0,0.2304675906355959,0.047231203538771,0.0351400697106163,False
2026-01-20,0.2525610107712225,0.2891699358132125,0.4922406457993342,0.3861437339094618,DOWN,0.2277125321810763,0.1980609475016206,0.2886961703308596,0.5132428821675198,expanding_prior_auc_min60,0.4922406457993342,DOWN,0.0,1.0,1.0,0.5927138286772275,0.0,-0.0235020189463732,0.6528267808333693,1.0,0.2392859708486245,0.0601129521561417,0.2277125321810763,False
2026-01-21,0.3393217363495442,0.412062778567784,0.5426108479525513,0.4665744074847474,DOWN,0.0668511850305051,0.1899364989224679,0.2866715572067788,0.5233919438707533,expanding_prior_auc_min60,0.5426108479525513,UP,1.0,1.0,1.0,0.5301447973804969,0.0,0.0080224204790342,0.6545473722683065,1.0,0.2691126811255191,0.1244025748878095,0.0668511850305051,False
2026-01-22,0.2829818117861897,0.2587339924079984,0.2651072307456914,0.2669607405584702,DOWN,0.4660785188830595,0.2020832066570962,0.2759417973020289,0.5219749960408748,expanding_prior_auc_min60,0.2651072307456914,DOWN,1.0,1.0,1.0,0.6748016048162423,0.0,-0.0166879831338162,0.5980047241403501,1.0,0.2380019776890862,-0.0767968806758921,0.4660785188830595,False
2026-01-23,0.2688248138314439,0.262830575556678,0.3261347046117824,0.2976983370097164,DOWN,0.4046033259805672,0.1973271782817619,0.2705600538605755,0.5321127678576625,expanding_prior_auc_min60,0.3261347046117824,DOWN,1.0,1.0,1.0,0.6702083606221276,0.0,-0.0317319361330599,0.5914712076613616,1.0,0.2190614550005896,-0.078737152960766,0.4046033259805672,False
2026-01-26,0.2526692301384219,0.2331113529615557,0.3168776636515114,0.2821306194109088,DOWN,0.4357387611781824,0.1904407529174802,0.2688329190247854,0.5407263280577344,expanding_prior_auc_min60,0.3168776636515114,DOWN,1.0,0.0,1.0,0.7030693045245316,0.0,-0.0322801140193887,0.5886306972652764,1.0,0.2183712922691676,-0.1144386072592552,0.4357387611781824,False
2026-01-27,0.2508978613210209,0.2084359126389267,0.2233999866830793,0.2243887736536256,DOWN,0.5512224526927487,0.1812341790681592,0.2669572306173702,0.5518085903144706,expanding_prior_auc_min60,0.2233999866830793,DOWN,1.0,0.0,1.0,0.7314003041707772,1.0,-0.0529819195575189,0.5541122835837141,1.0,0.1923074633335473,-0.177288020587063,0.5512224526927487,False
2026-01-28,0.2234328331488712,0.268263192800171,0.2826553232598828,0.2686554673472928,DOWN,0.4626890653054144,0.172535278731613,0.2627746520706679,0.564690069197719,expanding_prior_auc_min60,0.2826553232598828,DOWN,0.0,0.0,0.0,0.7323685616682304,1.0,-0.0792113540959221,0.5417475542861396,1.0,0.159284281194781,-0.1906210073820907,0.4626890653054144,False
2026-01-29,0.2251081568270695,0.1594614638519824,0.232402211629096,0.2119728867850287,DOWN,0.5760542264299426,0.1620129174091589,0.2638798522420411,0.5741072303488,expanding_prior_auc_min60,0.232402211629096,DOWN,0.0,0.0,0.0,0.7423086411442097,1.0,-0.0687737906690955,0.5438094702138706,1.0,0.1724253025013731,-0.198499170930339,0.5760542264299426,False
2026-01-30,0.3956997273036849,0.2908713099808109,0.2655176619446341,0.2947318670975508,DOWN,0.4105362658048983,0.1754757857364687,0.2512618671739527,0.5732623470895785,expanding_prior_auc_min60,0.2655176619446341,DOWN,0.0,0.0,1.0,0.731288907497452,0.0,-0.039892207691165,0.6005715843222703,1.0,0.2087875722918124,-0.1307173231751817,0.4105362658048983,False
2026-02-02,0.4245874574535946,0.4623048574363792,0.5908009687477415,0.5285439575873428,UP,0.0570879151746857,0.1890991385215454,0.2398997062980258,0.5710011551804286,expanding_prior_auc_min60,0.5908009687477415,UP,1.0,1.0,1.0,0.6436628266002297,0.0,0.0033942592856162,0.6465381785360593,1.0,0.2590123546283911,0.0028753519358296,0.0570879151746857,False
2026-02-03,0.481849753920976,0.4539577674419077,0.1698219441878244,0.3012585475341715,DOWN,0.3974829049316569,0.192497244947726,0.2511901132643133,0.5563126417879606,expanding_prior_auc_min60,0.1698219441878244,DOWN,1.0,1.0,1.0,0.7375272665230401,0.0,-0.0353326010935246,0.5529322911222972,1.0,0.2104196950411008,-0.1845949754007428,0.3974829049316569,False
2026-02-04,0.3299622297478958,0.4943571723845934,0.2092119627571179,0.3075538664307597,DOWN,0.3848922671384804,0.18642110581765,0.265939959056348,0.547638935126002,expanding_prior_auc_min60,0.2092119627571179,DOWN,0.0,1.0,1.0,0.7190802733263967,0.0,-0.0454290645802416,0.5619890142629221,1.0,0.1977511231909079,-0.1570912590634745,0.3848922671384804,False
2026-02-05,0.4663645758414507,0.3816758411765478,0.4066713775039259,0.4106097123662157,DOWN,0.1787805752675685,0.1822345086946728,0.2776426045942178,0.5401228867111093,expanding_prior_auc_min60,0.4066713775039259,DOWN,0.0,1.0,1.0,0.6502594045918548,0.0,-0.0120997358803937,0.6467566552242702,1.0,0.2395712115721735,-0.0035027493675846,0.1787805752675685,False
2026-02-06,0.6360106418742093,0.5638134893071953,0.4950674273838804,0.5412820752214234,UP,0.0825641504428467,0.1876109096675986,0.2876115751560045,0.5247775151763968,expanding_prior_auc_min60,0.4950674273838804,DOWN,1.0,1.0,1.0,0.6023210002975263,0.0,0.0036162511532973,0.6577651382837153,1.0,0.2547533962619703,0.0554441379861889,0.0825641504428467,False
2026-02-09,0.6267515098602642,0.3623251271953102,0.2118984909339459,0.3345325083604781,DOWN,0.3309349832790438,0.1887858670265902,0.294599624516837,0.5166145084565726,expanding_prior_auc_min60,0.2118984909339459,DOWN,1.0,1.0,1.0,0.7053881241424271,1.0,-0.0524225197044271,0.5852514077475905,1.0,0.1846919181070736,-0.1201367163948365,0.3309349832790438,False
2026-02-10,0.5890472894478977,0.5548593848133382,0.1465185342207183,0.3514424855998642,DOWN,0.2971150288002716,0.1925927606742351,0.2931279507266957,0.5142792885990691,expanding_prior_auc_min60,0.1465185342207183,DOWN,1.0,1.0,0.0,0.7225037466053242,1.0,-0.0834129399661535,0.5005160843822465,1.0,0.1459466954880675,-0.2219876622230777,0.2971150288002716,False
2026-02-11,0.3589549419724867,0.3968702894470096,0.1520819788086358,0.2640647561994312,DOWN,0.4718704876011376,0.1961115866007723,0.2917320364428162,0.5121563769564115,expanding_prior_auc_min60,0.1520819788086358,DOWN,1.0,1.0,0.0,0.7390562923449682,1.0,-0.1149964965752587,0.5016435761785372,1.0,0.1064599146833853,-0.237412716166431,0.4718704876011376,False
2026-02-23,0.3286653252223639,0.2567456300606134,0.1364026932886378,0.2095520111360162,DOWN,0.5808959777279675,0.1978936981394257,0.2916810536750024,0.5104252481855719,expanding_prior_auc_min60,0.1364026932886378,DOWN,1.0,1.0,0.0,0.750752844863433,1.0,-0.1160878451534407,0.5161959119225159,1.0,0.105095475503165,-0.234556932940917,0.5808959777279675,False
2026-02-24,0.2278737756740978,0.3584799982008072,0.2005823036471255,0.2519419617386059,DOWN,0.4961160765227881,0.1929826571076056,0.2919160880317148,0.5151012548606796,expanding_prior_auc_min60,0.2005823036471255,DOWN,1.0,0.0,0.0,0.6979691988894426,1.0,-0.1635229270010448,0.5050610806359983,0.0,0.0457906067529332,-0.1929081182534443,0.4961160765227881,False
2026-02-25,0.2822930179718955,0.3247068401158892,0.2267505251682092,0.266054932236967,DOWN,0.4678901355260659,0.1851995138577749,0.2962337284591109,0.5185667576831141,expanding_prior_auc_min60,0.2267505251682092,DOWN,1.0,0.0,0.0,0.6953539173105127,1.0,-0.1942309028416359,0.5493359411825277,0.0,0.0073985052559371,-0.1460179761279849,0.4678901355260659,False
2026-02-26,0.2095105345427153,0.2686148823021713,0.2359660253435936,0.2409857441416619,DOWN,0.5180285117166761,0.1764887030059106,0.2967581397778345,0.5267531572162548,expanding_prior_auc_min60,0.2359660253435936,DOWN,0.0,0.0,0.0,0.726568960876101,1.0,-0.2001486075724795,0.5572553619666085,0.0,-0.0215676023633347,-0.1693135989094925,0.5180285117166761,False
2026-03-02,0.2883618120620478,0.1907133221349974,0.3297302417046459,0.2807953880930781,DOWN,0.4384092238138437,0.1679389628821127,0.3020314546697474,0.5300295824481399,expanding_prior_auc_min60,0.3297302417046459,DOWN,0.0,0.0,0.0,0.72979726714879,1.0,-0.1825174694138243,0.5529247454008642,0.0,-0.0490258312498679,-0.1768725217479257,0.4384092238138437,False
2026-03-03,0.2897402427408004,0.3029583909426828,0.3245484831155443,0.3118813520753348,DOWN,0.3762372958493303,0.1801247342168276,0.2963074887746245,0.5235677770085478,expanding_prior_auc_min60,0.3245484831155443,DOWN,0.0,0.0,0.0,0.6902947139502205,1.0,-0.1533221111349798,0.5625783546587614,0.0,-0.0087921195080277,-0.127716359291459,0.3762372958493303,False
2026-03-04,0.4922406677562645,0.6390425721944417,0.6881171332850546,0.6364031942439914,UP,0.2728063884879828,0.1918014385617001,0.2882257295412806,0.5199728318970193,expanding_prior_auc_min60,0.6881171332850546,UP,1.0,1.0,1.0,0.5133986904622119,1.0,-0.0677227220744152,0.6029459718811858,1.0,0.0914192951491661,0.0895472814189739,0.2728063884879828,False
2026-03-05,0.2986780299191705,0.3493450367975615,0.2619364278130191,0.2947633432615107,DOWN,0.4104733134769786,0.1997875264205814,0.2915777054807207,0.5086347680986978,expanding_prior_auc_min60,0.2619364278130191,DOWN,0.0,0.0,0.0,0.6429014581514473,1.0,-0.1150377089702696,0.5721444461370014,0.0,0.0360275239769982,-0.0707570120144458,0.4104733134769786,False
2026-03-06,0.4641707673326284,0.5525517834664101,0.2987382551921408,0.4077046397182978,DOWN,0.1845907205634043,0.1971735962679825,0.3008013863046329,0.5020250174273846,expanding_prior_auc_min60,0.2987382551921408,DOWN,0.0,0.0,0.0,0.5698384402880494,1.0,-0.1136493506014724,0.5839003530195194,0.0,0.0376528785235112,0.0140619127314699,0.1845907205634043,False
2026-03-09,0.5225136458171273,0.7696460929501214,0.6310567129998519,0.6517438600031897,UP,0.3034877200063794,0.2037385834651837,0.3088372122847438,0.4874242042500724,expanding_prior_auc_min60,0.6310567129998519,UP,1.0,1.0,1.0,0.49742839521045,0.0,-0.0150629873580502,0.6674735422613206,1.0,0.1726171200450712,0.1700451470508706,0.3034877200063794,False
2026-03-10,0.3571722575547095,0.4838265179178267,0.4008445252073134,0.4180595733630589,DOWN,0.1638808532738822,0.2007552443804312,0.3131099178545004,0.4861348377650684,expanding_prior_auc_min60,0.4008445252073134,DOWN,1.0,1.0,1.0,0.6097778814034555,1.0,-0.0580861021487899,0.6098356730470101,1.0,0.1213959350213083,5.779164355468325e-05,0.1638808532738822,False
2026-03-11,0.4255227737070204,0.3869427317677752,0.2093411587281707,0.3073231709264489,DOWN,0.3853536581471021,0.1946850932525982,0.314719477817684,0.4905954289297177,expanding_prior_auc_min60,0.2093411587281707,DOWN,0.0,1.0,1.0,0.6154968871868662,1.0,-0.1274300458147774,0.5294990657421933,1.0,0.0737231741511987,-0.0859978214446729,0.3853536581471021,False
2026-03-12,0.3489351602383952,0.490549892823737,0.2475220725258193,0.3448132351867462,DOWN,0.3103735296265075,0.1902301961428681,0.3209481572862463,0.4888216465708855,expanding_prior_auc_min60,0.2475220725258193,DOWN,0.0,1.0,1.0,0.5454860621319121,1.0,-0.0984682207362039,0.5699801216526375,1.0,0.1093615577597828,0.0244940595207253,0.3103735296265075,False
2026-03-13,0.5683304607532252,0.7082988985206942,0.3603537180959799,0.5132193509718503,UP,0.0264387019437006,0.1929578773035134,0.3240018497931802,0.4830402729033063,expanding_prior_auc_min60,0.3603537180959799,DOWN,0.0,1.0,1.0,0.5361428615454065,1.0,-0.0880875606125709,0.6158948713771742,1.0,0.1756378780547407,0.0797520098317677,0.0264387019437006,False
2026-03-16,0.6238308963956871,0.6524711871193037,0.3174697683078468,0.4869475412953983,DOWN,0.0261049174092034,0.201476323642134,0.3216501577093359,0.47687351864853,expanding_prior_auc_min60,0.3174697683078468,DOWN,1.0,0.0,1.0,0.5003995791130252,1.0,-0.0860225019887892,0.6280256060943034,1.0,0.2020275015457298,0.1276260269812781,0.0261049174092034,False
2026-03-17,0.5292238828903293,0.5552119728029341,0.2748315231472664,0.4180055971782233,DOWN,0.1639888056435533,0.2003498992499274,0.3288624099851502,0.4707876907649223,expanding_prior_auc_min60,0.2748315231472664,DOWN,1.0,0.0,1.0,0.5281214448067753,1.0,-0.1166981167725578,0.5900116058651468,1.0,0.1914944054617864,0.0618901610583715,0.1639888056435533,False
2026-03-18,0.4575879946878967,0.5987151195713621,0.2440462840288429,0.404294504784667,DOWN,0.191410990430666,0.2040210284511198,0.3289863941709764,0.4669925773779037,expanding_prior_auc_min60,0.2440462840288429,DOWN,0.0,0.0,1.0,0.4957743903316124,1.0,-0.1458119880516049,0.5100691550015892,1.0,0.1522224244901495,0.0142947646699768,0.191410990430666,False
2026-03-19,0.4713832429637728,0.6213385313699822,0.4096734829938464,0.4917792990074893,DOWN,0.0164414019850214,0.204449695705559,0.3282982943988165,0.4672520098956244,expanding_prior_auc_min60,0.4096734829938464,DOWN,0.0,0.0,1.0,0.3413233529154126,1.0,-0.1032379759819365,0.6915388333432702,1.0,0.2101165380063985,0.3502154804278575,0.0164414019850214,False
2026-03-20,0.4371095625691564,0.4584833440467861,0.4183816833054289,0.4355276460783388,DOWN,0.1289447078433223,0.2088818186726285,0.3300124994268053,0.4611056819005661,expanding_prior_auc_min60,0.4183816833054289,DOWN,0.0,0.0,1.0,0.3580154943760392,1.0,-0.0972194792639957,0.6850742198388459,1.0,0.2599553141931123,0.3270587254628066,0.1289447078433223,False
2026-03-23,0.5059540562268141,0.561349194030674,0.7353198708497886,0.6314217878970383,UP,0.2628435757940766,0.2062102314556319,0.3253450884150279,0.4684446801293401,expanding_prior_auc_min60,0.7353198708497886,UP,1.0,1.0,1.0,0.3598459326692756,0.0,-0.043089277730385,0.6945065011559934,1.0,0.3449414668733035,0.3346605684867178,0.2628435757940766,False
2026-03-24,0.5961950431269429,0.5642583243064241,0.7784098603622146,0.673971053282434,UP,0.347942106564868,0.2072885448909602,0.3113111583759113,0.4814002967331285,expanding_prior_auc_min60,0.7784098603622146,UP,0.0,0.0,1.0,0.3434147607121164,0.0,-0.043845141687754,0.747628326750178,1.0,0.3438790973586541,0.4042135660380616,0.347942106564868,False
2026-03-25,0.4382565609180918,0.4734149408460849,0.7415882928862529,0.598664639690472,UP,0.197329279380944,0.2033312952182008,0.3029638054482952,0.493704899333504,expanding_prior_auc_min60,0.7415882928862529,UP,0.0,1.0,1.0,0.3864014327554301,0.0,-0.043845141687754,0.7169647343074679,1.0,0.4118922304198118,0.3305633015520378,0.197329279380944,False
2026-03-26,0.5036667681173893,0.5187184281961027,0.7543658626556914,0.6349282518429118,UP,0.2698565036858236,0.1987494681882965,0.2954044429027819,0.5058460889089216,expanding_prior_auc_min60,0.7543658626556914,UP,0.0,0.0,1.0,0.2862547606115833,0.0,-0.043845141687754,0.7291977733531473,1.0,0.4704728644382807,0.4429430127415639,0.2698565036858236,False
2026-03-27,0.619509501127218,0.6826861708481263,0.8770636938166074,0.7699868214941965,UP,0.539973642988393,0.2004333721919501,0.2852923327379444,0.5142742950701055,expanding_prior_auc_min60,0.8770636938166074,UP,0.0,1.0,1.0,0.2921381765449486,0.0,-0.043845141687754,0.8650471722787614,1.0,0.4704728644382807,0.5729089957338127,0.539973642988393,False
2026-03-30,0.5766295645766387,0.5705807177495924,0.8794521464067939,0.7323444498181001,UP,0.4646888996362002,0.1988185450254265,0.2813499191109243,0.5198315358636493,expanding_prior_auc_min60,0.8794521464067939,UP,0.0,1.0,1.0,0.2994017872447072,0.0,-0.043845141687754,0.911823745777622,1.0,0.4704728644382807,0.6124219585329149,0.4646888996362002,False
2026-03-31,0.6584747424233297,0.5864216020710358,0.8963489279250397,0.7631832743156494,UP,0.5263665486312987,0.1933171341293324,0.281293356578433,0.5253895092922345,expanding_prior_auc_min60,0.8963489279250397,UP,1.0,1.0,1.0,0.4103298923291945,0.0,0.0384215868288764,0.9303180680380642,1.0,0.5379024136674699,0.5199881757088696,0.5263665486312987,False
2026-04-01,0.2991245048012136,0.4251780431854344,0.8266460443046495,0.6151563149908055,UP,0.2303126299816109,0.190851275186495,0.276015947727712,0.533132777085793,expanding_prior_auc_min60,0.8266460443046495,UP,0.0,1.0,1.0,0.355840399446424,0.0,-0.0476190476190476,0.7030930441898766,1.0,0.4761904761904763,0.3472526447434526,0.2303126299816109,False
2026-04-02,0.4723308689436944,0.6075584687415645,0.8865503691026988,0.7294504215581727,UP,0.4589008431163455,0.194588160631837,0.2741933970546306,0.5312184423135323,expanding_prior_auc_min60,0.8865503691026988,UP,1.0,1.0,1.0,0.3049373156721121,0.0,0.0324999809265136,0.8637377604798552,1.0,0.5539999961853028,0.558800444807743,0.4589008431163455,False
2026-04-07,0.6124090677673719,0.6953067274409674,0.8775247926404223,0.776079625656112,UP,0.552159251312224,0.1989489939616424,0.2672658179313767,0.5337851881069808,expanding_prior_auc_min60,0.8775247926404223,UP,1.0,1.0,1.0,0.3091916853228184,0.0,0.1046004788045533,0.7244712482227685,1.0,0.5443099263320059,0.4152795628999501,0.552159251312224,False
2026-04-08,0.5774062952351623,0.4554291537144821,0.6653692038395952,0.5918884957664026,UP,0.1837769915328051,0.1953325855907091,0.2681655342363614,0.5365018801729294,expanding_prior_auc_min60,0.6653692038395952,UP,0.0,1.0,1.0,0.3457117942524583,0.0,-0.0052333553264851,0.6561768585320871,1.0,0.4417793690926677,0.3104650642796287,0.1837769915328051,False
2026-04-09,0.534308933362836,0.4040786896580455,0.7317388354540355,0.6047802249497324,UP,0.2095604498994647,0.1972533604004491,0.2686164307821642,0.5341302088173867,expanding_prior_auc_min60,0.7317388354540355,UP,1.0,1.0,1.0,0.3244259773732857,0.0,0.0355108019401941,0.7085626800577337,1.0,0.4493644080374888,0.3841367026844479,0.2095604498994647,False
2026-04-10,0.4649553569166531,0.3931519995994414,0.5789438293291792,0.5062210037613146,UP,0.0124420075226292,0.1955897874936037,0.2714212166667019,0.5329889958396944,expanding_prior_auc_min60,0.5789438293291792,UP,0.0,1.0,1.0,0.3990360018521454,0.0,-0.0033755240983431,0.650725995770761,1.0,0.3949367219003694,0.2516899939186155,0.0124420075226292,False
2026-04-13,0.4449810072585802,0.3691137889327276,0.657559114578467,0.5371185543238073,UP,0.0742371086476145,0.1970224776070753,0.2723493427726945,0.5306281796202301,expanding_prior_auc_min60,0.657559114578467,UP,1.0,1.0,1.0,0.3809786760283473,0.0,0.0512277324928294,0.6757858839028716,1.0,0.39966131238986,0.2948072078745243,0.0742371086476145,False
2026-04-14,0.4246791326185228,0.3097728907881651,0.520605129510047,0.4434838070579613,DOWN,0.1130323858840773,0.1998519012962594,0.2748646504011197,0.5252834483026209,expanding_prior_auc_min60,0.520605129510047,UP,1.0,1.0,1.0,0.5264178354119192,0.0,0.0201369311935692,0.5991685919931624,1.0,0.331453945826536,0.0727507565812431,0.1130323858840773,False
2026-04-15,0.4395395072891429,0.3132876709816219,0.3533968397949673,0.3591553129417537,DOWN,0.2816893741164925,0.19689617682155,0.2793049338957948,0.5237988892826551,expanding_prior_auc_min60,0.3533968397949673,DOWN,1.0,1.0,1.0,0.5848459489716699,0.0,0.0102645175548738,0.56746327100589,1.0,0.3051717912699456,-0.0173826779657798,0.2816893741164925,False
2026-04-16,0.2301926952526507,0.2929574740529276,0.2880346019240585,0.278156149666555,DOWN,0.44368770066689,0.1946674865609149,0.280626084924888,0.524706428514197,expanding_prior_auc_min60,0.2880346019240585,DOWN,0.0,1.0,1.0,0.6221829708836704,0.0,-0.0150115241154799,0.5698946384991027,1.0,0.2725173962972769,-0.0522883323845676,0.44368770066689,False
2026-04-17,0.3030877816005969,0.3258352992412054,0.2816648877263829,0.298222632718206,DOWN,0.4035547345635879,0.1933518605682632,0.2810838336500674,0.5255643057816693,expanding_prior_auc_min60,0.2816648877263829,DOWN,1.0,1.0,1.0,0.6146448516868716,0.0,0.0156310909005532,0.5507905071678161,1.0,0.2919109486581106,-0.0638543445190554,0.4035547345635879,False
2026-04-20,0.3028276429434747,0.1979797162881862,0.3087685799415721,0.2767526359875094,DOWN,0.4464947280249811,0.202462388366106,0.2781247739546935,0.5194128376792004,expanding_prior_auc_min60,0.3087685799415721,DOWN,1.0,1.0,1.0,0.6398362792866843,0.0,0.0234705892929416,0.5548830074038,1.0,0.2720277670040425,-0.0849532718828842,0.4464947280249811,False
2026-04-21,0.2081467744007047,0.2537564345721409,0.2734013382532025,0.2550637495063975,DOWN,0.4898725009872049,0.1970824414585156,0.2788030969947805,0.5241144615467038,expanding_prior_auc_min60,0.2734013382532025,DOWN,1.0,1.0,1.0,0.6616219980721442,0.0,-0.0104166215788262,0.5362404053253425,1.0,0.2299108037750461,-0.1253815927468017,0.4898725009872049,False
2026-04-22,0.2309197830991652,0.3055052905282164,0.3576572060142858,0.3188273933100988,DOWN,0.3623452133798024,0.1920710972520064,0.2777887770173645,0.530140125730629,expanding_prior_auc_min60,0.3576572060142858,DOWN,0.0,1.0,1.0,0.6464871633531426,0.0,-0.0173623686240512,0.5600534096421308,1.0,0.2212782322126174,-0.0864337537110118,0.3623452133798024,False
2026-04-23,0.3626561806825913,0.2686556971630793,0.3821528560662447,0.3471674819887489,DOWN,0.3056650360225021,0.1845883456812501,0.2765400942672187,0.5388715600515311,expanding_prior_auc_min60,0.3821528560662447,DOWN,1.0,1.0,1.0,0.6975452538104139,0.0,0.0691729370752072,0.5721077072143027,1.0,0.2428571766608507,-0.1254375465961111,0.3056650360225021,False
2026-04-24,0.2050531022986179,0.2894507437605423,0.3742824974447879,0.318776542555803,DOWN,0.3624469148883938,0.1933684172190287,0.2685590432025622,0.5380725395784092,expanding_prior_auc_min60,0.3742824974447879,DOWN,1.0,1.0,1.0,0.6885330558622769,0.0,0.0059774990542058,0.5363970847552291,1.0,0.2151898988857099,-0.1521359711070478,0.3624469148883938,False
2026-04-27,0.3752584464939487,0.4055684858264525,0.3826294438095817,0.3873373485492497,DOWN,0.2253253029015005,0.1895940898873857,0.2661576827313682,0.5442482273812461,expanding_prior_auc_min60,0.3826294438095817,DOWN,0.0,1.0,1.0,0.6854024739740427,0.0,-0.0340985888003092,0.552093286671055,1.0,0.1667792165459463,-0.1333091873029878,0.2253253029015005,False
2026-04-28,0.2642987516592004,0.4126243550191827,0.3926122959787596,0.3744179998826891,DOWN,0.2511640002346218,0.1826646883506578,0.2620448739251377,0.5552904377242044,expanding_prior_auc_min60,0.3926122959787596,DOWN,0.0,1.0,1.0,0.6764325464255516,0.0,-0.0225486790942993,0.5715833982954409,1.0,0.2207037575484283,-0.1048491481301107,0.2511640002346218,False
2026-04-29,0.2401438160933577,0.371845949619024,0.381587065297601,0.352540815013151,DOWN,0.2949183699736979,0.1878856780608397,0.2536762299227087,0.5584380920164516,expanding_prior_auc_min60,0.381587065297601,DOWN,0.0,1.0,1.0,0.6783133340086802,0.0,-0.007286574833322,0.5449313200909058,1.0,0.2397640499855062,-0.1333820139177743,0.2949183699736979,False
2026-04-30,0.3539973050330376,0.3098916207248396,0.3301984290684741,0.3298504135771876,DOWN,0.3402991728456247,0.1955278091777333,0.2462896918558836,0.5581824989663831,expanding_prior_auc_min60,0.3301984290684741,DOWN,1.0,1.0,1.0,0.7110703426923429,0.0,0.0314575183268133,0.5506721308181296,1.0,0.2911568625882341,-0.1603982118742133,0.3402991728456247,False
2026-05-04,0.2054974398920624,0.2382731911612851,0.3178856922003332,0.2760857978838145,DOWN,0.447828404232371,0.2036596202069566,0.2375373878333171,0.5588029919597263,expanding_prior_auc_min60,0.3178856922003332,DOWN,1.0,1.0,1.0,0.7081070540364149,0.0,-0.0480645087457471,0.5589106639780432,1.0,0.2187096380418347,-0.1491963900583717,0.447828404232371,False
2026-05-05,0.2344100207273013,0.3793383526858557,0.375931709772377,0.3483983807552885,DOWN,0.303203238489423,0.2001680221480298,0.2333052187442678,0.5665267591077023,expanding_prior_auc_min60,0.375931709772377,DOWN,1.0,1.0,1.0,0.7031498223336039,1.0,-0.0505147908197616,0.5708189580500774,1.0,0.2197554678401565,-0.1323308642835264,0.303203238489423,False
2026-05-06,0.1841162475291382,0.2950235577588082,0.3001585128704936,0.2767196997096613,DOWN,0.4465606005806773,0.191667349982446,0.233166532297474,0.5751661177200799,expanding_prior_auc_min60,0.3001585128704936,DOWN,1.0,0.0,1.0,0.7078722537763444,1.0,-0.0746315210510526,0.5491218705079621,1.0,0.2298526801927134,-0.1587503832683823,0.4465606005806773,False
2026-05-07,0.2172777112118957,0.3608726157036246,0.3556927707596349,0.3314770516305944,DOWN,0.3370458967388112,0.1836810363969909,0.2333086172862341,0.583010346316775,expanding_prior_auc_min60,0.3556927707596349,DOWN,0.0,0.0,1.0,0.7090507228702838,1.0,-0.1073805504217917,0.5603538714686216,1.0,0.1863278763318121,-0.1486968514016622,0.3370458967388112,False
2026-05-08,0.184164961122542,0.3084696864266896,0.3700613907609779,0.3230241479880154,DOWN,0.3539517040239692,0.175665849460531,0.2334987918306494,0.5908353587088195,expanding_prior_auc_min60,0.3700613907609779,DOWN,1.0,0.0,1.0,0.7122328084389854,1.0,-0.0911610988771374,0.5601563370025058,1.0,0.2078841929853747,-0.1520764714364796,0.3539517040239692,False
2026-05-11,0.2042006472414517,0.2249985212789713,0.32884252127564,0.282266296184974,DOWN,0.4354674076300519,0.1845793361436542,0.2269742183129561,0.5884464455433897,expanding_prior_auc_min60,0.32884252127564,DOWN,0.0,0.0,1.0,0.728454200331069,1.0,-0.0964482435164454,0.5670840391143996,1.0,0.2008573608064732,-0.1613701612166693,0.4354674076300519,False
2026-05-12,0.2201522870976881,0.296350731983707,0.2756870608639826,0.2704368122060009,DOWN,0.4591263755879982,0.1775926477301178,0.2232090720735944,0.5991982801962877,expanding_prior_auc_min60,0.2756870608639826,DOWN,0.0,0.0,1.0,0.7192503480959942,1.0,-0.0925584313195556,0.5593449511970555,1.0,0.2060270808311113,-0.1599053968989386,0.4591263755879982,False
2026-05-13,0.2422422014118261,0.3469934235723154,0.3689220659943876,0.3404906213213031,DOWN,0.3190187573573937,0.1865141615091453,0.2190676402995506,0.594418198191304,expanding_prior_auc_min60,0.3689220659943876,DOWN,1.0,0.0,1.0,0.7219995389470477,1.0,-0.0734693916659824,0.563750982223206,1.0,0.2313971978324136,-0.1582485567238417,0.3190187573573937,False
2026-05-14,0.3206607439935259,0.3985410807291702,0.3630693118847196,0.3628715465102543,DOWN,0.2742569069794913,0.1925743790763986,0.2246586092068354,0.5827670117167658,expanding_prior_auc_min60,0.3630693118847196,DOWN,0.0,0.0,1.0,0.7168131328289654,1.0,-0.0766582892920394,0.6183799134066067,1.0,0.2271590220338162,-0.0984332194223587,0.2742569069794913,False
2026-05-15,0.4612575815116412,0.3818333631797355,0.2700140509762552,0.3312639691962173,DOWN,0.3374720616075652,0.1849476646766524,0.2314436867205037,0.5836086486028438,expanding_prior_auc_min60,0.2700140509762552,DOWN,0.0,1.0,1.0,0.7250539469588712,1.0,-0.0559820853226716,0.5731366120145482,1.0,0.2546385455386803,-0.1519173349443229,0.3374720616075652,False
2026-05-18,0.6023881488003082,0.5282393934195623,0.3406567762783578,0.4347864273274195,DOWN,0.1304271453451608,0.1893645309660073,0.2375860467860147,0.573049422247978,expanding_prior_auc_min60,0.3406567762783578,DOWN,0.0,1.0,1.0,0.7124388007969936,0.0,-0.0452927733885927,0.5836349700427939,1.0,0.2688450797254453,-0.1288038307541997,0.1304271453451608,False
2026-05-19,0.6226298470975401,0.658449030513845,0.391634108465553,0.5014060379948981,UP,0.0028120759897962,0.1894719263006481,0.247380174454992,0.5631478992443598,expanding_prior_auc_min60,0.391634108465553,DOWN,0.0,1.0,1.0,0.6834018250209242,0.0,-0.0140327454731536,0.6024786591860708,1.0,0.3103909395524071,-0.0809231658348533,0.0028120759897962,False
2026-05-20,0.6682252350334101,0.6553609124847728,0.5072731910864373,0.5749702048657802,UP,0.1499404097315604,0.1851525384057942,0.2559046349225945,0.5589428266716112,expanding_prior_auc_min60,0.5072731910864373,UP,1.0,1.0,1.0,0.6469265181548195,0.0,0.0701457024320277,0.6260160041507195,1.0,0.3290410341074135,-0.0209105140041,0.1499404097315604,False
2026-05-21,0.2861492879690953,0.3981698883104727,0.2129489525007122,0.2747912902283557,DOWN,0.4504174195432886,0.18098874549801,0.2623564157514995,0.5566548387504905,expanding_prior_auc_min60,0.2129489525007122,DOWN,1.0,1.0,1.0,0.6452269718099007,0.0,0.0310323449003337,0.5486910584126148,1.0,0.2419253108123655,-0.0965359133972859,0.4504174195432886,False
2026-05-22,0.5452451899034086,0.6404540018797424,0.2778567413731821,0.4228130413873268,DOWN,0.1543739172253464,0.1852431349315382,0.2631691850915093,0.5515876799769525,expanding_prior_auc_min60,0.2778567413731821,DOWN,1.0,1.0,1.0,0.6022661556305902,0.0,0.0205773384731768,0.5231129322100203,1.0,0.2690417061443686,-0.0791532234205698,0.1543739172253464,False
2026-05-25,0.4475686262370724,0.6100352861102618,0.2119989293316172,0.3595553017961898,DOWN,0.2808893964076204,0.1795613918349266,0.264441044194947,0.5559975639701263,expanding_prior_auc_min60,0.2119989293316172,DOWN,0.0,1.0,1.0,0.6938304530244663,0.0,-0.038483847748992,0.5250750206451485,1.0,0.1956017955125872,-0.1687554323793177,0.2808893964076204,False
2026-05-26,0.372304751169898,0.4829413848861535,0.2346248835682615,0.3254227814560633,DOWN,0.3491544370878734,0.1803198441658109,0.2656749964942893,0.5540051593398998,expanding_prior_auc_min60,0.2346248835682615,DOWN,1.0,1.0,1.0,0.636121901149466,0.0,-0.0340116840623507,0.543559816666692,1.0,0.2011627285463764,-0.092562084482774,0.3491544370878734,False
2026-05-27,0.4480295173038716,0.3720533750126656,0.2421498684448355,0.3144691485524499,DOWN,0.3710617028951001,0.1818814566705287,0.2684576467233889,0.5496608966060823,expanding_prior_auc_min60,0.2421498684448355,DOWN,0.0,1.0,1.0,0.6790270253666154,1.0,-0.0699692144424675,0.511898919794742,1.0,0.1564511677639393,-0.1671281055718734,0.3710617028951001,False
2026-05-28,0.5000154255894793,0.4751982518791104,0.2666065493113189,0.3650641645796516,DOWN,0.2698716708406967,0.177793014081606,0.2730652606995544,0.5491417252188394,expanding_prior_auc_min60,0.2666065493113189,DOWN,1.0,1.0,1.0,0.6527003398754665,0.0,-0.0359733575443576,0.5328182418308169,1.0,0.1987234764008913,-0.1198820980446495,0.2698716708406967,False
2026-05-29,0.321207641388615,0.3193513321398547,0.2380948238150689,0.2751638131714452,DOWN,0.4496723736571095,0.1802944371209004,0.2717838995265479,0.5479216633525517,expanding_prior_auc_min60,0.2380948238150689,DOWN,1.0,0.0,0.0,0.6925146636788975,1.0,-0.1004331137627653,0.5205977575689741,1.0,0.1185706884392878,-0.1719169061099233,0.4496723736571095,False
2026-06-01,0.2158760533405128,0.3693039440585535,0.2844832569473096,0.2954999266300554,DOWN,0.4090001467398891,0.179628809632799,0.275174615931351,0.5451965744358499,expanding_prior_auc_min60,0.2844832569473096,DOWN,1.0,0.0,1.0,0.6721508426971428,1.0,-0.1204340758092853,0.5360925666485283,1.0,0.0937003978270967,-0.1360582760486144,0.4090001467398891,False
2026-06-02,0.373697127478144,0.2841553062948206,0.3674965697289105,0.3452372023700685,DOWN,0.309525595259863,0.1742646242638611,0.2800522125957072,0.5456831631404316,expanding_prior_auc_min60,0.3674965697289105,DOWN,1.0,0.0,1.0,0.6976395565261898,1.0,-0.1234502855186705,0.5600970597039439,1.0,0.0899498776348555,-0.1375424968222459,0.309525595259863,False
2026-06-03,0.3485822365683609,0.33660263030509,0.3626003514644303,0.3528908356484882,DOWN,0.2942183287030235,0.166734211694944,0.2835716420724892,0.5496941462325668,expanding_prior_auc_min60,0.3626003514644303,DOWN,0.0,0.0,0.0,0.7014581044396538,1.0,-0.1527282379406159,0.5561547319927292,1.0,0.0535440695757185,-0.1453033724469246,0.2942183287030235,False
2026-06-04,0.2781236013912957,0.3591785850370247,0.2396881356953398,0.2799371625645067,DOWN,0.4401256748709865,0.1638253582853778,0.2841425663533523,0.5520320753612697,expanding_prior_auc_min60,0.2396881356953398,DOWN,0.0,0.0,1.0,0.6994737815325833,1.0,-0.1323759737811768,0.5412203491986813,1.0,0.0788511884575027,-0.158253432333902,0.4401256748709865,False
2026-06-05,0.3419092400524434,0.2794525740488663,0.4836320477241547,0.4018770723430254,DOWN,0.1962458553139492,0.1688353682956496,0.2832172691557938,0.5479473625485565,expanding_prior_auc_min60,0.4836320477241547,DOWN,0.0,0.0,1.0,0.6885670417794466,1.0,-0.093809620902087,0.5773379826543148,1.0,0.1268067018835263,-0.1112290591251318,0.1962458553139492,False
2026-06-08,0.4974984695534886,0.4245895900552386,0.5047923584845694,0.4805032885679452,DOWN,0.0389934228641095,0.1743169443218013,0.2869928549438682,0.5386902007343305,expanding_prior_auc_min60,0.5047923584845694,UP,1.0,1.0,1.0,0.6086972250921904,0.0,-0.0168638966772293,0.6079637573555645,1.0,0.2224852256658707,-0.0007334677366258,0.0389934228641095,False
2026-06-09,0.4950955300227693,0.6524197203680446,0.3476087542298635,0.4621610274066149,DOWN,0.0756779451867701,0.1785835971495412,0.2894041357543422,0.5320122670961165,expanding_prior_auc_min60,0.3476087542298635,DOWN,0.0,1.0,1.0,0.6620719216361115,1.0,-0.0623588930617823,0.5601141166814056,1.0,0.1659142577867887,-0.1019578049547058,0.0756779451867701,False
2026-06-10,0.4614874833060335,0.6492657054895403,0.5339055613676058,0.5553507505659123,UP,0.1107015011318246,0.1773101152662071,0.2972053062843042,0.5254845784494886,expanding_prior_auc_min60,0.5339055613676058,UP,0.0,1.0,1.0,0.561630250987987,0.0,-0.0059826730814742,0.6297130683651102,1.0,0.2360155344786783,0.0680828173771231,0.1107015011318246,False
2026-06-11,0.6584648100931622,0.7078756958678558,0.5729261853548586,0.6288021372431487,UP,0.2576042744862974,0.1770646244577123,0.3018172297738741,0.5211181457684135,expanding_prior_auc_min60,0.5729261853548586,UP,1.0,1.0,1.0,0.5259252116558919,0.0,0.0481493322557742,0.6068869832935061,1.0,0.2434547175453691,0.0809617716376142,0.2576042744862974,False
2026-06-12,0.4757143154180031,0.6906369797306313,0.4243714936377747,0.5147811401850944,UP,0.0295622803701887,0.1779971586313755,0.3052245762185631,0.5167782651500614,expanding_prior_auc_min60,0.4243714936377747,DOWN,1.0,1.0,1.0,0.5657034531897175,0.0,0.0123455776018688,0.5824618065564244,1.0,0.1863335493133107,0.0167583533667069,0.0295622803701887,False
2026-06-15,0.5509085471082705,0.4647816063355915,0.2750939873433652,0.3840831831610681,DOWN,0.2318336336778637,0.1811596610988306,0.3111574912382047,0.5076828476629646,expanding_prior_auc_min60,0.2750939873433652,DOWN,1.0,1.0,0.0,0.6420580237625794,0.0,-0.0488265818233533,0.5601762846739679,1.0,0.1146479642564819,-0.0818817390886115,0.2318336336778637,False
2026-06-16,0.5743774379721874,0.6427740213628246,0.2679517809648758,0.4402906411472301,DOWN,0.1194187177055396,0.1812856475204674,0.3115831291411767,0.5071312233383558,expanding_prior_auc_min60,0.2679517809648758,DOWN,1.0,1.0,0.0,0.6315277313764422,1.0,-0.0549451347172916,0.5377713893971714,1.0,0.107477839022644,-0.0937563419792708,0.1194187177055396,False
2026-06-17,0.2559851122451444,0.487301894040937,0.2483122728082356,0.3247961274573653,DOWN,0.3504077450852693,0.1819881490728687,0.3141872371468448,0.5038246137802865,expanding_prior_auc_min60,0.2483122728082356,DOWN,1.0,1.0,0.0,0.6579967510565994,1.0,-0.0599840069496444,0.5252464589824237,1.0,0.1015729550460635,-0.1327502920741756,0.3504077450852693,False
2026-06-18,0.4720704242097124,0.457656579285132,0.2783307962648254,0.3704673373501788,DOWN,0.2590653252996424,0.1830354058406539,0.3160467429863438,0.5009178511730024,expanding_prior_auc_min60,0.2783307962648254,DOWN,1.0,0.0,0.0,0.6549007758599084,1.0,-0.1607097147884451,0.5388382660332662,1.0,0.0780067237394979,-0.1160625098266421,0.2590653252996424,False
2026-06-22,0.3205842572961819,0.4232808604124354,0.2376388895413444,0.3123287016560225,DOWN,0.375342596687955,0.1769421165849707,0.3232743269295029,0.4997835564855263,expanding_prior_auc_min60,0.2376388895413444,DOWN,0.0,0.0,0.0,0.6629080121950053,1.0,-0.224104510888782,0.5299820885792207,0.0,-0.0271054922593587,-0.1329259236157846,0.375342596687955,False
2026-06-23,0.4933556356665058,0.4799256890955681,0.2549473604258889,0.3706398368057076,DOWN,0.2587203263885846,0.1766215229062691,0.3270734748919001,0.4963050022018307,expanding_prior_auc_min60,0.2549473604258889,DOWN,0.0,0.0,0.0,0.6610351036177068,1.0,-0.2024875431632513,0.5320770330738795,0.0,-0.0179104777870277,-0.1289580705438272,0.2587203263885846,False
2026-06-24,0.4699450848092095,0.4183045170518317,0.4210343121644105,0.4290700652379986,DOWN,0.1418598695240027,0.1825535441290749,0.3271607508915749,0.4902857049793502,expanding_prior_auc_min60,0.4210343121644105,DOWN,1.0,1.0,0.0,0.5936327586063276,1.0,-0.1580882397136412,0.5274882905839477,0.0,0.0367646440090221,-0.0661444680223798,0.1418598695240027,False
2026-06-25,0.6131455352509336,0.5011974351624318,0.4062781289413175,0.4755436355032559,DOWN,0.0489127289934882,0.1831282071650055,0.3306202981559807,0.4862514946790137,expanding_prior_auc_min60,0.4062781289413175,DOWN,0.0,1.0,0.0,0.6161121752709541,1.0,-0.1598532101287409,0.531995462251175,0.0,0.034591187109602,-0.084116713019779,0.0489127289934882,False
2026-06-26,0.5805029486959328,0.6165422212677548,0.5724755071310128,0.5886037689233115,UP,0.1772075378466229,0.1831593087422095,0.3326311351196913,0.4842095561380992,expanding_prior_auc_min60,0.5724755071310128,UP,1.0,1.0,0.0,0.4345786660447971,1.0,-0.0907543136860546,0.6156101193864723,1.0,0.1196823999315388,0.1810314533416751,0.1772075378466229,False
2026-06-29,0.5989167362845921,0.4992718233985782,0.4904523113335348,0.5129514009322191,UP,0.0259028018644382,0.1801940313000354,0.3349899169391943,0.4848160517607702,expanding_prior_auc_min60,0.4904523113335348,DOWN,1.0,1.0,0.0,0.4450702599284649,1.0,-0.1163174627341496,0.5850402513764007,1.0,0.0882028905901046,0.1399699914479358,0.0259028018644382,False
2026-06-30,0.462518098129336,0.5181090886427114,0.2800595931271883,0.3913619943409401,DOWN,0.2172760113181198,0.1795951776685086,0.3299050620573125,0.4904997602741788,expanding_prior_auc_min60,0.2800595931271883,DOWN,1.0,0.0,0.0,0.5786080455768103,1.0,-0.2035397751215003,0.5269736070752408,0.0,0.0275898340398101,-0.0516344385015695,0.2172760113181198,False
2026-07-01,0.5697338694685923,0.5642936658300219,0.2393909886501253,0.4066859282107518,DOWN,0.1866281435784964,0.1830526590600195,0.3287901403351955,0.4881572006047849,expanding_prior_auc_min60,0.2393909886501253,DOWN,0.0,0.0,0.0,0.6411068973622975,1.0,-0.2773555973291322,0.5398483316233663,0.0,-0.0151975299158554,-0.1012585657389312,0.1866281435784964,False
2026-07-02,0.54733332676725,0.5852712986952051,0.3525722946174786,0.4646833966218824,DOWN,0.070633206756235,0.1822234758448888,0.3292711546859102,0.488505369469201,expanding_prior_auc_min60,0.3525722946174786,DOWN,0.0,0.0,0.0,0.5704259750317596,1.0,-0.2700617700332186,0.5717708959742889,0.0,-0.0020576602072239,0.0013449209425292,0.070633206756235,False
2026-07-03,0.609174056553962,0.4823518970595382,0.285846133793583,0.4082543932637512,DOWN,0.1834912134724975,0.1787398904964061,0.3288283299563792,0.4924317795472147,expanding_prior_auc_min60,0.285846133793583,DOWN,0.0,0.0,0.0,0.5386846436274143,1.0,-0.2685567082780014,0.553382286257316,0.0,-0.0012886401557654,0.0146976426299016,0.1834912134724975,False
2026-07-06,0.5497245771093522,0.6100576928664492,0.3174302020864165,0.4560173907147397,DOWN,0.0879652185705206,0.1774987416907681,0.3326933812691248,0.489807877040107,expanding_prior_auc_min60,0.3174302020864165,DOWN,0.0,0.0,0.0,0.5179436570381976,1.0,-0.2676129248834425,0.5710531357404798,0.0,-0.0402580999558971,0.0531094787022822,0.0879652185705206,False
2026-07-07,0.630669597002033,0.6280460132940695,0.4252702887644143,0.5289003504976011,UP,0.0578007009952021,0.1739847257662186,0.3348217326032265,0.4911935416305549,expanding_prior_auc_min60,0.4252702887644143,DOWN,0.0,0.0,0.0,0.3950226992239873,1.0,-0.2368916319242681,0.6160968511993639,0.0,0.0,0.2210741519753765,0.0578007009952021,False
2026-07-08,0.5843192879539878,0.6349789374655576,0.5476537766728777,0.5830951009480813,UP,0.1661902018961625,0.173309296180669,0.3330867078507369,0.4936039959685941,expanding_prior_auc_min60,0.5476537766728777,UP,0.0,0.0,0.0,0.3905858145386713,1.0,-0.2358643072924605,0.6052958284291717,0.0,0.0013462368842818,0.2147100138905004,0.1661902018961625,False
2026-07-09,0.7038805518517596,0.7635711771454273,0.604327025003607,0.6741189312893388,UP,0.3482378625786775,0.1698511346849715,0.3320852042440205,0.4980636610710079,expanding_prior_auc_min60,0.604327025003607,UP,0.0,1.0,0.0,0.4292551930802379,1.0,-0.2283849890516732,0.6412840698439387,0.0,0.0111473589184265,0.2120288767637007,0.3482378625786775,False
2026-07-10,0.6659909302411624,0.6331094231699107,0.5848422164538842,0.6143851498722389,UP,0.2287702997444778,0.1680952284199129,0.3294622357547769,0.5024425358253101,expanding_prior_auc_min60,0.5848422164538842,UP,1.0,0.0,0.0,0.407302880092354,1.0,-0.2283849890516732,0.6147149804199312,0.0,0.0111473589184265,0.2074121003275772,0.2287702997444778,False
2026-07-13,0.5823089573688399,0.6634490913517392,0.5873918122671357,0.6117343858321416,UP,0.2234687716642831,0.161797268050791,0.3308686019842507,0.5073341299649583,expanding_prior_auc_min60,0.5873918122671357,UP,0.0,0.0,0.0,0.4033436986432781,1.0,-0.2300597208130127,0.6257501597835915,0.0,0.0089527403931932,0.2224064611403133,0.2234687716642831,False
2026-07-14,0.7313037010495809,0.7600014460093304,0.6825505784723522,0.7158984117244479,UP,0.4317968234488958,0.1675097423611571,0.3251249605158998,0.5073652971229431,expanding_prior_auc_min60,0.6825505784723522,UP,1.0,0.0,0.0,0.3416341867364156,1.0,-0.2090301472709127,0.692543984599601,0.0,0.0365105217278791,0.3509097978631853,0.4317968234488958,False
2026-07-15,0.5146040148261162,0.5417535153379338,0.4463706368882216,0.4878684916294719,DOWN,0.0242630167410562,0.164243368336902,0.3175724554349197,0.5181841762281784,expanding_prior_auc_min60,0.4463706368882216,DOWN,1.0,0.0,0.0,0.3890516816367215,1.0,-0.2338013374921497,0.5927578580548538,0.0,0.0040496141326702,0.2037061764181322,0.0242630167410562,False
2026-07-16,0.3297238708733829,0.5399312906698523,0.4336603076822869,0.4486683619554147,DOWN,0.1026632760891704,0.1691214659683046,0.3066306146578559,0.5242479193738394,expanding_prior_auc_min60,0.4336603076822869,DOWN,0.0,0.0,0.0,0.4428913230911038,1.0,-0.2368916319242681,0.6144848614506649,0.0,-0.0241999931275954,0.1715935383595611,0.1026632760891704,False
2026-07-17,0.4481311285016218,0.6315782753372008,0.7264522019751793,0.6511957993105281,UP,0.3023915986210561,0.1659172400580551,0.3064924087613678,0.527590351180577,expanding_prior_auc_min60,0.7264522019751793,UP,0.0,1.0,1.0,0.3042434318311647,1.0,-0.1178116016132482,0.8050415101957569,1.0,0.1280697227567515,0.5007980783645921,0.3023915986210561,False
2026-07-20,0.8008017778057344,0.6483616436813674,0.7836215994479669,0.7464005594190044,UP,0.4928011188380088,0.1702695134675054,0.2968084708566658,0.5329220156758289,expanding_prior_auc_min60,0.7836215994479669,UP,1.0,1.0,1.0,0.4228356227776655,1.0,-0.1147848426354155,0.8209983351878664,1.0,0.1319400923594567,0.3981627124102008,0.4928011188380088,False
2026-07-21,0.4253138531136214,0.5844365006102182,0.7872663227268575,0.667110110390288,UP,0.334220220780576,0.1714687410548289,0.2864109303260885,0.5421203286190825,expanding_prior_auc_min60,0.7872663227268575,UP,1.0,0.0,1.0,0.334828470419329,1.0,-0.1735585604350132,0.6700445700058418,1.0,0.0567851122386351,0.3352160995865128,0.334220220780576,False
2026-07-22,0.6124516553832173,0.7595625946146238,0.7650718864541727,0.73654657017869,UP,0.4730931403573799,0.1770432836491244,0.2731620431848237,0.5497946731660519,expanding_prior_auc_min60,0.7650718864541727,UP,1.0,0.0,0.0,0.3197937044381861,1.0,-0.1844827648575611,0.6801266228833641,0.0,0.0428161411245091,0.3603329184451779,0.4730931403573799,False
2026-07-23,0.5717157004022779,0.8372115605219129,0.8271395526105075,0.7851593315769868,UP,0.5703186631539736,0.1750604715953865,0.2714849923485283,0.5534545360560852,expanding_prior_auc_min60,0.8271395526105075,UP,0.0,0.0,0.0,0.1608234453306105,1.0,-0.1907613513622287,0.8603753725478969,0.0,0.0347876028320348,0.6995519272172863,0.5703186631539736,False
2026-07-24,0.715183035585313,0.9122479850115228,0.8476837986518524,0.8413566731804993,UP,0.6827133463609987,0.1782744758110456,0.2678633400962451,0.5538621840927093,expanding_prior_auc_min60,0.8476837986518524,UP,1.0,1.0,1.0,0.2218515954148438,1.0,-0.1528358459472656,0.8924305036346599,1.0,0.0832836094187265,0.6705789082198161,0.6827133463609987,False
2026-07-27,0.6355403867120727,0.8660275629245113,0.8211777558615472,0.8006051609509406,UP,0.6012103219018812,0.1767107487215077,0.2727218773832467,0.5505673738952455,expanding_prior_auc_min60,0.8211777558615472,UP,0.0,0.0,1.0,0.1729547129791457,1.0,-0.1538462019651263,0.8765151174194078,1.0,0.0819916495210018,0.7035604044402621,0.6012103219018812,False
2026-07-28,0.6178410215898087,0.7861543028625518,0.8783377715563719,0.8058237990554744,UP,0.6116475981109488,0.1813165668233862,0.2742530356747686,0.5444303975018452,expanding_prior_auc_min60,0.8783377715563719,UP,0.0,1.0,1.0,0.2922125479287403,1.0,-0.0725490585956815,0.921381274706934,1.0,0.1859477275530781,0.6291687267781936,0.6116475981109488,False
2026-07-29,0.6343583114315721,0.736836168462311,0.9152853775761516,0.8175481621724963,UP,0.6350963243449925,0.1763097770647952,0.2701442457471705,0.5535459771880343,expanding_prior_auc_min60,0.9152853775761516,UP,0.0,1.0,1.0,0.2822270331957572,0.0,-0.0052576769109269,0.9444835000068792,1.0,0.2719943933444833,0.662256466811122,0.6350963243449925,False
2026-07-30,0.8636390105255165,0.8601416682458327,0.9112350735438368,0.8897326072483771,UP,0.7794652144967542,0.1726696345083543,0.2599958137957312,0.5673345516959144,expanding_prior_auc_min60,0.9112350735438368,UP,1.0,1.0,1.0,0.2778085635247511,0.0,0.1328401154544103,0.9555301948826276,1.0,0.2787174766973135,0.6777216313578766,0.7794652144967542,False
2026-07-31,0.3600847770562875,0.7340473481753805,0.7114597976767991,0.6574473472382247,UP,0.3148946944764494,0.1697889384655962,0.2500112314641632,0.5801998300702406,expanding_prior_auc_min60,0.7114597976767991,UP,0.0,0.0,1.0,0.3125658271889604,0.0,-0.04599404160148,0.6834249475153272,1.0,0.0771512882866269,0.3708591203263668,0.3148946944764494,False
2026-08-03,0.6056256254895704,0.7473225215374193,0.7285698527897804,0.7119395826495216,UP,0.4238791652990432,0.1735890089415771,0.2512440493284874,0.5751669417299355,expanding_prior_auc_min60,0.7285698527897804,UP,,,,,,,,,,,0.4238791652990432,True
2026-08-04,0.6782056818396243,0.926326011618334,0.7332378037849793,0.7693423584484667,UP,0.5386847168969333,0.1787783047410838,0.2379384253793158,0.5832832698796003,expanding_prior_auc_min60,0.7332378037849793,UP,,,,,,,,,,,0.5386847168969333,True
2026-08-05,0.543744961627567,0.7455555314303364,0.6166532642698876,0.635210400597009,UP,0.2704208011940179,0.1748477810020769,0.242858344933473,0.58229387406445,expanding_prior_auc_min60,0.6166532642698876,UP,,,,,,,,,,,0.2704208011940179,True
2026-08-06,0.6850465906171576,0.802727472311382,0.6656439835141545,0.702880754768995,UP,0.40576150953799,0.1792793445033583,0.2462607631885763,0.5744598923080654,expanding_prior_auc_min60,0.6656439835141545,UP,,,,,,,,,,,0.40576150953799,True
2026-08-07,0.4922461371805781,0.7738609750122412,0.7739624716163905,0.7235804474926517,UP,0.4471608949853034,0.1787483693418796,0.2530993680130599,0.5681522626450605,expanding_prior_auc_min60,0.7739624716163905,UP,,,,,,,,,,,0.4471608949853034,True
2026-08-10,0.3530847900077398,0.5848467765197558,0.7000808838353565,0.6102671468976906,UP,0.2205342937953811,0.1760539075356239,0.2492640363937391,0.5746820560706368,expanding_prior_auc_min60,0.7000808838353565,UP,,,,,,,,,,,0.2205342937953811,True
2026-08-11,0.4667413547557033,0.5519327035494265,0.7620862821009943,0.6566652428671997,UP,0.3133304857343995,0.1755790571250803,0.2548833844896398,0.5695375583852799,expanding_prior_auc_min60,0.7620862821009943,UP,,,,,,,,,,,0.3133304857343995,True
2026-08-12,0.6362085372477463,0.616982853818628,0.8273627218181321,0.7390020061200846,UP,0.4780040122401692,0.1722376010833667,0.2635079964530055,0.5642544024636278,expanding_prior_auc_min60,0.8273627218181321,UP,,,,,,,,,,,0.4780040122401692,True
2026-08-13,0.6520451260152016,0.6473329727172252,0.8128243304024256,0.7411917129570891,UP,0.4823834259141781,0.1701545785355092,0.267538440102564,0.5623069813619268,expanding_prior_auc_min60,0.8128243304024256,UP,,,,,,,,,,,0.4823834259141781,True
2026-08-14,0.5394924792535905,0.6088091963818688,0.8346408879273176,0.7225425739848524,UP,0.4450851479697049,0.1730267401136738,0.270244386526368,0.5567288733599581,expanding_prior_auc_min60,0.8346408879273176,UP,,,,,,,,,,,0.4450851479697049,True
2026-08-17,0.5871158442218172,0.6145880106068707,0.8556366617977117,0.7444906618254865,UP,0.488981323650973,0.1671429300512593,0.2749015330119729,0.5579555369367678,expanding_prior_auc_min60,0.8556366617977117,UP,,,,,,,,,,,0.488981323650973,True
2026-08-18,0.5903835328391133,0.6435934829052985,0.8468642331637751,0.748195588061134,UP,0.4963911761222679,0.1663757605066284,0.2754772807186891,0.5581469587746826,expanding_prior_auc_min60,0.8468642331637751,UP,,,,,,,,,,,0.4963911761222679,True
2026-08-19,0.5562573558376535,0.741727595427082,0.8775713672438952,0.7877242891324046,UP,0.5754485782648091,0.1640182833766033,0.2734443032535926,0.5625374133698041,expanding_prior_auc_min60,0.8775713672438952,UP,,,,,,,,,,,0.5754485782648091,True
2026-08-20,0.6239075139938329,0.6485472168744052,0.9039012298894296,0.788067414254441,UP,0.5761348285088821,0.1643322562967407,0.2734314441686427,0.5622362995346166,expanding_prior_auc_min60,0.9039012298894296,UP,,,,,,,,,,,0.5761348285088821,True
2026-08-21,0.3075473005810031,0.3782180075802142,0.8796000114903769,0.6470456894018156,UP,0.2940913788036312,0.1681876867235864,0.2719325761464443,0.5598797371299692,expanding_prior_auc_min60,0.8796000114903769,UP,,,,,,,,,,,0.2940913788036312,True
2026-08-24,0.6373895481880497,0.5887665184935911,0.9015192076155534,0.772804503775261,UP,0.545609007550522,0.1717863525636788,0.2664751925149869,0.5617384549213341,expanding_prior_auc_min60,0.9015192076155534,UP,,,,,,,,,,,0.545609007550522,True
2026-08-25,0.5095202783780748,0.5790882972260091,0.8812624194467651,0.7367300215478494,UP,0.4734600430956988,0.1771516939167003,0.2603718919745799,0.5624764141087197,expanding_prior_auc_min60,0.8812624194467651,UP,,,,,,,,,,,0.4734600430956988,True
2026-08-26,0.459819525109606,0.4400372196452516,0.8272286481563325,0.6624679248538663,UP,0.3249358497077326,0.1813299159293448,0.2534623720522788,0.5652077120183764,expanding_prior_auc_min60,0.8272286481563325,UP,,,,,,,,,,,0.3249358497077326,True
2026-08-27,0.4828359033473478,0.577680217692741,0.83561486976711,0.7064382089427492,UP,0.4128764178854984,0.1789966916840273,0.2559965960699014,0.5650067122460712,expanding_prior_auc_min60,0.83561486976711,UP,,,,,,,,,,,0.4128764178854984,True
2026-08-28,0.4828,0.3782,0.7115,0.6574,UP,0.3149,0.1757409197743267,0.257913334318425,0.5663457459072483,expanding_prior_auc_min60,0.7115,UP,,,,,,,,,,,0.3149,True
